2025-09-17 11:30:20,188 [Worker-4: Loading available Gradle versions] INFO  o.e.b.c.i.u.g.PublishedGradleVersions - Gradle version information cache is up-to-date. Trying to read.
2025-09-17 13:27:42,944 [Worker-25: Creating project "di_01"] INFO  o.e.m.c.i.l.LifecycleMappingFactory - Using org.eclipse.m2e.jdt.JarLifecycleMapping lifecycle mapping for MavenProject: com.di_project.ex:di_01:0.0.1-SNAPSHOT @ D:\Spring\springWorkspace\di_01\pom.xml.
2025-09-17 13:27:43,357 [Worker-25: Creating project "di_01"] INFO  o.e.m.j.i.AbstractJavaProjectConfigurator - Adding source folder /di_01/src/main/java
2025-09-17 13:27:43,358 [Worker-25: Creating project "di_01"] INFO  o.e.m.j.i.AbstractJavaProjectConfigurator - Adding resource folder /di_01/src/main/resources
2025-09-17 13:27:43,359 [Worker-25: Creating project "di_01"] INFO  o.e.m.j.i.AbstractJavaProjectConfigurator - Adding source folder /di_01/src/test/java
2025-09-17 13:27:43,360 [Worker-25: Creating project "di_01"] INFO  o.e.m.j.i.AbstractJavaProjectConfigurator - Adding resource folder /di_01/src/test/resources
2025-09-17 13:27:44,213 [Worker-27: Building] WARN  o.e.m.c.i.embedder.EclipseLogger - Using platform encoding (MS949 actually) to copy filtered resources, i.e. build is platform dependent!
2025-09-17 13:27:44,217 [Worker-27: Building] INFO  o.e.m.c.i.embedder.EclipseLogger - Copying 0 resource
2025-09-17 13:27:44,218 [Worker-27: Building] WARN  o.e.m.c.i.embedder.EclipseLogger - Using platform encoding (MS949 actually) to copy filtered resources, i.e. build is platform dependent!
2025-09-17 13:27:44,218 [Worker-27: Building] INFO  o.e.m.c.i.embedder.EclipseLogger - Copying 0 resource
2025-09-17 13:28:22,674 [Worker-28: Building] WARN  o.e.m.c.i.embedder.EclipseLogger - Using platform encoding (MS949 actually) to copy filtered resources, i.e. build is platform dependent!
2025-09-17 13:28:22,678 [Worker-28: Building] INFO  o.e.m.c.i.embedder.EclipseLogger - Copying 0 resource
2025-09-17 13:28:22,678 [Worker-28: Building] WARN  o.e.m.c.i.embedder.EclipseLogger - Using platform encoding (MS949 actually) to copy filtered resources, i.e. build is platform dependent!
2025-09-17 13:28:22,679 [Worker-28: Building] INFO  o.e.m.c.i.embedder.EclipseLogger - Copying 0 resource
2025-09-17 13:30:08,284 [Worker-25: Building] WARN  o.e.m.c.i.embedder.EclipseLogger - Using platform encoding (MS949 actually) to copy filtered resources, i.e. build is platform dependent!
2025-09-17 13:30:08,285 [Worker-25: Building] INFO  o.e.m.c.i.embedder.EclipseLogger - Copying 0 resource
2025-09-17 13:30:08,287 [Worker-25: Building] WARN  o.e.m.c.i.embedder.EclipseLogger - Using platform encoding (MS949 actually) to copy filtered resources, i.e. build is platform dependent!
2025-09-17 13:30:08,288 [Worker-25: Building] INFO  o.e.m.c.i.embedder.EclipseLogger - Copying 0 resource
2025-09-17 13:30:35,300 [Worker-31: Building] WARN  o.e.m.c.i.embedder.EclipseLogger - Using platform encoding (MS949 actually) to copy filtered resources, i.e. build is platform dependent!
2025-09-17 13:30:35,301 [Worker-31: Building] INFO  o.e.m.c.i.embedder.EclipseLogger - Copying 0 resource
2025-09-17 13:30:35,302 [Worker-31: Building] WARN  o.e.m.c.i.embedder.EclipseLogger - Using platform encoding (MS949 actually) to copy filtered resources, i.e. build is platform dependent!
2025-09-17 13:30:35,302 [Worker-31: Building] INFO  o.e.m.c.i.embedder.EclipseLogger - Copying 0 resource
2025-09-17 13:30:36,315 [Worker-31: Building] WARN  o.e.m.c.i.embedder.EclipseLogger - Using platform encoding (MS949 actually) to copy filtered resources, i.e. build is platform dependent!
2025-09-17 13:30:36,317 [Worker-31: Building] INFO  o.e.m.c.i.embedder.EclipseLogger - Copying 0 resource
2025-09-17 13:30:36,318 [Worker-31: Building] WARN  o.e.m.c.i.embedder.EclipseLogger - Using platform encoding (MS949 actually) to copy filtered resources, i.e. build is platform dependent!
2025-09-17 13:30:36,318 [Worker-31: Building] INFO  o.e.m.c.i.embedder.EclipseLogger - Copying 0 resource
2025-09-17 13:30:54,656 [Worker-27: Building] WARN  o.e.m.c.i.embedder.EclipseLogger - Using platform encoding (MS949 actually) to copy filtered resources, i.e. build is platform dependent!
2025-09-17 13:30:54,658 [Worker-27: Building] INFO  o.e.m.c.i.embedder.EclipseLogger - Copying 0 resource
2025-09-17 13:30:54,659 [Worker-27: Building] WARN  o.e.m.c.i.embedder.EclipseLogger - Using platform encoding (MS949 actually) to copy filtered resources, i.e. build is platform dependent!
2025-09-17 13:30:54,660 [Worker-27: Building] INFO  o.e.m.c.i.embedder.EclipseLogger - Copying 0 resource
2025-09-17 13:31:04,340 [Worker-27: Building] WARN  o.e.m.c.i.embedder.EclipseLogger - Using platform encoding (MS949 actually) to copy filtered resources, i.e. build is platform dependent!
2025-09-17 13:31:04,341 [Worker-27: Building] INFO  o.e.m.c.i.embedder.EclipseLogger - Copying 0 resource
2025-09-17 13:31:04,342 [Worker-27: Building] WARN  o.e.m.c.i.embedder.EclipseLogger - Using platform encoding (MS949 actually) to copy filtered resources, i.e. build is platform dependent!
2025-09-17 13:31:04,343 [Worker-27: Building] INFO  o.e.m.c.i.embedder.EclipseLogger - Copying 0 resource
2025-09-17 13:35:44,496 [Worker-27: Building] WARN  o.e.m.c.i.embedder.EclipseLogger - Using platform encoding (MS949 actually) to copy filtered resources, i.e. build is platform dependent!
2025-09-17 13:35:44,497 [Worker-27: Building] INFO  o.e.m.c.i.embedder.EclipseLogger - Copying 0 resource
2025-09-17 13:35:44,500 [Worker-27: Building] WARN  o.e.m.c.i.embedder.EclipseLogger - Using platform encoding (MS949 actually) to copy filtered resources, i.e. build is platform dependent!
2025-09-17 13:35:44,500 [Worker-27: Building] INFO  o.e.m.c.i.embedder.EclipseLogger - Copying 0 resource
2025-09-17 13:36:23,596 [Worker-33: Building] WARN  o.e.m.c.i.embedder.EclipseLogger - Using platform encoding (MS949 actually) to copy filtered resources, i.e. build is platform dependent!
2025-09-17 13:36:23,596 [Worker-33: Building] INFO  o.e.m.c.i.embedder.EclipseLogger - Copying 0 resource
2025-09-17 13:36:23,597 [Worker-33: Building] WARN  o.e.m.c.i.embedder.EclipseLogger - Using platform encoding (MS949 actually) to copy filtered resources, i.e. build is platform dependent!
2025-09-17 13:36:23,598 [Worker-33: Building] INFO  o.e.m.c.i.embedder.EclipseLogger - Copying 0 resource
2025-09-17 13:38:28,960 [Worker-37: Building] WARN  o.e.m.c.i.embedder.EclipseLogger - Using platform encoding (MS949 actually) to copy filtered resources, i.e. build is platform dependent!
2025-09-17 13:38:28,961 [Worker-37: Building] INFO  o.e.m.c.i.embedder.EclipseLogger - Copying 0 resource
2025-09-17 13:38:28,961 [Worker-37: Building] WARN  o.e.m.c.i.embedder.EclipseLogger - Using platform encoding (MS949 actually) to copy filtered resources, i.e. build is platform dependent!
2025-09-17 13:38:28,961 [Worker-37: Building] INFO  o.e.m.c.i.embedder.EclipseLogger - Copying 0 resource
2025-09-17 13:38:32,061 [Worker-36: Building] WARN  o.e.m.c.i.embedder.EclipseLogger - Using platform encoding (MS949 actually) to copy filtered resources, i.e. build is platform dependent!
2025-09-17 13:38:32,063 [Worker-36: Building] INFO  o.e.m.c.i.embedder.EclipseLogger - Copying 0 resource
2025-09-17 13:38:32,064 [Worker-36: Building] WARN  o.e.m.c.i.embedder.EclipseLogger - Using platform encoding (MS949 actually) to copy filtered resources, i.e. build is platform dependent!
2025-09-17 13:38:32,065 [Worker-36: Building] INFO  o.e.m.c.i.embedder.EclipseLogger - Copying 0 resource
2025-09-17 13:42:47,011 [Worker-27: Building] WARN  o.e.m.c.i.embedder.EclipseLogger - Using platform encoding (MS949 actually) to copy filtered resources, i.e. build is platform dependent!
2025-09-17 13:42:47,011 [Worker-27: Building] INFO  o.e.m.c.i.embedder.EclipseLogger - Copying 0 resource
2025-09-17 13:42:47,012 [Worker-27: Building] WARN  o.e.m.c.i.embedder.EclipseLogger - Using platform encoding (MS949 actually) to copy filtered resources, i.e. build is platform dependent!
2025-09-17 13:42:47,012 [Worker-27: Building] INFO  o.e.m.c.i.embedder.EclipseLogger - Copying 0 resource
2025-09-17 13:50:13,764 [Worker-44: Building] WARN  o.e.m.c.i.embedder.EclipseLogger - Using platform encoding (MS949 actually) to copy filtered resources, i.e. build is platform dependent!
2025-09-17 13:50:13,765 [Worker-44: Building] INFO  o.e.m.c.i.embedder.EclipseLogger - Copying 0 resource
2025-09-17 13:50:13,765 [Worker-44: Building] WARN  o.e.m.c.i.embedder.EclipseLogger - Using platform encoding (MS949 actually) to copy filtered resources, i.e. build is platform dependent!
2025-09-17 13:50:13,767 [Worker-44: Building] INFO  o.e.m.c.i.embedder.EclipseLogger - Copying 0 resource
2025-09-17 14:02:17,701 [Worker-42: Building] WARN  o.e.m.c.i.embedder.EclipseLogger - Using platform encoding (MS949 actually) to copy filtered resources, i.e. build is platform dependent!
2025-09-17 14:02:17,702 [Worker-42: Building] INFO  o.e.m.c.i.embedder.EclipseLogger - Copying 0 resource
2025-09-17 14:02:17,702 [Worker-42: Building] WARN  o.e.m.c.i.embedder.EclipseLogger - Using platform encoding (MS949 actually) to copy filtered resources, i.e. build is platform dependent!
2025-09-17 14:02:17,702 [Worker-42: Building] INFO  o.e.m.c.i.embedder.EclipseLogger - Copying 0 resource
2025-09-17 14:02:40,269 [Worker-42: Building] WARN  o.e.m.c.i.embedder.EclipseLogger - Using platform encoding (MS949 actually) to copy filtered resources, i.e. build is platform dependent!
2025-09-17 14:02:40,270 [Worker-42: Building] INFO  o.e.m.c.i.embedder.EclipseLogger - Copying 0 resource
2025-09-17 14:02:40,271 [Worker-42: Building] WARN  o.e.m.c.i.embedder.EclipseLogger - Using platform encoding (MS949 actually) to copy filtered resources, i.e. build is platform dependent!
2025-09-17 14:02:40,271 [Worker-42: Building] INFO  o.e.m.c.i.embedder.EclipseLogger - Copying 0 resource
2025-09-17 14:07:25,186 [Worker-47: Building Workspace] WARN  o.e.m.c.i.embedder.EclipseLogger - Using platform encoding (MS949 actually) to copy filtered resources, i.e. build is platform dependent!
2025-09-17 14:07:25,187 [Worker-47: Building Workspace] INFO  o.e.m.c.i.embedder.EclipseLogger - Copying 0 resource
2025-09-17 14:07:25,188 [Worker-47: Building Workspace] WARN  o.e.m.c.i.embedder.EclipseLogger - Using platform encoding (MS949 actually) to copy filtered resources, i.e. build is platform dependent!
2025-09-17 14:07:25,189 [Worker-47: Building Workspace] INFO  o.e.m.c.i.embedder.EclipseLogger - Copying 0 resource
2025-09-17 14:13:17,657 [Worker-50: Building] WARN  o.e.m.c.i.embedder.EclipseLogger - Using platform encoding (MS949 actually) to copy filtered resources, i.e. build is platform dependent!
2025-09-17 14:13:17,658 [Worker-50: Building] INFO  o.e.m.c.i.embedder.EclipseLogger - Copying 0 resource
2025-09-17 14:13:17,660 [Worker-50: Building] WARN  o.e.m.c.i.embedder.EclipseLogger - Using platform encoding (MS949 actually) to copy filtered resources, i.e. build is platform dependent!
2025-09-17 14:13:17,661 [Worker-50: Building] INFO  o.e.m.c.i.embedder.EclipseLogger - Copying 0 resource
2025-09-17 14:13:31,674 [Worker-52: Building] WARN  o.e.m.c.i.embedder.EclipseLogger - Using platform encoding (MS949 actually) to copy filtered resources, i.e. build is platform dependent!
2025-09-17 14:13:31,675 [Worker-52: Building] INFO  o.e.m.c.i.embedder.EclipseLogger - Copying 0 resource
2025-09-17 14:13:31,676 [Worker-52: Building] WARN  o.e.m.c.i.embedder.EclipseLogger - Using platform encoding (MS949 actually) to copy filtered resources, i.e. build is platform dependent!
2025-09-17 14:13:31,676 [Worker-52: Building] INFO  o.e.m.c.i.embedder.EclipseLogger - Copying 0 resource
2025-09-17 14:13:52,137 [Worker-52: Building] WARN  o.e.m.c.i.embedder.EclipseLogger - Using platform encoding (MS949 actually) to copy filtered resources, i.e. build is platform dependent!
2025-09-17 14:13:52,138 [Worker-52: Building] INFO  o.e.m.c.i.embedder.EclipseLogger - Copying 0 resource
2025-09-17 14:13:52,139 [Worker-52: Building] WARN  o.e.m.c.i.embedder.EclipseLogger - Using platform encoding (MS949 actually) to copy filtered resources, i.e. build is platform dependent!
2025-09-17 14:13:52,140 [Worker-52: Building] INFO  o.e.m.c.i.embedder.EclipseLogger - Copying 0 resource
2025-09-17 14:14:14,691 [Worker-48: Building] WARN  o.e.m.c.i.embedder.EclipseLogger - Using platform encoding (MS949 actually) to copy filtered resources, i.e. build is platform dependent!
2025-09-17 14:14:14,692 [Worker-48: Building] INFO  o.e.m.c.i.embedder.EclipseLogger - Copying 0 resource
2025-09-17 14:14:14,693 [Worker-48: Building] WARN  o.e.m.c.i.embedder.EclipseLogger - Using platform encoding (MS949 actually) to copy filtered resources, i.e. build is platform dependent!
2025-09-17 14:14:14,693 [Worker-48: Building] INFO  o.e.m.c.i.embedder.EclipseLogger - Copying 0 resource
2025-09-17 14:14:24,832 [Worker-53: Building] WARN  o.e.m.c.i.embedder.EclipseLogger - Using platform encoding (MS949 actually) to copy filtered resources, i.e. build is platform dependent!
2025-09-17 14:14:24,833 [Worker-53: Building] INFO  o.e.m.c.i.embedder.EclipseLogger - Copying 0 resource
2025-09-17 14:14:24,835 [Worker-53: Building] WARN  o.e.m.c.i.embedder.EclipseLogger - Using platform encoding (MS949 actually) to copy filtered resources, i.e. build is platform dependent!
2025-09-17 14:14:24,836 [Worker-53: Building] INFO  o.e.m.c.i.embedder.EclipseLogger - Copying 0 resource
2025-09-17 14:15:52,757 [Worker-53: Building] WARN  o.e.m.c.i.embedder.EclipseLogger - Using platform encoding (MS949 actually) to copy filtered resources, i.e. build is platform dependent!
2025-09-17 14:15:52,758 [Worker-53: Building] INFO  o.e.m.c.i.embedder.EclipseLogger - Copying 0 resource
2025-09-17 14:15:52,759 [Worker-53: Building] WARN  o.e.m.c.i.embedder.EclipseLogger - Using platform encoding (MS949 actually) to copy filtered resources, i.e. build is platform dependent!
2025-09-17 14:15:52,759 [Worker-53: Building] INFO  o.e.m.c.i.embedder.EclipseLogger - Copying 0 resource
2025-09-17 14:17:39,137 [Worker-50: Building] WARN  o.e.m.c.i.embedder.EclipseLogger - Using platform encoding (MS949 actually) to copy filtered resources, i.e. build is platform dependent!
2025-09-17 14:17:39,138 [Worker-50: Building] INFO  o.e.m.c.i.embedder.EclipseLogger - Copying 0 resource
2025-09-17 14:17:39,139 [Worker-50: Building] WARN  o.e.m.c.i.embedder.EclipseLogger - Using platform encoding (MS949 actually) to copy filtered resources, i.e. build is platform dependent!
2025-09-17 14:17:39,139 [Worker-50: Building] INFO  o.e.m.c.i.embedder.EclipseLogger - Copying 0 resource
2025-09-17 14:17:58,146 [Worker-52: Building] WARN  o.e.m.c.i.embedder.EclipseLogger - Using platform encoding (MS949 actually) to copy filtered resources, i.e. build is platform dependent!
2025-09-17 14:17:58,146 [Worker-52: Building] INFO  o.e.m.c.i.embedder.EclipseLogger - Copying 0 resource
2025-09-17 14:17:58,147 [Worker-52: Building] WARN  o.e.m.c.i.embedder.EclipseLogger - Using platform encoding (MS949 actually) to copy filtered resources, i.e. build is platform dependent!
2025-09-17 14:17:58,147 [Worker-52: Building] INFO  o.e.m.c.i.embedder.EclipseLogger - Copying 0 resource
2025-09-17 14:32:12,265 [Worker-56: Building] WARN  o.e.m.c.i.embedder.EclipseLogger - Using platform encoding (MS949 actually) to copy filtered resources, i.e. build is platform dependent!
2025-09-17 14:32:12,266 [Worker-56: Building] INFO  o.e.m.c.i.embedder.EclipseLogger - Copying 0 resource
2025-09-17 14:32:12,267 [Worker-56: Building] WARN  o.e.m.c.i.embedder.EclipseLogger - Using platform encoding (MS949 actually) to copy filtered resources, i.e. build is platform dependent!
2025-09-17 14:32:12,267 [Worker-56: Building] INFO  o.e.m.c.i.embedder.EclipseLogger - Copying 0 resource
2025-09-17 14:33:02,627 [Worker-56: Building] WARN  o.e.m.c.i.embedder.EclipseLogger - Using platform encoding (MS949 actually) to copy filtered resources, i.e. build is platform dependent!
2025-09-17 14:33:02,627 [Worker-56: Building] INFO  o.e.m.c.i.embedder.EclipseLogger - Copying 0 resource
2025-09-17 14:33:02,629 [Worker-56: Building] WARN  o.e.m.c.i.embedder.EclipseLogger - Using platform encoding (MS949 actually) to copy filtered resources, i.e. build is platform dependent!
2025-09-17 14:33:02,629 [Worker-56: Building] INFO  o.e.m.c.i.embedder.EclipseLogger - Copying 0 resource
2025-09-17 14:36:24,517 [Worker-50: Building] WARN  o.e.m.c.i.embedder.EclipseLogger - Using platform encoding (MS949 actually) to copy filtered resources, i.e. build is platform dependent!
2025-09-17 14:36:24,519 [Worker-50: Building] INFO  o.e.m.c.i.embedder.EclipseLogger - Copying 1 resource
2025-09-17 14:36:24,525 [Worker-50: Building] WARN  o.e.m.c.i.embedder.EclipseLogger - Using platform encoding (MS949 actually) to copy filtered resources, i.e. build is platform dependent!
2025-09-17 14:36:24,527 [Worker-50: Building] INFO  o.e.m.c.i.embedder.EclipseLogger - Copying 0 resource
2025-09-17 14:36:25,536 [Worker-59: Building] WARN  o.e.m.c.i.embedder.EclipseLogger - Using platform encoding (MS949 actually) to copy filtered resources, i.e. build is platform dependent!
2025-09-17 14:36:25,536 [Worker-59: Building] INFO  o.e.m.c.i.embedder.EclipseLogger - Copying 0 resource
2025-09-17 14:36:25,537 [Worker-59: Building] WARN  o.e.m.c.i.embedder.EclipseLogger - Using platform encoding (MS949 actually) to copy filtered resources, i.e. build is platform dependent!
2025-09-17 14:36:25,537 [Worker-59: Building] INFO  o.e.m.c.i.embedder.EclipseLogger - Copying 0 resource
2025-09-17 14:44:57,808 [Worker-61: Building] WARN  o.e.m.c.i.embedder.EclipseLogger - Using platform encoding (MS949 actually) to copy filtered resources, i.e. build is platform dependent!
2025-09-17 14:44:57,809 [Worker-61: Building] INFO  o.e.m.c.i.embedder.EclipseLogger - Copying 1 resource
2025-09-17 14:44:57,810 [Worker-61: Building] WARN  o.e.m.c.i.embedder.EclipseLogger - Using platform encoding (MS949 actually) to copy filtered resources, i.e. build is platform dependent!
2025-09-17 14:44:57,811 [Worker-61: Building] INFO  o.e.m.c.i.embedder.EclipseLogger - Copying 0 resource
2025-09-17 14:45:00,047 [Worker-59: Building] WARN  o.e.m.c.i.embedder.EclipseLogger - Using platform encoding (MS949 actually) to copy filtered resources, i.e. build is platform dependent!
2025-09-17 14:45:00,047 [Worker-59: Building] INFO  o.e.m.c.i.embedder.EclipseLogger - Copying 1 resource
2025-09-17 14:45:00,050 [Worker-59: Building] WARN  o.e.m.c.i.embedder.EclipseLogger - Using platform encoding (MS949 actually) to copy filtered resources, i.e. build is platform dependent!
2025-09-17 14:45:00,050 [Worker-59: Building] INFO  o.e.m.c.i.embedder.EclipseLogger - Copying 0 resource
2025-09-17 14:45:08,607 [Worker-61: Building] WARN  o.e.m.c.i.embedder.EclipseLogger - Using platform encoding (MS949 actually) to copy filtered resources, i.e. build is platform dependent!
2025-09-17 14:45:08,607 [Worker-61: Building] INFO  o.e.m.c.i.embedder.EclipseLogger - Copying 1 resource
2025-09-17 14:45:08,609 [Worker-61: Building] WARN  o.e.m.c.i.embedder.EclipseLogger - Using platform encoding (MS949 actually) to copy filtered resources, i.e. build is platform dependent!
2025-09-17 14:45:08,609 [Worker-61: Building] INFO  o.e.m.c.i.embedder.EclipseLogger - Copying 0 resource
2025-09-17 14:45:49,420 [Worker-59: Building] WARN  o.e.m.c.i.embedder.EclipseLogger - Using platform encoding (MS949 actually) to copy filtered resources, i.e. build is platform dependent!
2025-09-17 14:45:49,420 [Worker-59: Building] INFO  o.e.m.c.i.embedder.EclipseLogger - Copying 1 resource
2025-09-17 14:45:49,422 [Worker-59: Building] WARN  o.e.m.c.i.embedder.EclipseLogger - Using platform encoding (MS949 actually) to copy filtered resources, i.e. build is platform dependent!
2025-09-17 14:45:49,422 [Worker-59: Building] INFO  o.e.m.c.i.embedder.EclipseLogger - Copying 0 resource
2025-09-17 14:46:03,082 [Worker-63: Building] WARN  o.e.m.c.i.embedder.EclipseLogger - Using platform encoding (MS949 actually) to copy filtered resources, i.e. build is platform dependent!
2025-09-17 14:46:03,083 [Worker-63: Building] INFO  o.e.m.c.i.embedder.EclipseLogger - Copying 1 resource
2025-09-17 14:46:03,084 [Worker-63: Building] WARN  o.e.m.c.i.embedder.EclipseLogger - Using platform encoding (MS949 actually) to copy filtered resources, i.e. build is platform dependent!
2025-09-17 14:46:03,084 [Worker-63: Building] INFO  o.e.m.c.i.embedder.EclipseLogger - Copying 0 resource
2025-09-17 15:08:59,472 [Worker-67: Building] INFO  o.e.m.c.i.l.LifecycleMappingFactory - Using org.eclipse.m2e.jdt.JarLifecycleMapping lifecycle mapping for MavenProject: com.di_project.ex:di_01:0.0.1-SNAPSHOT @ D:\Spring\springWorkspace\di_01\pom.xml.
2025-09-17 15:08:59,652 [Worker-67: Building] INFO  o.e.m.c.i.e.AbstractTransferListenerAdapter - Downloading https://repo.maven.apache.org/maven2/org/springframework/spring-context/5.2.25.RELEASE/spring-context-5.2.25.RELEASE.pom
2025-09-17 15:08:59,692 [Worker-67: Building] INFO  o.e.m.c.i.e.AbstractTransferListenerAdapter - Downloaded https://repo.maven.apache.org/maven2/org/springframework/spring-context/5.2.25.RELEASE/spring-context-5.2.25.RELEASE.pom
2025-09-17 15:08:59,710 [Worker-67: Building] INFO  o.e.m.c.i.e.AbstractTransferListenerAdapter - Downloading https://repo.maven.apache.org/maven2/org/springframework/spring-aop/5.2.25.RELEASE/spring-aop-5.2.25.RELEASE.pom
2025-09-17 15:08:59,750 [Worker-67: Building] INFO  o.e.m.c.i.e.AbstractTransferListenerAdapter - Downloaded https://repo.maven.apache.org/maven2/org/springframework/spring-aop/5.2.25.RELEASE/spring-aop-5.2.25.RELEASE.pom
2025-09-17 15:08:59,769 [Worker-67: Building] INFO  o.e.m.c.i.e.AbstractTransferListenerAdapter - Downloading https://repo.maven.apache.org/maven2/org/springframework/spring-beans/5.2.25.RELEASE/spring-beans-5.2.25.RELEASE.pom
2025-09-17 15:08:59,808 [Worker-67: Building] INFO  o.e.m.c.i.e.AbstractTransferListenerAdapter - Downloaded https://repo.maven.apache.org/maven2/org/springframework/spring-beans/5.2.25.RELEASE/spring-beans-5.2.25.RELEASE.pom
2025-09-17 15:08:59,825 [Worker-67: Building] INFO  o.e.m.c.i.e.AbstractTransferListenerAdapter - Downloading https://repo.maven.apache.org/maven2/org/springframework/spring-core/5.2.25.RELEASE/spring-core-5.2.25.RELEASE.pom
2025-09-17 15:08:59,866 [Worker-67: Building] INFO  o.e.m.c.i.e.AbstractTransferListenerAdapter - Downloaded https://repo.maven.apache.org/maven2/org/springframework/spring-core/5.2.25.RELEASE/spring-core-5.2.25.RELEASE.pom
2025-09-17 15:08:59,885 [Worker-67: Building] INFO  o.e.m.c.i.e.AbstractTransferListenerAdapter - Downloading https://repo.maven.apache.org/maven2/org/springframework/spring-jcl/5.2.25.RELEASE/spring-jcl-5.2.25.RELEASE.pom
2025-09-17 15:08:59,924 [Worker-67: Building] INFO  o.e.m.c.i.e.AbstractTransferListenerAdapter - Downloaded https://repo.maven.apache.org/maven2/org/springframework/spring-jcl/5.2.25.RELEASE/spring-jcl-5.2.25.RELEASE.pom
2025-09-17 15:08:59,943 [Worker-67: Building] INFO  o.e.m.c.i.e.AbstractTransferListenerAdapter - Downloading https://repo.maven.apache.org/maven2/org/springframework/spring-expression/5.2.25.RELEASE/spring-expression-5.2.25.RELEASE.pom
2025-09-17 15:08:59,980 [Worker-67: Building] INFO  o.e.m.c.i.e.AbstractTransferListenerAdapter - Downloaded https://repo.maven.apache.org/maven2/org/springframework/spring-expression/5.2.25.RELEASE/spring-expression-5.2.25.RELEASE.pom
2025-09-17 15:09:00,002 [AetherRepositoryConnector-repo.maven.apache.org-0-0] INFO  o.e.m.c.i.e.AbstractTransferListenerAdapter - Downloading https://repo.maven.apache.org/maven2/org/springframework/spring-context/5.2.25.RELEASE/spring-context-5.2.25.RELEASE.jar
2025-09-17 15:09:00,029 [AetherRepositoryConnector-repo.maven.apache.org-0-4] INFO  o.e.m.c.i.e.AbstractTransferListenerAdapter - Downloading https://repo.maven.apache.org/maven2/org/springframework/spring-jcl/5.2.25.RELEASE/spring-jcl-5.2.25.RELEASE.jar
2025-09-17 15:09:00,029 [AetherRepositoryConnector-repo.maven.apache.org-0-1] INFO  o.e.m.c.i.e.AbstractTransferListenerAdapter - Downloading https://repo.maven.apache.org/maven2/org/springframework/spring-aop/5.2.25.RELEASE/spring-aop-5.2.25.RELEASE.jar
2025-09-17 15:09:00,029 [AetherRepositoryConnector-repo.maven.apache.org-0-2] INFO  o.e.m.c.i.e.AbstractTransferListenerAdapter - Downloading https://repo.maven.apache.org/maven2/org/springframework/spring-beans/5.2.25.RELEASE/spring-beans-5.2.25.RELEASE.jar
2025-09-17 15:09:00,029 [AetherRepositoryConnector-repo.maven.apache.org-0-3] INFO  o.e.m.c.i.e.AbstractTransferListenerAdapter - Downloading https://repo.maven.apache.org/maven2/org/springframework/spring-core/5.2.25.RELEASE/spring-core-5.2.25.RELEASE.jar
2025-09-17 15:09:00,271 [AetherRepositoryConnector-repo.maven.apache.org-0-1] INFO  o.e.m.c.i.e.AbstractTransferListenerAdapter - Downloaded https://repo.maven.apache.org/maven2/org/springframework/spring-aop/5.2.25.RELEASE/spring-aop-5.2.25.RELEASE.jar
2025-09-17 15:09:00,287 [AetherRepositoryConnector-repo.maven.apache.org-0-4] INFO  o.e.m.c.i.e.AbstractTransferListenerAdapter - Downloaded https://repo.maven.apache.org/maven2/org/springframework/spring-jcl/5.2.25.RELEASE/spring-jcl-5.2.25.RELEASE.jar
2025-09-17 15:09:00,335 [AetherRepositoryConnector-repo.maven.apache.org-0-2] INFO  o.e.m.c.i.e.AbstractTransferListenerAdapter - Downloaded https://repo.maven.apache.org/maven2/org/springframework/spring-beans/5.2.25.RELEASE/spring-beans-5.2.25.RELEASE.jar
2025-09-17 15:09:00,336 [AetherRepositoryConnector-repo.maven.apache.org-0-1] INFO  o.e.m.c.i.e.AbstractTransferListenerAdapter - Downloading https://repo.maven.apache.org/maven2/org/springframework/spring-expression/5.2.25.RELEASE/spring-expression-5.2.25.RELEASE.jar
2025-09-17 15:09:00,374 [AetherRepositoryConnector-repo.maven.apache.org-0-0] INFO  o.e.m.c.i.e.AbstractTransferListenerAdapter - Downloaded https://repo.maven.apache.org/maven2/org/springframework/spring-context/5.2.25.RELEASE/spring-context-5.2.25.RELEASE.jar
2025-09-17 15:09:00,377 [AetherRepositoryConnector-repo.maven.apache.org-0-3] INFO  o.e.m.c.i.e.AbstractTransferListenerAdapter - Downloaded https://repo.maven.apache.org/maven2/org/springframework/spring-core/5.2.25.RELEASE/spring-core-5.2.25.RELEASE.jar
2025-09-17 15:09:00,402 [AetherRepositoryConnector-repo.maven.apache.org-0-1] INFO  o.e.m.c.i.e.AbstractTransferListenerAdapter - Downloaded https://repo.maven.apache.org/maven2/org/springframework/spring-expression/5.2.25.RELEASE/spring-expression-5.2.25.RELEASE.jar
2025-09-17 15:09:00,911 [Worker-67: Building] WARN  o.e.m.c.i.embedder.EclipseLogger - Using platform encoding (MS949 actually) to copy filtered resources, i.e. build is platform dependent!
2025-09-17 15:09:00,912 [Worker-67: Building] INFO  o.e.m.c.i.embedder.EclipseLogger - Copying 0 resource
2025-09-17 15:09:00,913 [Worker-67: Building] WARN  o.e.m.c.i.embedder.EclipseLogger - Using platform encoding (MS949 actually) to copy filtered resources, i.e. build is platform dependent!
2025-09-17 15:09:00,914 [Worker-67: Building] INFO  o.e.m.c.i.embedder.EclipseLogger - Copying 0 resource
2025-09-17 15:09:01,930 [Worker-69: Download sources and javadoc] INFO  o.e.m.c.i.e.AbstractTransferListenerAdapter - Downloading https://repo.maven.apache.org/maven2/org/springframework/spring-context/5.2.25.RELEASE/spring-context-5.2.25.RELEASE-sources.jar
2025-09-17 15:09:02,068 [Worker-69: Download sources and javadoc] INFO  o.e.m.c.i.e.AbstractTransferListenerAdapter - Downloaded https://repo.maven.apache.org/maven2/org/springframework/spring-context/5.2.25.RELEASE/spring-context-5.2.25.RELEASE-sources.jar
2025-09-17 15:09:02,168 [Worker-68: Building] WARN  o.e.m.c.i.embedder.EclipseLogger - Using platform encoding (MS949 actually) to copy filtered resources, i.e. build is platform dependent!
2025-09-17 15:09:02,169 [Worker-68: Building] INFO  o.e.m.c.i.embedder.EclipseLogger - Copying 1 resource
2025-09-17 15:09:02,173 [Worker-69: Download sources and javadoc] INFO  o.e.m.j.internal.DownloadSourcesJob - Downloaded sources for org.springframework:spring-context:5.2.25.RELEASE
2025-09-17 15:09:02,176 [Worker-68: Building] WARN  o.e.m.c.i.embedder.EclipseLogger - Using platform encoding (MS949 actually) to copy filtered resources, i.e. build is platform dependent!
2025-09-17 15:09:02,176 [Worker-68: Building] INFO  o.e.m.c.i.embedder.EclipseLogger - Copying 0 resource
2025-09-17 15:09:02,250 [Worker-69: Download sources and javadoc] INFO  o.e.m.c.i.e.AbstractTransferListenerAdapter - Downloading https://repo.maven.apache.org/maven2/org/springframework/spring-aop/5.2.25.RELEASE/spring-aop-5.2.25.RELEASE-sources.jar
2025-09-17 15:09:02,348 [Worker-69: Download sources and javadoc] INFO  o.e.m.c.i.e.AbstractTransferListenerAdapter - Downloaded https://repo.maven.apache.org/maven2/org/springframework/spring-aop/5.2.25.RELEASE/spring-aop-5.2.25.RELEASE-sources.jar
2025-09-17 15:09:02,410 [Worker-69: Download sources and javadoc] INFO  o.e.m.j.internal.DownloadSourcesJob - Downloaded sources for org.springframework:spring-aop:5.2.25.RELEASE
2025-09-17 15:09:02,507 [Worker-69: Download sources and javadoc] INFO  o.e.m.c.i.e.AbstractTransferListenerAdapter - Downloading https://repo.maven.apache.org/maven2/org/springframework/spring-beans/5.2.25.RELEASE/spring-beans-5.2.25.RELEASE-sources.jar
2025-09-17 15:09:02,625 [Worker-69: Download sources and javadoc] INFO  o.e.m.c.i.e.AbstractTransferListenerAdapter - Downloaded https://repo.maven.apache.org/maven2/org/springframework/spring-beans/5.2.25.RELEASE/spring-beans-5.2.25.RELEASE-sources.jar
2025-09-17 15:09:02,665 [Worker-69: Download sources and javadoc] INFO  o.e.m.j.internal.DownloadSourcesJob - Downloaded sources for org.springframework:spring-beans:5.2.25.RELEASE
2025-09-17 15:09:02,729 [Worker-69: Download sources and javadoc] INFO  o.e.m.c.i.e.AbstractTransferListenerAdapter - Downloading https://repo.maven.apache.org/maven2/org/springframework/spring-core/5.2.25.RELEASE/spring-core-5.2.25.RELEASE-sources.jar
2025-09-17 15:09:03,140 [Worker-69: Download sources and javadoc] INFO  o.e.m.c.i.e.AbstractTransferListenerAdapter - Downloaded https://repo.maven.apache.org/maven2/org/springframework/spring-core/5.2.25.RELEASE/spring-core-5.2.25.RELEASE-sources.jar
2025-09-17 15:09:03,180 [Worker-69: Download sources and javadoc] INFO  o.e.m.j.internal.DownloadSourcesJob - Downloaded sources for org.springframework:spring-core:5.2.25.RELEASE
2025-09-17 15:09:03,243 [Worker-69: Download sources and javadoc] INFO  o.e.m.c.i.e.AbstractTransferListenerAdapter - Downloading https://repo.maven.apache.org/maven2/org/springframework/spring-jcl/5.2.25.RELEASE/spring-jcl-5.2.25.RELEASE-sources.jar
2025-09-17 15:09:03,335 [Worker-69: Download sources and javadoc] INFO  o.e.m.c.i.e.AbstractTransferListenerAdapter - Downloaded https://repo.maven.apache.org/maven2/org/springframework/spring-jcl/5.2.25.RELEASE/spring-jcl-5.2.25.RELEASE-sources.jar
2025-09-17 15:09:03,435 [Worker-69: Download sources and javadoc] INFO  o.e.m.j.internal.DownloadSourcesJob - Downloaded sources for org.springframework:spring-jcl:5.2.25.RELEASE
2025-09-17 15:09:03,507 [Worker-69: Download sources and javadoc] INFO  o.e.m.c.i.e.AbstractTransferListenerAdapter - Downloading https://repo.maven.apache.org/maven2/org/springframework/spring-expression/5.2.25.RELEASE/spring-expression-5.2.25.RELEASE-sources.jar
2025-09-17 15:09:03,583 [Worker-69: Download sources and javadoc] INFO  o.e.m.c.i.e.AbstractTransferListenerAdapter - Downloaded https://repo.maven.apache.org/maven2/org/springframework/spring-expression/5.2.25.RELEASE/spring-expression-5.2.25.RELEASE-sources.jar
2025-09-17 15:09:03,623 [Worker-69: Download sources and javadoc] INFO  o.e.m.j.internal.DownloadSourcesJob - Downloaded sources for org.springframework:spring-expression:5.2.25.RELEASE
2025-09-17 15:09:04,257 [Worker-68: Building] WARN  o.e.m.c.i.embedder.EclipseLogger - Using platform encoding (MS949 actually) to copy filtered resources, i.e. build is platform dependent!
2025-09-17 15:09:04,258 [Worker-68: Building] INFO  o.e.m.c.i.embedder.EclipseLogger - Copying 0 resource
2025-09-17 15:09:04,259 [Worker-68: Building] WARN  o.e.m.c.i.embedder.EclipseLogger - Using platform encoding (MS949 actually) to copy filtered resources, i.e. build is platform dependent!
2025-09-17 15:09:04,259 [Worker-68: Building] INFO  o.e.m.c.i.embedder.EclipseLogger - Copying 0 resource
2025-09-17 15:09:58,481 [Worker-72: Updating Maven Project] INFO  o.e.m.c.i.p.ProjectConfigurationManager - Update started
2025-09-17 15:09:58,704 [Worker-72: Updating Maven Project] INFO  o.e.m.c.i.l.LifecycleMappingFactory - Using org.eclipse.m2e.jdt.JarLifecycleMapping lifecycle mapping for MavenProject: com.di_project.ex:di_01:0.0.1-SNAPSHOT @ D:\Spring\springWorkspace\di_01\pom.xml.
2025-09-17 15:09:58,852 [Worker-72: Updating Maven Project] INFO  o.e.m.j.i.AbstractJavaProjectConfigurator - Adding source folder /di_01/src/main/java
2025-09-17 15:09:58,852 [Worker-72: Updating Maven Project] INFO  o.e.m.j.i.AbstractJavaProjectConfigurator - Adding resource folder /di_01/src/main/resources
2025-09-17 15:09:58,852 [Worker-72: Updating Maven Project] INFO  o.e.m.j.i.AbstractJavaProjectConfigurator - Adding source folder /di_01/src/test/java
2025-09-17 15:09:58,852 [Worker-72: Updating Maven Project] INFO  o.e.m.j.i.AbstractJavaProjectConfigurator - Adding resource folder /di_01/src/test/resources
2025-09-17 15:09:58,975 [Worker-72: Updating Maven Project] INFO  o.e.m.c.i.p.ProjectConfigurationManager - Update completed: 0 sec
2025-09-17 15:09:59,197 [Worker-65: Building] WARN  o.e.m.c.i.embedder.EclipseLogger - Using platform encoding (MS949 actually) to copy filtered resources, i.e. build is platform dependent!
2025-09-17 15:09:59,198 [Worker-65: Building] INFO  o.e.m.c.i.embedder.EclipseLogger - Copying 1 resource
2025-09-17 15:09:59,205 [Worker-65: Building] WARN  o.e.m.c.i.embedder.EclipseLogger - Using platform encoding (MS949 actually) to copy filtered resources, i.e. build is platform dependent!
2025-09-17 15:09:59,206 [Worker-65: Building] INFO  o.e.m.c.i.embedder.EclipseLogger - Copying 0 resource
2025-09-17 15:10:49,005 [Worker-72: Building] WARN  o.e.m.c.i.embedder.EclipseLogger - Using platform encoding (MS949 actually) to copy filtered resources, i.e. build is platform dependent!
2025-09-17 15:10:49,007 [Worker-72: Building] INFO  o.e.m.c.i.embedder.EclipseLogger - Copying 1 resource
2025-09-17 15:10:49,009 [Worker-72: Building] WARN  o.e.m.c.i.embedder.EclipseLogger - Using platform encoding (MS949 actually) to copy filtered resources, i.e. build is platform dependent!
2025-09-17 15:10:49,010 [Worker-72: Building] INFO  o.e.m.c.i.embedder.EclipseLogger - Copying 0 resource
2025-09-17 15:11:56,272 [Worker-67: Building] WARN  o.e.m.c.i.embedder.EclipseLogger - Using platform encoding (MS949 actually) to copy filtered resources, i.e. build is platform dependent!
2025-09-17 15:11:56,273 [Worker-67: Building] INFO  o.e.m.c.i.embedder.EclipseLogger - Copying 1 resource
2025-09-17 15:11:56,274 [Worker-67: Building] WARN  o.e.m.c.i.embedder.EclipseLogger - Using platform encoding (MS949 actually) to copy filtered resources, i.e. build is platform dependent!
2025-09-17 15:11:56,274 [Worker-67: Building] INFO  o.e.m.c.i.embedder.EclipseLogger - Copying 0 resource
2025-09-17 15:12:04,771 [Worker-71: Building] WARN  o.e.m.c.i.embedder.EclipseLogger - Using platform encoding (MS949 actually) to copy filtered resources, i.e. build is platform dependent!
2025-09-17 15:12:04,772 [Worker-71: Building] INFO  o.e.m.c.i.embedder.EclipseLogger - Copying 1 resource
2025-09-17 15:12:04,772 [Worker-71: Building] WARN  o.e.m.c.i.embedder.EclipseLogger - Using platform encoding (MS949 actually) to copy filtered resources, i.e. build is platform dependent!
2025-09-17 15:12:04,772 [Worker-71: Building] INFO  o.e.m.c.i.embedder.EclipseLogger - Copying 0 resource
2025-09-17 15:12:42,445 [Worker-69: Building] WARN  o.e.m.c.i.embedder.EclipseLogger - Using platform encoding (MS949 actually) to copy filtered resources, i.e. build is platform dependent!
2025-09-17 15:12:42,446 [Worker-69: Building] INFO  o.e.m.c.i.embedder.EclipseLogger - Copying 1 resource
2025-09-17 15:12:42,446 [Worker-69: Building] WARN  o.e.m.c.i.embedder.EclipseLogger - Using platform encoding (MS949 actually) to copy filtered resources, i.e. build is platform dependent!
2025-09-17 15:12:42,446 [Worker-69: Building] INFO  o.e.m.c.i.embedder.EclipseLogger - Copying 0 resource
2025-09-17 15:16:37,002 [Worker-68: Building] WARN  o.e.m.c.i.embedder.EclipseLogger - Using platform encoding (MS949 actually) to copy filtered resources, i.e. build is platform dependent!
2025-09-17 15:16:37,003 [Worker-68: Building] INFO  o.e.m.c.i.embedder.EclipseLogger - Copying 1 resource
2025-09-17 15:16:37,005 [Worker-68: Building] WARN  o.e.m.c.i.embedder.EclipseLogger - Using platform encoding (MS949 actually) to copy filtered resources, i.e. build is platform dependent!
2025-09-17 15:16:37,006 [Worker-68: Building] INFO  o.e.m.c.i.embedder.EclipseLogger - Copying 0 resource
2025-09-17 15:16:48,605 [Worker-67: Building] WARN  o.e.m.c.i.embedder.EclipseLogger - Using platform encoding (MS949 actually) to copy filtered resources, i.e. build is platform dependent!
2025-09-17 15:16:48,606 [Worker-67: Building] INFO  o.e.m.c.i.embedder.EclipseLogger - Copying 1 resource
2025-09-17 15:16:48,607 [Worker-67: Building] WARN  o.e.m.c.i.embedder.EclipseLogger - Using platform encoding (MS949 actually) to copy filtered resources, i.e. build is platform dependent!
2025-09-17 15:16:48,607 [Worker-67: Building] INFO  o.e.m.c.i.embedder.EclipseLogger - Copying 0 resource
2025-09-17 15:20:22,108 [Worker-68: Building] WARN  o.e.m.c.i.embedder.EclipseLogger - Using platform encoding (MS949 actually) to copy filtered resources, i.e. build is platform dependent!
2025-09-17 15:20:22,108 [Worker-68: Building] INFO  o.e.m.c.i.embedder.EclipseLogger - Copying 1 resource
2025-09-17 15:20:22,109 [Worker-68: Building] WARN  o.e.m.c.i.embedder.EclipseLogger - Using platform encoding (MS949 actually) to copy filtered resources, i.e. build is platform dependent!
2025-09-17 15:20:22,110 [Worker-68: Building] INFO  o.e.m.c.i.embedder.EclipseLogger - Copying 0 resource
2025-09-17 15:20:39,280 [Worker-75: Building] WARN  o.e.m.c.i.embedder.EclipseLogger - Using platform encoding (MS949 actually) to copy filtered resources, i.e. build is platform dependent!
2025-09-17 15:20:39,280 [Worker-75: Building] INFO  o.e.m.c.i.embedder.EclipseLogger - Copying 1 resource
2025-09-17 15:20:39,281 [Worker-75: Building] WARN  o.e.m.c.i.embedder.EclipseLogger - Using platform encoding (MS949 actually) to copy filtered resources, i.e. build is platform dependent!
2025-09-17 15:20:39,282 [Worker-75: Building] INFO  o.e.m.c.i.embedder.EclipseLogger - Copying 0 resource
2025-09-17 15:22:15,026 [Worker-74: Building] WARN  o.e.m.c.i.embedder.EclipseLogger - Using platform encoding (MS949 actually) to copy filtered resources, i.e. build is platform dependent!
2025-09-17 15:22:15,027 [Worker-74: Building] INFO  o.e.m.c.i.embedder.EclipseLogger - Copying 1 resource
2025-09-17 15:22:15,027 [Worker-74: Building] WARN  o.e.m.c.i.embedder.EclipseLogger - Using platform encoding (MS949 actually) to copy filtered resources, i.e. build is platform dependent!
2025-09-17 15:22:15,036 [Worker-74: Building] INFO  o.e.m.c.i.embedder.EclipseLogger - Copying 0 resource
2025-09-17 15:22:30,179 [Worker-73: Building] WARN  o.e.m.c.i.embedder.EclipseLogger - Using platform encoding (MS949 actually) to copy filtered resources, i.e. build is platform dependent!
2025-09-17 15:22:30,180 [Worker-73: Building] INFO  o.e.m.c.i.embedder.EclipseLogger - Copying 1 resource
2025-09-17 15:22:30,181 [Worker-73: Building] WARN  o.e.m.c.i.embedder.EclipseLogger - Using platform encoding (MS949 actually) to copy filtered resources, i.e. build is platform dependent!
2025-09-17 15:22:30,181 [Worker-73: Building] INFO  o.e.m.c.i.embedder.EclipseLogger - Copying 0 resource
2025-09-17 15:23:25,257 [Worker-74: Building] WARN  o.e.m.c.i.embedder.EclipseLogger - Using platform encoding (MS949 actually) to copy filtered resources, i.e. build is platform dependent!
2025-09-17 15:23:25,257 [Worker-74: Building] INFO  o.e.m.c.i.embedder.EclipseLogger - Copying 1 resource
2025-09-17 15:23:25,260 [Worker-74: Building] WARN  o.e.m.c.i.embedder.EclipseLogger - Using platform encoding (MS949 actually) to copy filtered resources, i.e. build is platform dependent!
2025-09-17 15:23:25,260 [Worker-74: Building] INFO  o.e.m.c.i.embedder.EclipseLogger - Copying 0 resource
2025-09-17 15:24:35,441 [Worker-74: Building] WARN  o.e.m.c.i.embedder.EclipseLogger - Using platform encoding (MS949 actually) to copy filtered resources, i.e. build is platform dependent!
2025-09-17 15:24:35,441 [Worker-74: Building] INFO  o.e.m.c.i.embedder.EclipseLogger - Copying 1 resource
2025-09-17 15:24:35,444 [Worker-74: Building] WARN  o.e.m.c.i.embedder.EclipseLogger - Using platform encoding (MS949 actually) to copy filtered resources, i.e. build is platform dependent!
2025-09-17 15:24:35,445 [Worker-74: Building] INFO  o.e.m.c.i.embedder.EclipseLogger - Copying 0 resource
2025-09-17 15:25:58,787 [Worker-68: Building] WARN  o.e.m.c.i.embedder.EclipseLogger - Using platform encoding (MS949 actually) to copy filtered resources, i.e. build is platform dependent!
2025-09-17 15:25:58,788 [Worker-68: Building] INFO  o.e.m.c.i.embedder.EclipseLogger - Copying 2 resources
2025-09-17 15:25:58,789 [Worker-68: Building] WARN  o.e.m.c.i.embedder.EclipseLogger - Using platform encoding (MS949 actually) to copy filtered resources, i.e. build is platform dependent!
2025-09-17 15:25:58,790 [Worker-68: Building] INFO  o.e.m.c.i.embedder.EclipseLogger - Copying 0 resource
2025-09-17 15:26:20,177 [Worker-73: Building] WARN  o.e.m.c.i.embedder.EclipseLogger - Using platform encoding (MS949 actually) to copy filtered resources, i.e. build is platform dependent!
2025-09-17 15:26:20,178 [Worker-73: Building] INFO  o.e.m.c.i.embedder.EclipseLogger - Copying 2 resources
2025-09-17 15:26:20,179 [Worker-73: Building] WARN  o.e.m.c.i.embedder.EclipseLogger - Using platform encoding (MS949 actually) to copy filtered resources, i.e. build is platform dependent!
2025-09-17 15:26:20,180 [Worker-73: Building] INFO  o.e.m.c.i.embedder.EclipseLogger - Copying 0 resource
2025-09-17 15:26:35,060 [Worker-76: Building] WARN  o.e.m.c.i.embedder.EclipseLogger - Using platform encoding (MS949 actually) to copy filtered resources, i.e. build is platform dependent!
2025-09-17 15:26:35,061 [Worker-76: Building] INFO  o.e.m.c.i.embedder.EclipseLogger - Copying 2 resources
2025-09-17 15:26:35,062 [Worker-76: Building] WARN  o.e.m.c.i.embedder.EclipseLogger - Using platform encoding (MS949 actually) to copy filtered resources, i.e. build is platform dependent!
2025-09-17 15:26:35,062 [Worker-76: Building] INFO  o.e.m.c.i.embedder.EclipseLogger - Copying 0 resource
2025-09-17 15:27:16,445 [Worker-74: Building] WARN  o.e.m.c.i.embedder.EclipseLogger - Using platform encoding (MS949 actually) to copy filtered resources, i.e. build is platform dependent!
2025-09-17 15:27:16,445 [Worker-74: Building] INFO  o.e.m.c.i.embedder.EclipseLogger - Copying 2 resources
2025-09-17 15:27:16,446 [Worker-74: Building] WARN  o.e.m.c.i.embedder.EclipseLogger - Using platform encoding (MS949 actually) to copy filtered resources, i.e. build is platform dependent!
2025-09-17 15:27:16,446 [Worker-74: Building] INFO  o.e.m.c.i.embedder.EclipseLogger - Copying 0 resource
2025-09-17 15:39:28,140 [Worker-78: Building] WARN  o.e.m.c.i.embedder.EclipseLogger - Using platform encoding (MS949 actually) to copy filtered resources, i.e. build is platform dependent!
2025-09-17 15:39:28,140 [Worker-78: Building] INFO  o.e.m.c.i.embedder.EclipseLogger - Copying 2 resources
2025-09-17 15:39:28,142 [Worker-78: Building] WARN  o.e.m.c.i.embedder.EclipseLogger - Using platform encoding (MS949 actually) to copy filtered resources, i.e. build is platform dependent!
2025-09-17 15:39:28,143 [Worker-78: Building] INFO  o.e.m.c.i.embedder.EclipseLogger - Copying 0 resource
2025-09-17 15:40:21,953 [Worker-78: Building] WARN  o.e.m.c.i.embedder.EclipseLogger - Using platform encoding (MS949 actually) to copy filtered resources, i.e. build is platform dependent!
2025-09-17 15:40:21,954 [Worker-78: Building] INFO  o.e.m.c.i.embedder.EclipseLogger - Copying 2 resources
2025-09-17 15:40:21,955 [Worker-78: Building] WARN  o.e.m.c.i.embedder.EclipseLogger - Using platform encoding (MS949 actually) to copy filtered resources, i.e. build is platform dependent!
2025-09-17 15:40:21,956 [Worker-78: Building] INFO  o.e.m.c.i.embedder.EclipseLogger - Copying 0 resource
2025-09-17 15:42:59,868 [Worker-78: Building Workspace] WARN  o.e.m.c.i.embedder.EclipseLogger - Using platform encoding (MS949 actually) to copy filtered resources, i.e. build is platform dependent!
2025-09-17 15:42:59,868 [Worker-78: Building Workspace] INFO  o.e.m.c.i.embedder.EclipseLogger - Copying 2 resources
2025-09-17 15:42:59,870 [Worker-78: Building Workspace] WARN  o.e.m.c.i.embedder.EclipseLogger - Using platform encoding (MS949 actually) to copy filtered resources, i.e. build is platform dependent!
2025-09-17 15:42:59,871 [Worker-78: Building Workspace] INFO  o.e.m.c.i.embedder.EclipseLogger - Copying 0 resource
2025-09-17 15:43:09,254 [Worker-80: Building] WARN  o.e.m.c.i.embedder.EclipseLogger - Using platform encoding (MS949 actually) to copy filtered resources, i.e. build is platform dependent!
2025-09-17 15:43:09,254 [Worker-80: Building] INFO  o.e.m.c.i.embedder.EclipseLogger - Copying 1 resource
2025-09-17 15:43:09,256 [Worker-80: Building] WARN  o.e.m.c.i.embedder.EclipseLogger - Using platform encoding (MS949 actually) to copy filtered resources, i.e. build is platform dependent!
2025-09-17 15:43:09,256 [Worker-80: Building] INFO  o.e.m.c.i.embedder.EclipseLogger - Copying 0 resource
2025-09-17 15:43:42,291 [Worker-80: Building] WARN  o.e.m.c.i.embedder.EclipseLogger - Using platform encoding (MS949 actually) to copy filtered resources, i.e. build is platform dependent!
2025-09-17 15:43:42,291 [Worker-80: Building] INFO  o.e.m.c.i.embedder.EclipseLogger - Copying 1 resource
2025-09-17 15:43:42,294 [Worker-80: Building] WARN  o.e.m.c.i.embedder.EclipseLogger - Using platform encoding (MS949 actually) to copy filtered resources, i.e. build is platform dependent!
2025-09-17 15:43:42,294 [Worker-80: Building] INFO  o.e.m.c.i.embedder.EclipseLogger - Copying 0 resource
2025-09-17 15:46:25,138 [Worker-80: Building] WARN  o.e.m.c.i.embedder.EclipseLogger - Using platform encoding (MS949 actually) to copy filtered resources, i.e. build is platform dependent!
2025-09-17 15:46:25,139 [Worker-80: Building] INFO  o.e.m.c.i.embedder.EclipseLogger - Copying 1 resource
2025-09-17 15:46:25,141 [Worker-80: Building] WARN  o.e.m.c.i.embedder.EclipseLogger - Using platform encoding (MS949 actually) to copy filtered resources, i.e. build is platform dependent!
2025-09-17 15:46:25,141 [Worker-80: Building] INFO  o.e.m.c.i.embedder.EclipseLogger - Copying 0 resource
2025-09-17 15:47:27,566 [Worker-83: Building] WARN  o.e.m.c.i.embedder.EclipseLogger - Using platform encoding (MS949 actually) to copy filtered resources, i.e. build is platform dependent!
2025-09-17 15:47:27,566 [Worker-83: Building] INFO  o.e.m.c.i.embedder.EclipseLogger - Copying 1 resource
2025-09-17 15:47:27,569 [Worker-83: Building] WARN  o.e.m.c.i.embedder.EclipseLogger - Using platform encoding (MS949 actually) to copy filtered resources, i.e. build is platform dependent!
2025-09-17 15:47:27,569 [Worker-83: Building] INFO  o.e.m.c.i.embedder.EclipseLogger - Copying 0 resource
2025-09-17 15:48:08,399 [Worker-78: Building] WARN  o.e.m.c.i.embedder.EclipseLogger - Using platform encoding (MS949 actually) to copy filtered resources, i.e. build is platform dependent!
2025-09-17 15:48:08,400 [Worker-78: Building] INFO  o.e.m.c.i.embedder.EclipseLogger - Copying 1 resource
2025-09-17 15:48:08,402 [Worker-78: Building] WARN  o.e.m.c.i.embedder.EclipseLogger - Using platform encoding (MS949 actually) to copy filtered resources, i.e. build is platform dependent!
2025-09-17 15:48:08,402 [Worker-78: Building] INFO  o.e.m.c.i.embedder.EclipseLogger - Copying 0 resource
2025-09-17 15:48:57,895 [Worker-80: Building] WARN  o.e.m.c.i.embedder.EclipseLogger - Using platform encoding (MS949 actually) to copy filtered resources, i.e. build is platform dependent!
2025-09-17 15:48:57,897 [Worker-80: Building] INFO  o.e.m.c.i.embedder.EclipseLogger - Copying 3 resources
2025-09-17 15:48:57,898 [Worker-80: Building] WARN  o.e.m.c.i.embedder.EclipseLogger - Using platform encoding (MS949 actually) to copy filtered resources, i.e. build is platform dependent!
2025-09-17 15:48:57,898 [Worker-80: Building] INFO  o.e.m.c.i.embedder.EclipseLogger - Copying 0 resource
2025-09-17 15:50:13,931 [Worker-83: Building] WARN  o.e.m.c.i.embedder.EclipseLogger - Using platform encoding (MS949 actually) to copy filtered resources, i.e. build is platform dependent!
2025-09-17 15:50:13,932 [Worker-83: Building] INFO  o.e.m.c.i.embedder.EclipseLogger - Copying 3 resources
2025-09-17 15:50:13,933 [Worker-83: Building] WARN  o.e.m.c.i.embedder.EclipseLogger - Using platform encoding (MS949 actually) to copy filtered resources, i.e. build is platform dependent!
2025-09-17 15:50:13,933 [Worker-83: Building] INFO  o.e.m.c.i.embedder.EclipseLogger - Copying 0 resource
2025-09-17 16:11:37,988 [Worker-87: Building] WARN  o.e.m.c.i.embedder.EclipseLogger - Using platform encoding (MS949 actually) to copy filtered resources, i.e. build is platform dependent!
2025-09-17 16:11:37,989 [Worker-87: Building] INFO  o.e.m.c.i.embedder.EclipseLogger - Copying 3 resources
2025-09-17 16:11:37,990 [Worker-87: Building] WARN  o.e.m.c.i.embedder.EclipseLogger - Using platform encoding (MS949 actually) to copy filtered resources, i.e. build is platform dependent!
2025-09-17 16:11:37,991 [Worker-87: Building] INFO  o.e.m.c.i.embedder.EclipseLogger - Copying 0 resource
2025-09-17 16:12:53,116 [Worker-87: Building] WARN  o.e.m.c.i.embedder.EclipseLogger - Using platform encoding (MS949 actually) to copy filtered resources, i.e. build is platform dependent!
2025-09-17 16:12:53,116 [Worker-87: Building] INFO  o.e.m.c.i.embedder.EclipseLogger - Copying 3 resources
2025-09-17 16:12:53,117 [Worker-87: Building] WARN  o.e.m.c.i.embedder.EclipseLogger - Using platform encoding (MS949 actually) to copy filtered resources, i.e. build is platform dependent!
2025-09-17 16:12:53,117 [Worker-87: Building] INFO  o.e.m.c.i.embedder.EclipseLogger - Copying 0 resource
2025-09-17 16:14:23,782 [Worker-86: Building Workspace] WARN  o.e.m.c.i.embedder.EclipseLogger - Using platform encoding (MS949 actually) to copy filtered resources, i.e. build is platform dependent!
2025-09-17 16:14:23,783 [Worker-86: Building Workspace] INFO  o.e.m.c.i.embedder.EclipseLogger - Copying 3 resources
2025-09-17 16:14:23,783 [Worker-86: Building Workspace] WARN  o.e.m.c.i.embedder.EclipseLogger - Using platform encoding (MS949 actually) to copy filtered resources, i.e. build is platform dependent!
2025-09-17 16:14:23,784 [Worker-86: Building Workspace] INFO  o.e.m.c.i.embedder.EclipseLogger - Copying 0 resource
2025-09-17 16:14:46,140 [Worker-87: Building] WARN  o.e.m.c.i.embedder.EclipseLogger - Using platform encoding (MS949 actually) to copy filtered resources, i.e. build is platform dependent!
2025-09-17 16:14:46,141 [Worker-87: Building] INFO  o.e.m.c.i.embedder.EclipseLogger - Copying 3 resources
2025-09-17 16:14:46,142 [Worker-87: Building] WARN  o.e.m.c.i.embedder.EclipseLogger - Using platform encoding (MS949 actually) to copy filtered resources, i.e. build is platform dependent!
2025-09-17 16:14:46,142 [Worker-87: Building] INFO  o.e.m.c.i.embedder.EclipseLogger - Copying 0 resource
2025-09-17 16:15:46,984 [Worker-89: Building] WARN  o.e.m.c.i.embedder.EclipseLogger - Using platform encoding (MS949 actually) to copy filtered resources, i.e. build is platform dependent!
2025-09-17 16:15:46,985 [Worker-89: Building] INFO  o.e.m.c.i.embedder.EclipseLogger - Copying 3 resources
2025-09-17 16:15:46,985 [Worker-89: Building] WARN  o.e.m.c.i.embedder.EclipseLogger - Using platform encoding (MS949 actually) to copy filtered resources, i.e. build is platform dependent!
2025-09-17 16:15:46,987 [Worker-89: Building] INFO  o.e.m.c.i.embedder.EclipseLogger - Copying 0 resource
2025-09-17 16:17:39,731 [Worker-89: Building] WARN  o.e.m.c.i.embedder.EclipseLogger - Using platform encoding (MS949 actually) to copy filtered resources, i.e. build is platform dependent!
2025-09-17 16:17:39,732 [Worker-89: Building] INFO  o.e.m.c.i.embedder.EclipseLogger - Copying 3 resources
2025-09-17 16:17:39,733 [Worker-89: Building] WARN  o.e.m.c.i.embedder.EclipseLogger - Using platform encoding (MS949 actually) to copy filtered resources, i.e. build is platform dependent!
2025-09-17 16:17:39,733 [Worker-89: Building] INFO  o.e.m.c.i.embedder.EclipseLogger - Copying 0 resource
2025-09-17 16:17:57,779 [Worker-88: Building] WARN  o.e.m.c.i.embedder.EclipseLogger - Using platform encoding (MS949 actually) to copy filtered resources, i.e. build is platform dependent!
2025-09-17 16:17:57,780 [Worker-88: Building] INFO  o.e.m.c.i.embedder.EclipseLogger - Copying 3 resources
2025-09-17 16:17:57,781 [Worker-88: Building] WARN  o.e.m.c.i.embedder.EclipseLogger - Using platform encoding (MS949 actually) to copy filtered resources, i.e. build is platform dependent!
2025-09-17 16:17:57,781 [Worker-88: Building] INFO  o.e.m.c.i.embedder.EclipseLogger - Copying 0 resource
2025-09-17 16:22:02,585 [Worker-92: Building] WARN  o.e.m.c.i.embedder.EclipseLogger - Using platform encoding (MS949 actually) to copy filtered resources, i.e. build is platform dependent!
2025-09-17 16:22:02,585 [Worker-92: Building] INFO  o.e.m.c.i.embedder.EclipseLogger - Copying 1 resource
2025-09-17 16:22:02,588 [Worker-92: Building] WARN  o.e.m.c.i.embedder.EclipseLogger - Using platform encoding (MS949 actually) to copy filtered resources, i.e. build is platform dependent!
2025-09-17 16:22:02,588 [Worker-92: Building] INFO  o.e.m.c.i.embedder.EclipseLogger - Copying 0 resource
2025-09-17 16:28:02,363 [Worker-91: Building] WARN  o.e.m.c.i.embedder.EclipseLogger - Using platform encoding (MS949 actually) to copy filtered resources, i.e. build is platform dependent!
2025-09-17 16:28:02,364 [Worker-91: Building] INFO  o.e.m.c.i.embedder.EclipseLogger - Copying 1 resource
2025-09-17 16:28:02,365 [Worker-91: Building] WARN  o.e.m.c.i.embedder.EclipseLogger - Using platform encoding (MS949 actually) to copy filtered resources, i.e. build is platform dependent!
2025-09-17 16:28:02,366 [Worker-91: Building] INFO  o.e.m.c.i.embedder.EclipseLogger - Copying 0 resource
2025-09-17 16:32:37,964 [Worker-89: Building] WARN  o.e.m.c.i.embedder.EclipseLogger - Using platform encoding (MS949 actually) to copy filtered resources, i.e. build is platform dependent!
2025-09-17 16:32:37,965 [Worker-89: Building] INFO  o.e.m.c.i.embedder.EclipseLogger - Copying 4 resources
2025-09-17 16:32:37,966 [Worker-89: Building] WARN  o.e.m.c.i.embedder.EclipseLogger - Using platform encoding (MS949 actually) to copy filtered resources, i.e. build is platform dependent!
2025-09-17 16:32:37,967 [Worker-89: Building] INFO  o.e.m.c.i.embedder.EclipseLogger - Copying 0 resource
2025-09-17 16:37:19,586 [Worker-97: Building] WARN  o.e.m.c.i.embedder.EclipseLogger - Using platform encoding (MS949 actually) to copy filtered resources, i.e. build is platform dependent!
2025-09-17 16:37:19,588 [Worker-97: Building] INFO  o.e.m.c.i.embedder.EclipseLogger - Copying 4 resources
2025-09-17 16:37:19,589 [Worker-97: Building] WARN  o.e.m.c.i.embedder.EclipseLogger - Using platform encoding (MS949 actually) to copy filtered resources, i.e. build is platform dependent!
2025-09-17 16:37:19,589 [Worker-97: Building] INFO  o.e.m.c.i.embedder.EclipseLogger - Copying 0 resource
2025-09-17 16:42:39,591 [Worker-99: Building] WARN  o.e.m.c.i.embedder.EclipseLogger - Using platform encoding (MS949 actually) to copy filtered resources, i.e. build is platform dependent!
2025-09-17 16:42:39,592 [Worker-99: Building] INFO  o.e.m.c.i.embedder.EclipseLogger - Copying 4 resources
2025-09-17 16:42:39,593 [Worker-99: Building] WARN  o.e.m.c.i.embedder.EclipseLogger - Using platform encoding (MS949 actually) to copy filtered resources, i.e. build is platform dependent!
2025-09-17 16:42:39,593 [Worker-99: Building] INFO  o.e.m.c.i.embedder.EclipseLogger - Copying 0 resource
2025-09-17 16:43:10,698 [Worker-104: Building] WARN  o.e.m.c.i.embedder.EclipseLogger - Using platform encoding (MS949 actually) to copy filtered resources, i.e. build is platform dependent!
2025-09-17 16:43:10,700 [Worker-104: Building] INFO  o.e.m.c.i.embedder.EclipseLogger - Copying 4 resources
2025-09-17 16:43:10,701 [Worker-104: Building] WARN  o.e.m.c.i.embedder.EclipseLogger - Using platform encoding (MS949 actually) to copy filtered resources, i.e. build is platform dependent!
2025-09-17 16:43:10,702 [Worker-104: Building] INFO  o.e.m.c.i.embedder.EclipseLogger - Copying 0 resource
2025-09-17 16:43:53,759 [Worker-99: Building] WARN  o.e.m.c.i.embedder.EclipseLogger - Using platform encoding (MS949 actually) to copy filtered resources, i.e. build is platform dependent!
2025-09-17 16:43:53,760 [Worker-99: Building] INFO  o.e.m.c.i.embedder.EclipseLogger - Copying 4 resources
2025-09-17 16:43:53,761 [Worker-99: Building] WARN  o.e.m.c.i.embedder.EclipseLogger - Using platform encoding (MS949 actually) to copy filtered resources, i.e. build is platform dependent!
2025-09-17 16:43:53,761 [Worker-99: Building] INFO  o.e.m.c.i.embedder.EclipseLogger - Copying 0 resource
2025-09-17 16:44:55,757 [Worker-102: Building] WARN  o.e.m.c.i.embedder.EclipseLogger - Using platform encoding (MS949 actually) to copy filtered resources, i.e. build is platform dependent!
2025-09-17 16:44:55,757 [Worker-102: Building] INFO  o.e.m.c.i.embedder.EclipseLogger - Copying 1 resource
2025-09-17 16:44:55,760 [Worker-102: Building] WARN  o.e.m.c.i.embedder.EclipseLogger - Using platform encoding (MS949 actually) to copy filtered resources, i.e. build is platform dependent!
2025-09-17 16:44:55,760 [Worker-102: Building] INFO  o.e.m.c.i.embedder.EclipseLogger - Copying 0 resource
2025-09-17 16:47:03,272 [Worker-105: Building] WARN  o.e.m.c.i.embedder.EclipseLogger - Using platform encoding (MS949 actually) to copy filtered resources, i.e. build is platform dependent!
2025-09-17 16:47:03,272 [Worker-105: Building] INFO  o.e.m.c.i.embedder.EclipseLogger - Copying 1 resource
2025-09-17 16:47:03,274 [Worker-105: Building] WARN  o.e.m.c.i.embedder.EclipseLogger - Using platform encoding (MS949 actually) to copy filtered resources, i.e. build is platform dependent!
2025-09-17 16:47:03,274 [Worker-105: Building] INFO  o.e.m.c.i.embedder.EclipseLogger - Copying 0 resource
2025-09-17 16:48:23,961 [Worker-99: Building] WARN  o.e.m.c.i.embedder.EclipseLogger - Using platform encoding (MS949 actually) to copy filtered resources, i.e. build is platform dependent!
2025-09-17 16:48:23,962 [Worker-99: Building] INFO  o.e.m.c.i.embedder.EclipseLogger - Copying 4 resources
2025-09-17 16:48:23,964 [Worker-99: Building] WARN  o.e.m.c.i.embedder.EclipseLogger - Using platform encoding (MS949 actually) to copy filtered resources, i.e. build is platform dependent!
2025-09-17 16:48:23,964 [Worker-99: Building] INFO  o.e.m.c.i.embedder.EclipseLogger - Copying 0 resource
2025-09-17 17:05:34,593 [Worker-108: Building] WARN  o.e.m.c.i.embedder.EclipseLogger - Using platform encoding (MS949 actually) to copy filtered resources, i.e. build is platform dependent!
2025-09-17 17:05:34,594 [Worker-108: Building] INFO  o.e.m.c.i.embedder.EclipseLogger - Copying 4 resources
2025-09-17 17:05:34,596 [Worker-108: Building] WARN  o.e.m.c.i.embedder.EclipseLogger - Using platform encoding (MS949 actually) to copy filtered resources, i.e. build is platform dependent!
2025-09-17 17:05:34,596 [Worker-108: Building] INFO  o.e.m.c.i.embedder.EclipseLogger - Copying 0 resource
2025-09-17 17:07:43,955 [Worker-112: Building] INFO  o.e.m.c.i.l.LifecycleMappingFactory - Using org.eclipse.m2e.jdt.JarLifecycleMapping lifecycle mapping for MavenProject: com.di_project.ex:di_01:0.0.1-SNAPSHOT @ D:\Spring\springWorkspace\di_01\pom.xml.
2025-09-17 17:07:44,043 [Worker-112: Building] INFO  o.e.m.c.i.e.AbstractTransferListenerAdapter - Downloading https://repo.maven.apache.org/maven2/javax/annotation/javax.annotation-api/1.3.2/javax.annotation-api-1.3.2.pom
2025-09-17 17:07:44,089 [Worker-112: Building] INFO  o.e.m.c.i.e.AbstractTransferListenerAdapter - Downloaded https://repo.maven.apache.org/maven2/javax/annotation/javax.annotation-api/1.3.2/javax.annotation-api-1.3.2.pom
2025-09-17 17:07:44,105 [Worker-112: Building] INFO  o.e.m.c.i.e.AbstractTransferListenerAdapter - Downloading https://repo.maven.apache.org/maven2/net/java/jvnet-parent/3/jvnet-parent-3.pom
2025-09-17 17:07:44,143 [Worker-112: Building] INFO  o.e.m.c.i.e.AbstractTransferListenerAdapter - Downloaded https://repo.maven.apache.org/maven2/net/java/jvnet-parent/3/jvnet-parent-3.pom
2025-09-17 17:07:44,182 [Worker-112: Building] INFO  o.e.m.c.i.e.AbstractTransferListenerAdapter - Downloading https://repo.maven.apache.org/maven2/javax/annotation/javax.annotation-api/1.3.2/javax.annotation-api-1.3.2.jar
2025-09-17 17:07:44,345 [Worker-112: Building] INFO  o.e.m.c.i.e.AbstractTransferListenerAdapter - Downloaded https://repo.maven.apache.org/maven2/javax/annotation/javax.annotation-api/1.3.2/javax.annotation-api-1.3.2.jar
2025-09-17 17:07:44,652 [Worker-112: Building] WARN  o.e.m.c.i.embedder.EclipseLogger - Using platform encoding (MS949 actually) to copy filtered resources, i.e. build is platform dependent!
2025-09-17 17:07:44,654 [Worker-112: Building] INFO  o.e.m.c.i.embedder.EclipseLogger - Copying 0 resource
2025-09-17 17:07:44,655 [Worker-112: Building] WARN  o.e.m.c.i.embedder.EclipseLogger - Using platform encoding (MS949 actually) to copy filtered resources, i.e. build is platform dependent!
2025-09-17 17:07:44,656 [Worker-112: Building] INFO  o.e.m.c.i.embedder.EclipseLogger - Copying 0 resource
2025-09-17 17:07:45,659 [Worker-111: Download sources and javadoc] INFO  o.e.m.c.i.e.AbstractTransferListenerAdapter - Downloading https://repo.maven.apache.org/maven2/javax/annotation/javax.annotation-api/1.3.2/javax.annotation-api-1.3.2-sources.jar
2025-09-17 17:07:45,817 [Worker-111: Download sources and javadoc] INFO  o.e.m.c.i.e.AbstractTransferListenerAdapter - Downloaded https://repo.maven.apache.org/maven2/javax/annotation/javax.annotation-api/1.3.2/javax.annotation-api-1.3.2-sources.jar
2025-09-17 17:07:45,975 [Worker-109: Building] WARN  o.e.m.c.i.embedder.EclipseLogger - Using platform encoding (MS949 actually) to copy filtered resources, i.e. build is platform dependent!
2025-09-17 17:07:45,976 [Worker-109: Building] INFO  o.e.m.c.i.embedder.EclipseLogger - Copying 4 resources
2025-09-17 17:07:45,986 [Worker-109: Building] WARN  o.e.m.c.i.embedder.EclipseLogger - Using platform encoding (MS949 actually) to copy filtered resources, i.e. build is platform dependent!
2025-09-17 17:07:45,987 [Worker-109: Building] INFO  o.e.m.c.i.embedder.EclipseLogger - Copying 0 resource
2025-09-17 17:07:46,075 [Worker-111: Download sources and javadoc] INFO  o.e.m.j.internal.DownloadSourcesJob - Downloaded sources for javax.annotation:javax.annotation-api:1.3.2
2025-09-17 17:07:47,019 [Worker-112: Building] WARN  o.e.m.c.i.embedder.EclipseLogger - Using platform encoding (MS949 actually) to copy filtered resources, i.e. build is platform dependent!
2025-09-17 17:07:47,019 [Worker-112: Building] INFO  o.e.m.c.i.embedder.EclipseLogger - Copying 0 resource
2025-09-17 17:07:47,021 [Worker-112: Building] WARN  o.e.m.c.i.embedder.EclipseLogger - Using platform encoding (MS949 actually) to copy filtered resources, i.e. build is platform dependent!
2025-09-17 17:07:47,021 [Worker-112: Building] INFO  o.e.m.c.i.embedder.EclipseLogger - Copying 0 resource
2025-09-17 17:09:10,801 [Worker-105: Building] WARN  o.e.m.c.i.embedder.EclipseLogger - Using platform encoding (MS949 actually) to copy filtered resources, i.e. build is platform dependent!
2025-09-17 17:09:10,801 [Worker-105: Building] INFO  o.e.m.c.i.embedder.EclipseLogger - Copying 4 resources
2025-09-17 17:09:10,802 [Worker-105: Building] WARN  o.e.m.c.i.embedder.EclipseLogger - Using platform encoding (MS949 actually) to copy filtered resources, i.e. build is platform dependent!
2025-09-17 17:09:10,803 [Worker-105: Building] INFO  o.e.m.c.i.embedder.EclipseLogger - Copying 0 resource
2025-09-17 17:09:24,478 [Worker-109: Building] WARN  o.e.m.c.i.embedder.EclipseLogger - Using platform encoding (MS949 actually) to copy filtered resources, i.e. build is platform dependent!
2025-09-17 17:09:24,480 [Worker-109: Building] INFO  o.e.m.c.i.embedder.EclipseLogger - Copying 4 resources
2025-09-17 17:09:24,481 [Worker-109: Building] WARN  o.e.m.c.i.embedder.EclipseLogger - Using platform encoding (MS949 actually) to copy filtered resources, i.e. build is platform dependent!
2025-09-17 17:09:24,482 [Worker-109: Building] INFO  o.e.m.c.i.embedder.EclipseLogger - Copying 0 resource
2025-09-17 17:22:39,973 [Worker-111: Building] WARN  o.e.m.c.i.embedder.EclipseLogger - Using platform encoding (MS949 actually) to copy filtered resources, i.e. build is platform dependent!
2025-09-17 17:22:39,974 [Worker-111: Building] INFO  o.e.m.c.i.embedder.EclipseLogger - Copying 4 resources
2025-09-17 17:22:39,976 [Worker-111: Building] WARN  o.e.m.c.i.embedder.EclipseLogger - Using platform encoding (MS949 actually) to copy filtered resources, i.e. build is platform dependent!
2025-09-17 17:22:39,976 [Worker-111: Building] INFO  o.e.m.c.i.embedder.EclipseLogger - Copying 0 resource
2025-09-18 09:16:02,643 [Worker-6: Loading available Gradle versions] INFO  o.e.b.c.i.u.g.PublishedGradleVersions - Gradle version information cache is up-to-date. Trying to read.
2025-09-18 10:13:20,210 [Worker-19: Building] WARN  o.e.m.c.i.embedder.EclipseLogger - Using platform encoding (MS949 actually) to copy filtered resources, i.e. build is platform dependent!
2025-09-18 10:13:20,248 [Worker-19: Building] INFO  o.e.m.c.i.embedder.EclipseLogger - Copying 4 resources
2025-09-18 10:13:20,265 [Worker-19: Building] WARN  o.e.m.c.i.embedder.EclipseLogger - Using platform encoding (MS949 actually) to copy filtered resources, i.e. build is platform dependent!
2025-09-18 10:13:20,266 [Worker-19: Building] INFO  o.e.m.c.i.embedder.EclipseLogger - Copying 0 resource
2025-09-18 10:13:36,045 [Worker-16: Building] WARN  o.e.m.c.i.embedder.EclipseLogger - Using platform encoding (MS949 actually) to copy filtered resources, i.e. build is platform dependent!
2025-09-18 10:13:36,056 [Worker-16: Building] INFO  o.e.m.c.i.embedder.EclipseLogger - Copying 4 resources
2025-09-18 10:13:36,058 [Worker-16: Building] WARN  o.e.m.c.i.embedder.EclipseLogger - Using platform encoding (MS949 actually) to copy filtered resources, i.e. build is platform dependent!
2025-09-18 10:13:36,059 [Worker-16: Building] INFO  o.e.m.c.i.embedder.EclipseLogger - Copying 0 resource
2025-09-18 10:14:17,489 [Worker-19: Building] WARN  o.e.m.c.i.embedder.EclipseLogger - Using platform encoding (MS949 actually) to copy filtered resources, i.e. build is platform dependent!
2025-09-18 10:14:17,493 [Worker-19: Building] INFO  o.e.m.c.i.embedder.EclipseLogger - Copying 1 resource
2025-09-18 10:14:17,497 [Worker-19: Building] WARN  o.e.m.c.i.embedder.EclipseLogger - Using platform encoding (MS949 actually) to copy filtered resources, i.e. build is platform dependent!
2025-09-18 10:14:17,498 [Worker-19: Building] INFO  o.e.m.c.i.embedder.EclipseLogger - Copying 0 resource
2025-09-18 10:15:35,066 [Worker-16: Building] WARN  o.e.m.c.i.embedder.EclipseLogger - Using platform encoding (MS949 actually) to copy filtered resources, i.e. build is platform dependent!
2025-09-18 10:15:35,067 [Worker-16: Building] INFO  o.e.m.c.i.embedder.EclipseLogger - Copying 1 resource
2025-09-18 10:15:35,070 [Worker-16: Building] WARN  o.e.m.c.i.embedder.EclipseLogger - Using platform encoding (MS949 actually) to copy filtered resources, i.e. build is platform dependent!
2025-09-18 10:15:35,071 [Worker-16: Building] INFO  o.e.m.c.i.embedder.EclipseLogger - Copying 0 resource
2025-09-18 10:19:39,723 [Worker-16: Building] WARN  o.e.m.c.i.embedder.EclipseLogger - Using platform encoding (MS949 actually) to copy filtered resources, i.e. build is platform dependent!
2025-09-18 10:19:39,724 [Worker-16: Building] INFO  o.e.m.c.i.embedder.EclipseLogger - Copying 1 resource
2025-09-18 10:19:39,726 [Worker-16: Building] WARN  o.e.m.c.i.embedder.EclipseLogger - Using platform encoding (MS949 actually) to copy filtered resources, i.e. build is platform dependent!
2025-09-18 10:19:39,726 [Worker-16: Building] INFO  o.e.m.c.i.embedder.EclipseLogger - Copying 0 resource
2025-09-18 10:24:08,474 [Worker-27: Building] WARN  o.e.m.c.i.embedder.EclipseLogger - Using platform encoding (MS949 actually) to copy filtered resources, i.e. build is platform dependent!
2025-09-18 10:24:08,475 [Worker-27: Building] INFO  o.e.m.c.i.embedder.EclipseLogger - Copying 5 resources
2025-09-18 10:24:08,476 [Worker-27: Building] WARN  o.e.m.c.i.embedder.EclipseLogger - Using platform encoding (MS949 actually) to copy filtered resources, i.e. build is platform dependent!
2025-09-18 10:24:08,477 [Worker-27: Building] INFO  o.e.m.c.i.embedder.EclipseLogger - Copying 0 resource
2025-09-18 10:24:45,605 [Worker-28: Building] WARN  o.e.m.c.i.embedder.EclipseLogger - Using platform encoding (MS949 actually) to copy filtered resources, i.e. build is platform dependent!
2025-09-18 10:24:45,607 [Worker-28: Building] INFO  o.e.m.c.i.embedder.EclipseLogger - Copying 5 resources
2025-09-18 10:24:45,608 [Worker-28: Building] WARN  o.e.m.c.i.embedder.EclipseLogger - Using platform encoding (MS949 actually) to copy filtered resources, i.e. build is platform dependent!
2025-09-18 10:24:45,608 [Worker-28: Building] INFO  o.e.m.c.i.embedder.EclipseLogger - Copying 0 resource
2025-09-18 10:25:15,583 [Worker-29: Building] WARN  o.e.m.c.i.embedder.EclipseLogger - Using platform encoding (MS949 actually) to copy filtered resources, i.e. build is platform dependent!
2025-09-18 10:25:15,584 [Worker-29: Building] INFO  o.e.m.c.i.embedder.EclipseLogger - Copying 5 resources
2025-09-18 10:25:15,586 [Worker-29: Building] WARN  o.e.m.c.i.embedder.EclipseLogger - Using platform encoding (MS949 actually) to copy filtered resources, i.e. build is platform dependent!
2025-09-18 10:25:15,587 [Worker-29: Building] INFO  o.e.m.c.i.embedder.EclipseLogger - Copying 0 resource
2025-09-18 10:29:21,285 [Worker-30: Building] WARN  o.e.m.c.i.embedder.EclipseLogger - Using platform encoding (MS949 actually) to copy filtered resources, i.e. build is platform dependent!
2025-09-18 10:29:21,287 [Worker-30: Building] INFO  o.e.m.c.i.embedder.EclipseLogger - Copying 5 resources
2025-09-18 10:29:21,290 [Worker-30: Building] WARN  o.e.m.c.i.embedder.EclipseLogger - Using platform encoding (MS949 actually) to copy filtered resources, i.e. build is platform dependent!
2025-09-18 10:29:21,292 [Worker-30: Building] INFO  o.e.m.c.i.embedder.EclipseLogger - Copying 0 resource
2025-09-18 10:31:19,403 [Worker-30: Building] WARN  o.e.m.c.i.embedder.EclipseLogger - Using platform encoding (MS949 actually) to copy filtered resources, i.e. build is platform dependent!
2025-09-18 10:31:19,404 [Worker-30: Building] INFO  o.e.m.c.i.embedder.EclipseLogger - Copying 5 resources
2025-09-18 10:31:19,405 [Worker-30: Building] WARN  o.e.m.c.i.embedder.EclipseLogger - Using platform encoding (MS949 actually) to copy filtered resources, i.e. build is platform dependent!
2025-09-18 10:31:19,406 [Worker-30: Building] INFO  o.e.m.c.i.embedder.EclipseLogger - Copying 0 resource
2025-09-18 10:33:03,884 [Worker-35: Building] WARN  o.e.m.c.i.embedder.EclipseLogger - Using platform encoding (MS949 actually) to copy filtered resources, i.e. build is platform dependent!
2025-09-18 10:33:03,885 [Worker-35: Building] INFO  o.e.m.c.i.embedder.EclipseLogger - Copying 5 resources
2025-09-18 10:33:03,887 [Worker-35: Building] WARN  o.e.m.c.i.embedder.EclipseLogger - Using platform encoding (MS949 actually) to copy filtered resources, i.e. build is platform dependent!
2025-09-18 10:33:03,888 [Worker-35: Building] INFO  o.e.m.c.i.embedder.EclipseLogger - Copying 0 resource
2025-09-18 10:42:32,199 [Worker-38: Building] WARN  o.e.m.c.i.embedder.EclipseLogger - Using platform encoding (MS949 actually) to copy filtered resources, i.e. build is platform dependent!
2025-09-18 10:42:32,200 [Worker-38: Building] INFO  o.e.m.c.i.embedder.EclipseLogger - Copying 5 resources
2025-09-18 10:42:32,201 [Worker-38: Building] WARN  o.e.m.c.i.embedder.EclipseLogger - Using platform encoding (MS949 actually) to copy filtered resources, i.e. build is platform dependent!
2025-09-18 10:42:32,203 [Worker-38: Building] INFO  o.e.m.c.i.embedder.EclipseLogger - Copying 0 resource
2025-09-18 10:42:41,081 [Worker-39: Building] WARN  o.e.m.c.i.embedder.EclipseLogger - Using platform encoding (MS949 actually) to copy filtered resources, i.e. build is platform dependent!
2025-09-18 10:42:41,081 [Worker-39: Building] INFO  o.e.m.c.i.embedder.EclipseLogger - Copying 5 resources
2025-09-18 10:42:41,083 [Worker-39: Building] WARN  o.e.m.c.i.embedder.EclipseLogger - Using platform encoding (MS949 actually) to copy filtered resources, i.e. build is platform dependent!
2025-09-18 10:42:41,083 [Worker-39: Building] INFO  o.e.m.c.i.embedder.EclipseLogger - Copying 0 resource
2025-09-18 10:44:10,952 [Worker-40: Building] WARN  o.e.m.c.i.embedder.EclipseLogger - Using platform encoding (MS949 actually) to copy filtered resources, i.e. build is platform dependent!
2025-09-18 10:44:10,953 [Worker-40: Building] INFO  o.e.m.c.i.embedder.EclipseLogger - Copying 5 resources
2025-09-18 10:44:10,954 [Worker-40: Building] WARN  o.e.m.c.i.embedder.EclipseLogger - Using platform encoding (MS949 actually) to copy filtered resources, i.e. build is platform dependent!
2025-09-18 10:44:10,954 [Worker-40: Building] INFO  o.e.m.c.i.embedder.EclipseLogger - Copying 0 resource
2025-09-18 10:46:12,629 [Worker-42: Building] WARN  o.e.m.c.i.embedder.EclipseLogger - Using platform encoding (MS949 actually) to copy filtered resources, i.e. build is platform dependent!
2025-09-18 10:46:12,631 [Worker-42: Building] INFO  o.e.m.c.i.embedder.EclipseLogger - Copying 5 resources
2025-09-18 10:46:12,633 [Worker-42: Building] WARN  o.e.m.c.i.embedder.EclipseLogger - Using platform encoding (MS949 actually) to copy filtered resources, i.e. build is platform dependent!
2025-09-18 10:46:12,633 [Worker-42: Building] INFO  o.e.m.c.i.embedder.EclipseLogger - Copying 0 resource
2025-09-18 10:46:27,671 [Worker-42: Building] WARN  o.e.m.c.i.embedder.EclipseLogger - Using platform encoding (MS949 actually) to copy filtered resources, i.e. build is platform dependent!
2025-09-18 10:46:27,672 [Worker-42: Building] INFO  o.e.m.c.i.embedder.EclipseLogger - Copying 1 resource
2025-09-18 10:46:27,674 [Worker-42: Building] WARN  o.e.m.c.i.embedder.EclipseLogger - Using platform encoding (MS949 actually) to copy filtered resources, i.e. build is platform dependent!
2025-09-18 10:46:27,675 [Worker-42: Building] INFO  o.e.m.c.i.embedder.EclipseLogger - Copying 0 resource
2025-09-18 10:46:36,136 [Worker-41: Building] WARN  o.e.m.c.i.embedder.EclipseLogger - Using platform encoding (MS949 actually) to copy filtered resources, i.e. build is platform dependent!
2025-09-18 10:46:36,138 [Worker-41: Building] INFO  o.e.m.c.i.embedder.EclipseLogger - Copying 6 resources
2025-09-18 10:46:36,139 [Worker-41: Building] WARN  o.e.m.c.i.embedder.EclipseLogger - Using platform encoding (MS949 actually) to copy filtered resources, i.e. build is platform dependent!
2025-09-18 10:46:36,141 [Worker-41: Building] INFO  o.e.m.c.i.embedder.EclipseLogger - Copying 0 resource
2025-09-18 10:47:44,355 [Worker-42: Building] WARN  o.e.m.c.i.embedder.EclipseLogger - Using platform encoding (MS949 actually) to copy filtered resources, i.e. build is platform dependent!
2025-09-18 10:47:44,356 [Worker-42: Building] INFO  o.e.m.c.i.embedder.EclipseLogger - Copying 1 resource
2025-09-18 10:47:44,357 [Worker-42: Building] WARN  o.e.m.c.i.embedder.EclipseLogger - Using platform encoding (MS949 actually) to copy filtered resources, i.e. build is platform dependent!
2025-09-18 10:47:44,357 [Worker-42: Building] INFO  o.e.m.c.i.embedder.EclipseLogger - Copying 0 resource
2025-09-18 11:34:51,642 [Worker-48: Creating project "aop_01"] INFO  o.e.m.c.i.l.LifecycleMappingFactory - Using org.eclipse.m2e.jdt.JarLifecycleMapping lifecycle mapping for MavenProject: com.aop_project.ex:aop_01:0.0.1-SNAPSHOT @ D:\Spring\springWorkspace\aop_01\pom.xml.
2025-09-18 11:34:52,317 [Worker-48: Creating project "aop_01"] INFO  o.e.m.j.i.AbstractJavaProjectConfigurator - Adding source folder /aop_01/src/main/java
2025-09-18 11:34:52,317 [Worker-48: Creating project "aop_01"] INFO  o.e.m.j.i.AbstractJavaProjectConfigurator - Adding resource folder /aop_01/src/main/resources
2025-09-18 11:34:52,317 [Worker-48: Creating project "aop_01"] INFO  o.e.m.j.i.AbstractJavaProjectConfigurator - Adding source folder /aop_01/src/test/java
2025-09-18 11:34:52,317 [Worker-48: Creating project "aop_01"] INFO  o.e.m.j.i.AbstractJavaProjectConfigurator - Adding resource folder /aop_01/src/test/resources
2025-09-18 11:34:53,370 [Worker-53: Building] WARN  o.e.m.c.i.embedder.EclipseLogger - Using platform encoding (MS949 actually) to copy filtered resources, i.e. build is platform dependent!
2025-09-18 11:34:53,371 [Worker-53: Building] INFO  o.e.m.c.i.embedder.EclipseLogger - Copying 0 resource
2025-09-18 11:34:53,372 [Worker-53: Building] WARN  o.e.m.c.i.embedder.EclipseLogger - Using platform encoding (MS949 actually) to copy filtered resources, i.e. build is platform dependent!
2025-09-18 11:34:53,373 [Worker-53: Building] INFO  o.e.m.c.i.embedder.EclipseLogger - Copying 0 resource
2025-09-18 11:35:23,090 [Worker-52: Updating Maven Project] INFO  o.e.m.c.i.p.ProjectConfigurationManager - Update started
2025-09-18 11:35:23,279 [Worker-52: Updating Maven Project] INFO  o.e.m.c.i.l.LifecycleMappingFactory - Using org.eclipse.m2e.jdt.JarLifecycleMapping lifecycle mapping for MavenProject: com.aop_project.ex:aop_01:0.0.1-SNAPSHOT @ D:\Spring\springWorkspace\aop_01\pom.xml.
2025-09-18 11:35:23,438 [Worker-52: Updating Maven Project] INFO  o.e.m.j.i.AbstractJavaProjectConfigurator - Adding source folder /aop_01/src/main/java
2025-09-18 11:35:23,440 [Worker-52: Updating Maven Project] INFO  o.e.m.j.i.AbstractJavaProjectConfigurator - Adding resource folder /aop_01/src/main/resources
2025-09-18 11:35:23,440 [Worker-52: Updating Maven Project] INFO  o.e.m.j.i.AbstractJavaProjectConfigurator - Adding source folder /aop_01/src/test/java
2025-09-18 11:35:23,440 [Worker-52: Updating Maven Project] INFO  o.e.m.j.i.AbstractJavaProjectConfigurator - Adding resource folder /aop_01/src/test/resources
2025-09-18 11:35:23,477 [Worker-52: Updating Maven Project] INFO  o.e.m.c.i.p.ProjectConfigurationManager - Update completed: 0 sec
2025-09-18 11:35:23,613 [Worker-52: Building] WARN  o.e.m.c.i.embedder.EclipseLogger - Using platform encoding (MS949 actually) to copy filtered resources, i.e. build is platform dependent!
2025-09-18 11:35:23,613 [Worker-52: Building] INFO  o.e.m.c.i.embedder.EclipseLogger - Copying 0 resource
2025-09-18 11:35:23,614 [Worker-52: Building] WARN  o.e.m.c.i.embedder.EclipseLogger - Using platform encoding (MS949 actually) to copy filtered resources, i.e. build is platform dependent!
2025-09-18 11:35:23,614 [Worker-52: Building] INFO  o.e.m.c.i.embedder.EclipseLogger - Copying 0 resource
2025-09-18 11:35:45,029 [Worker-52: Building] WARN  o.e.m.c.i.embedder.EclipseLogger - Using platform encoding (MS949 actually) to copy filtered resources, i.e. build is platform dependent!
2025-09-18 11:35:45,030 [Worker-52: Building] INFO  o.e.m.c.i.embedder.EclipseLogger - Copying 0 resource
2025-09-18 11:35:45,031 [Worker-52: Building] WARN  o.e.m.c.i.embedder.EclipseLogger - Using platform encoding (MS949 actually) to copy filtered resources, i.e. build is platform dependent!
2025-09-18 11:35:45,031 [Worker-52: Building] INFO  o.e.m.c.i.embedder.EclipseLogger - Copying 0 resource
2025-09-18 11:36:14,223 [Worker-53: Building] WARN  o.e.m.c.i.embedder.EclipseLogger - Using platform encoding (MS949 actually) to copy filtered resources, i.e. build is platform dependent!
2025-09-18 11:36:14,224 [Worker-53: Building] INFO  o.e.m.c.i.embedder.EclipseLogger - Copying 0 resource
2025-09-18 11:36:14,225 [Worker-53: Building] WARN  o.e.m.c.i.embedder.EclipseLogger - Using platform encoding (MS949 actually) to copy filtered resources, i.e. build is platform dependent!
2025-09-18 11:36:14,225 [Worker-53: Building] INFO  o.e.m.c.i.embedder.EclipseLogger - Copying 0 resource
2025-09-18 11:37:13,780 [Worker-48: Building] INFO  o.e.m.c.i.l.LifecycleMappingFactory - Using org.eclipse.m2e.jdt.JarLifecycleMapping lifecycle mapping for MavenProject: com.aop_project.ex:aop_01:0.0.1-SNAPSHOT @ D:\Spring\springWorkspace\aop_01\pom.xml.
2025-09-18 11:37:14,034 [Worker-48: Building] WARN  o.e.m.c.i.embedder.EclipseLogger - Using platform encoding (MS949 actually) to copy filtered resources, i.e. build is platform dependent!
2025-09-18 11:37:14,035 [Worker-48: Building] INFO  o.e.m.c.i.embedder.EclipseLogger - Copying 0 resource
2025-09-18 11:37:14,035 [Worker-48: Building] WARN  o.e.m.c.i.embedder.EclipseLogger - Using platform encoding (MS949 actually) to copy filtered resources, i.e. build is platform dependent!
2025-09-18 11:37:14,036 [Worker-48: Building] INFO  o.e.m.c.i.embedder.EclipseLogger - Copying 0 resource
2025-09-18 11:37:15,194 [Worker-49: Building] WARN  o.e.m.c.i.embedder.EclipseLogger - Using platform encoding (MS949 actually) to copy filtered resources, i.e. build is platform dependent!
2025-09-18 11:37:15,194 [Worker-49: Building] INFO  o.e.m.c.i.embedder.EclipseLogger - Copying 0 resource
2025-09-18 11:37:15,196 [Worker-49: Building] WARN  o.e.m.c.i.embedder.EclipseLogger - Using platform encoding (MS949 actually) to copy filtered resources, i.e. build is platform dependent!
2025-09-18 11:37:15,196 [Worker-49: Building] INFO  o.e.m.c.i.embedder.EclipseLogger - Copying 0 resource
2025-09-18 11:39:04,688 [Worker-55: Building] INFO  o.e.m.c.i.l.LifecycleMappingFactory - Using org.eclipse.m2e.jdt.JarLifecycleMapping lifecycle mapping for MavenProject: com.aop_project.ex:aop_01:0.0.1-SNAPSHOT @ D:\Spring\springWorkspace\aop_01\pom.xml.
2025-09-18 11:39:04,891 [Worker-55: Building] INFO  o.e.m.c.i.e.AbstractTransferListenerAdapter - Downloading https://repo.maven.apache.org/maven2/org/aspectj/aspectjweaver/1.9.22.1/aspectjweaver-1.9.22.1.pom
2025-09-18 11:39:04,936 [Worker-55: Building] INFO  o.e.m.c.i.e.AbstractTransferListenerAdapter - Downloaded https://repo.maven.apache.org/maven2/org/aspectj/aspectjweaver/1.9.22.1/aspectjweaver-1.9.22.1.pom
2025-09-18 11:39:04,964 [Worker-55: Building] INFO  o.e.m.c.i.e.AbstractTransferListenerAdapter - Downloading https://repo.maven.apache.org/maven2/org/aspectj/aspectjweaver/1.9.22.1/aspectjweaver-1.9.22.1.jar
2025-09-18 11:39:05,213 [Worker-55: Building] INFO  o.e.m.c.i.e.AbstractTransferListenerAdapter - Downloaded https://repo.maven.apache.org/maven2/org/aspectj/aspectjweaver/1.9.22.1/aspectjweaver-1.9.22.1.jar
2025-09-18 11:39:05,877 [Worker-55: Building] WARN  o.e.m.c.i.embedder.EclipseLogger - Using platform encoding (MS949 actually) to copy filtered resources, i.e. build is platform dependent!
2025-09-18 11:39:05,878 [Worker-55: Building] INFO  o.e.m.c.i.embedder.EclipseLogger - Copying 0 resource
2025-09-18 11:39:05,879 [Worker-55: Building] WARN  o.e.m.c.i.embedder.EclipseLogger - Using platform encoding (MS949 actually) to copy filtered resources, i.e. build is platform dependent!
2025-09-18 11:39:05,879 [Worker-55: Building] INFO  o.e.m.c.i.embedder.EclipseLogger - Copying 0 resource
2025-09-18 11:39:06,984 [Worker-49: Download sources and javadoc] INFO  o.e.m.c.i.e.AbstractTransferListenerAdapter - Downloading https://repo.maven.apache.org/maven2/org/aspectj/aspectjweaver/1.9.22.1/aspectjweaver-1.9.22.1-sources.jar
2025-09-18 11:39:07,089 [Worker-56: Building] WARN  o.e.m.c.i.embedder.EclipseLogger - Using platform encoding (MS949 actually) to copy filtered resources, i.e. build is platform dependent!
2025-09-18 11:39:07,090 [Worker-56: Building] INFO  o.e.m.c.i.embedder.EclipseLogger - Copying 0 resource
2025-09-18 11:39:07,092 [Worker-56: Building] WARN  o.e.m.c.i.embedder.EclipseLogger - Using platform encoding (MS949 actually) to copy filtered resources, i.e. build is platform dependent!
2025-09-18 11:39:07,092 [Worker-56: Building] INFO  o.e.m.c.i.embedder.EclipseLogger - Copying 0 resource
2025-09-18 11:39:07,204 [Worker-49: Download sources and javadoc] INFO  o.e.m.c.i.e.AbstractTransferListenerAdapter - Downloaded https://repo.maven.apache.org/maven2/org/aspectj/aspectjweaver/1.9.22.1/aspectjweaver-1.9.22.1-sources.jar
2025-09-18 11:39:07,247 [Worker-49: Download sources and javadoc] INFO  o.e.m.j.internal.DownloadSourcesJob - Downloaded sources for org.aspectj:aspectjweaver:1.9.22.1
2025-09-18 11:39:08,161 [Worker-56: Building] WARN  o.e.m.c.i.embedder.EclipseLogger - Using platform encoding (MS949 actually) to copy filtered resources, i.e. build is platform dependent!
2025-09-18 11:39:08,162 [Worker-56: Building] INFO  o.e.m.c.i.embedder.EclipseLogger - Copying 0 resource
2025-09-18 11:39:08,163 [Worker-56: Building] WARN  o.e.m.c.i.embedder.EclipseLogger - Using platform encoding (MS949 actually) to copy filtered resources, i.e. build is platform dependent!
2025-09-18 11:39:08,163 [Worker-56: Building] INFO  o.e.m.c.i.embedder.EclipseLogger - Copying 0 resource
2025-09-18 11:41:06,460 [Worker-59: Building] WARN  o.e.m.c.i.embedder.EclipseLogger - Using platform encoding (MS949 actually) to copy filtered resources, i.e. build is platform dependent!
2025-09-18 11:41:06,461 [Worker-59: Building] INFO  o.e.m.c.i.embedder.EclipseLogger - Copying 1 resource
2025-09-18 11:41:06,463 [Worker-59: Building] WARN  o.e.m.c.i.embedder.EclipseLogger - Using platform encoding (MS949 actually) to copy filtered resources, i.e. build is platform dependent!
2025-09-18 11:41:06,464 [Worker-59: Building] INFO  o.e.m.c.i.embedder.EclipseLogger - Copying 0 resource
2025-09-18 11:41:24,283 [Worker-57: Building] WARN  o.e.m.c.i.embedder.EclipseLogger - Using platform encoding (MS949 actually) to copy filtered resources, i.e. build is platform dependent!
2025-09-18 11:41:24,284 [Worker-57: Building] INFO  o.e.m.c.i.embedder.EclipseLogger - Copying 1 resource
2025-09-18 11:41:24,285 [Worker-57: Building] WARN  o.e.m.c.i.embedder.EclipseLogger - Using platform encoding (MS949 actually) to copy filtered resources, i.e. build is platform dependent!
2025-09-18 11:41:24,285 [Worker-57: Building] INFO  o.e.m.c.i.embedder.EclipseLogger - Copying 0 resource
2025-09-18 11:42:11,582 [Worker-52: Building] WARN  o.e.m.c.i.embedder.EclipseLogger - Using platform encoding (MS949 actually) to copy filtered resources, i.e. build is platform dependent!
2025-09-18 11:42:11,583 [Worker-52: Building] INFO  o.e.m.c.i.embedder.EclipseLogger - Copying 1 resource
2025-09-18 11:42:11,584 [Worker-52: Building] WARN  o.e.m.c.i.embedder.EclipseLogger - Using platform encoding (MS949 actually) to copy filtered resources, i.e. build is platform dependent!
2025-09-18 11:42:11,584 [Worker-52: Building] INFO  o.e.m.c.i.embedder.EclipseLogger - Copying 0 resource
2025-09-18 11:42:20,956 [Worker-57: Building] WARN  o.e.m.c.i.embedder.EclipseLogger - Using platform encoding (MS949 actually) to copy filtered resources, i.e. build is platform dependent!
2025-09-18 11:42:20,957 [Worker-57: Building] INFO  o.e.m.c.i.embedder.EclipseLogger - Copying 1 resource
2025-09-18 11:42:20,958 [Worker-57: Building] WARN  o.e.m.c.i.embedder.EclipseLogger - Using platform encoding (MS949 actually) to copy filtered resources, i.e. build is platform dependent!
2025-09-18 11:42:20,958 [Worker-57: Building] INFO  o.e.m.c.i.embedder.EclipseLogger - Copying 0 resource
2025-09-18 11:42:36,498 [Worker-58: Building] WARN  o.e.m.c.i.embedder.EclipseLogger - Using platform encoding (MS949 actually) to copy filtered resources, i.e. build is platform dependent!
2025-09-18 11:42:36,499 [Worker-58: Building] INFO  o.e.m.c.i.embedder.EclipseLogger - Copying 1 resource
2025-09-18 11:42:36,500 [Worker-58: Building] WARN  o.e.m.c.i.embedder.EclipseLogger - Using platform encoding (MS949 actually) to copy filtered resources, i.e. build is platform dependent!
2025-09-18 11:42:36,501 [Worker-58: Building] INFO  o.e.m.c.i.embedder.EclipseLogger - Copying 0 resource
2025-09-18 11:42:37,567 [Worker-52: Building] WARN  o.e.m.c.i.embedder.EclipseLogger - Using platform encoding (MS949 actually) to copy filtered resources, i.e. build is platform dependent!
2025-09-18 11:42:37,567 [Worker-52: Building] INFO  o.e.m.c.i.embedder.EclipseLogger - Copying 1 resource
2025-09-18 11:42:37,568 [Worker-52: Building] WARN  o.e.m.c.i.embedder.EclipseLogger - Using platform encoding (MS949 actually) to copy filtered resources, i.e. build is platform dependent!
2025-09-18 11:42:37,568 [Worker-52: Building] INFO  o.e.m.c.i.embedder.EclipseLogger - Copying 0 resource
2025-09-18 11:43:06,715 [Worker-52: Building] WARN  o.e.m.c.i.embedder.EclipseLogger - Using platform encoding (MS949 actually) to copy filtered resources, i.e. build is platform dependent!
2025-09-18 11:43:06,716 [Worker-52: Building] INFO  o.e.m.c.i.embedder.EclipseLogger - Copying 1 resource
2025-09-18 11:43:06,718 [Worker-52: Building] WARN  o.e.m.c.i.embedder.EclipseLogger - Using platform encoding (MS949 actually) to copy filtered resources, i.e. build is platform dependent!
2025-09-18 11:43:06,718 [Worker-52: Building] INFO  o.e.m.c.i.embedder.EclipseLogger - Copying 0 resource
2025-09-18 11:44:28,270 [Worker-59: Building] WARN  o.e.m.c.i.embedder.EclipseLogger - Using platform encoding (MS949 actually) to copy filtered resources, i.e. build is platform dependent!
2025-09-18 11:44:28,271 [Worker-59: Building] INFO  o.e.m.c.i.embedder.EclipseLogger - Copying 1 resource
2025-09-18 11:44:28,273 [Worker-59: Building] WARN  o.e.m.c.i.embedder.EclipseLogger - Using platform encoding (MS949 actually) to copy filtered resources, i.e. build is platform dependent!
2025-09-18 11:44:28,273 [Worker-59: Building] INFO  o.e.m.c.i.embedder.EclipseLogger - Copying 0 resource
2025-09-18 11:45:17,692 [Worker-60: Building] WARN  o.e.m.c.i.embedder.EclipseLogger - Using platform encoding (MS949 actually) to copy filtered resources, i.e. build is platform dependent!
2025-09-18 11:45:17,692 [Worker-60: Building] INFO  o.e.m.c.i.embedder.EclipseLogger - Copying 1 resource
2025-09-18 11:45:17,692 [Worker-60: Building] WARN  o.e.m.c.i.embedder.EclipseLogger - Using platform encoding (MS949 actually) to copy filtered resources, i.e. build is platform dependent!
2025-09-18 11:45:17,693 [Worker-60: Building] INFO  o.e.m.c.i.embedder.EclipseLogger - Copying 0 resource
2025-09-18 11:47:56,253 [Worker-57: Building] WARN  o.e.m.c.i.embedder.EclipseLogger - Using platform encoding (MS949 actually) to copy filtered resources, i.e. build is platform dependent!
2025-09-18 11:47:56,255 [Worker-57: Building] INFO  o.e.m.c.i.embedder.EclipseLogger - Copying 1 resource
2025-09-18 11:47:56,255 [Worker-57: Building] WARN  o.e.m.c.i.embedder.EclipseLogger - Using platform encoding (MS949 actually) to copy filtered resources, i.e. build is platform dependent!
2025-09-18 11:47:56,255 [Worker-57: Building] INFO  o.e.m.c.i.embedder.EclipseLogger - Copying 0 resource
2025-09-18 13:07:57,666 [Worker-65: Building] WARN  o.e.m.c.i.embedder.EclipseLogger - Using platform encoding (MS949 actually) to copy filtered resources, i.e. build is platform dependent!
2025-09-18 13:07:57,667 [Worker-65: Building] INFO  o.e.m.c.i.embedder.EclipseLogger - Copying 1 resource
2025-09-18 13:07:57,668 [Worker-65: Building] WARN  o.e.m.c.i.embedder.EclipseLogger - Using platform encoding (MS949 actually) to copy filtered resources, i.e. build is platform dependent!
2025-09-18 13:07:57,668 [Worker-65: Building] INFO  o.e.m.c.i.embedder.EclipseLogger - Copying 0 resource
2025-09-18 13:07:59,592 [Worker-68: Building] WARN  o.e.m.c.i.embedder.EclipseLogger - Using platform encoding (MS949 actually) to copy filtered resources, i.e. build is platform dependent!
2025-09-18 13:07:59,592 [Worker-68: Building] INFO  o.e.m.c.i.embedder.EclipseLogger - Copying 1 resource
2025-09-18 13:07:59,594 [Worker-68: Building] WARN  o.e.m.c.i.embedder.EclipseLogger - Using platform encoding (MS949 actually) to copy filtered resources, i.e. build is platform dependent!
2025-09-18 13:07:59,594 [Worker-68: Building] INFO  o.e.m.c.i.embedder.EclipseLogger - Copying 0 resource
2025-09-18 13:08:01,207 [Worker-67: Building] WARN  o.e.m.c.i.embedder.EclipseLogger - Using platform encoding (MS949 actually) to copy filtered resources, i.e. build is platform dependent!
2025-09-18 13:08:01,208 [Worker-67: Building] INFO  o.e.m.c.i.embedder.EclipseLogger - Copying 1 resource
2025-09-18 13:08:01,209 [Worker-67: Building] WARN  o.e.m.c.i.embedder.EclipseLogger - Using platform encoding (MS949 actually) to copy filtered resources, i.e. build is platform dependent!
2025-09-18 13:08:01,210 [Worker-67: Building] INFO  o.e.m.c.i.embedder.EclipseLogger - Copying 0 resource
2025-09-18 13:08:12,555 [Worker-69: Updating Maven Project] INFO  o.e.m.c.i.p.ProjectConfigurationManager - Update started
2025-09-18 13:08:12,735 [Worker-69: Updating Maven Project] INFO  o.e.m.c.i.l.LifecycleMappingFactory - Using org.eclipse.m2e.jdt.JarLifecycleMapping lifecycle mapping for MavenProject: com.aop_project.ex:aop_01:0.0.1-SNAPSHOT @ D:\Spring\springWorkspace\aop_01\pom.xml.
2025-09-18 13:08:12,827 [Worker-69: Updating Maven Project] INFO  o.e.m.j.i.AbstractJavaProjectConfigurator - Adding source folder /aop_01/src/main/java
2025-09-18 13:08:12,827 [Worker-69: Updating Maven Project] INFO  o.e.m.j.i.AbstractJavaProjectConfigurator - Adding resource folder /aop_01/src/main/resources
2025-09-18 13:08:12,828 [Worker-69: Updating Maven Project] INFO  o.e.m.j.i.AbstractJavaProjectConfigurator - Adding source folder /aop_01/src/test/java
2025-09-18 13:08:12,828 [Worker-69: Updating Maven Project] INFO  o.e.m.j.i.AbstractJavaProjectConfigurator - Adding resource folder /aop_01/src/test/resources
2025-09-18 13:08:12,947 [Worker-69: Updating Maven Project] INFO  o.e.m.c.i.p.ProjectConfigurationManager - Update completed: 0 sec
2025-09-18 13:08:13,175 [Worker-70: Building] WARN  o.e.m.c.i.embedder.EclipseLogger - Using platform encoding (MS949 actually) to copy filtered resources, i.e. build is platform dependent!
2025-09-18 13:08:13,176 [Worker-70: Building] INFO  o.e.m.c.i.embedder.EclipseLogger - Copying 1 resource
2025-09-18 13:08:13,177 [Worker-70: Building] WARN  o.e.m.c.i.embedder.EclipseLogger - Using platform encoding (MS949 actually) to copy filtered resources, i.e. build is platform dependent!
2025-09-18 13:08:13,178 [Worker-70: Building] INFO  o.e.m.c.i.embedder.EclipseLogger - Copying 0 resource
2025-09-18 13:08:30,134 [Worker-62: Building] WARN  o.e.m.c.i.embedder.EclipseLogger - Using platform encoding (MS949 actually) to copy filtered resources, i.e. build is platform dependent!
2025-09-18 13:08:30,135 [Worker-62: Building] INFO  o.e.m.c.i.embedder.EclipseLogger - Copying 1 resource
2025-09-18 13:08:30,136 [Worker-62: Building] WARN  o.e.m.c.i.embedder.EclipseLogger - Using platform encoding (MS949 actually) to copy filtered resources, i.e. build is platform dependent!
2025-09-18 13:08:30,136 [Worker-62: Building] INFO  o.e.m.c.i.embedder.EclipseLogger - Copying 0 resource
2025-09-18 13:30:52,210 [Worker-79: Building] WARN  o.e.m.c.i.embedder.EclipseLogger - Using platform encoding (MS949 actually) to copy filtered resources, i.e. build is platform dependent!
2025-09-18 13:30:52,211 [Worker-79: Building] INFO  o.e.m.c.i.embedder.EclipseLogger - Copying 1 resource
2025-09-18 13:30:52,211 [Worker-79: Building] WARN  o.e.m.c.i.embedder.EclipseLogger - Using platform encoding (MS949 actually) to copy filtered resources, i.e. build is platform dependent!
2025-09-18 13:30:52,211 [Worker-79: Building] INFO  o.e.m.c.i.embedder.EclipseLogger - Copying 0 resource
2025-09-18 13:33:12,033 [Worker-82: Building] WARN  o.e.m.c.i.embedder.EclipseLogger - Using platform encoding (MS949 actually) to copy filtered resources, i.e. build is platform dependent!
2025-09-18 13:33:12,034 [Worker-82: Building] INFO  o.e.m.c.i.embedder.EclipseLogger - Copying 1 resource
2025-09-18 13:33:12,035 [Worker-82: Building] WARN  o.e.m.c.i.embedder.EclipseLogger - Using platform encoding (MS949 actually) to copy filtered resources, i.e. build is platform dependent!
2025-09-18 13:33:12,035 [Worker-82: Building] INFO  o.e.m.c.i.embedder.EclipseLogger - Copying 0 resource
2025-09-18 13:33:41,006 [Worker-84: Building] WARN  o.e.m.c.i.embedder.EclipseLogger - Using platform encoding (MS949 actually) to copy filtered resources, i.e. build is platform dependent!
2025-09-18 13:33:41,007 [Worker-84: Building] INFO  o.e.m.c.i.embedder.EclipseLogger - Copying 1 resource
2025-09-18 13:33:41,008 [Worker-84: Building] WARN  o.e.m.c.i.embedder.EclipseLogger - Using platform encoding (MS949 actually) to copy filtered resources, i.e. build is platform dependent!
2025-09-18 13:33:41,009 [Worker-84: Building] INFO  o.e.m.c.i.embedder.EclipseLogger - Copying 0 resource
2025-09-18 13:33:45,908 [Worker-81: Building] WARN  o.e.m.c.i.embedder.EclipseLogger - Using platform encoding (MS949 actually) to copy filtered resources, i.e. build is platform dependent!
2025-09-18 13:33:45,909 [Worker-81: Building] INFO  o.e.m.c.i.embedder.EclipseLogger - Copying 1 resource
2025-09-18 13:33:45,909 [Worker-81: Building] WARN  o.e.m.c.i.embedder.EclipseLogger - Using platform encoding (MS949 actually) to copy filtered resources, i.e. build is platform dependent!
2025-09-18 13:33:45,909 [Worker-81: Building] INFO  o.e.m.c.i.embedder.EclipseLogger - Copying 0 resource
2025-09-18 13:36:43,690 [Worker-80: Building] WARN  o.e.m.c.i.embedder.EclipseLogger - Using platform encoding (MS949 actually) to copy filtered resources, i.e. build is platform dependent!
2025-09-18 13:36:43,691 [Worker-80: Building] INFO  o.e.m.c.i.embedder.EclipseLogger - Copying 1 resource
2025-09-18 13:36:43,691 [Worker-80: Building] WARN  o.e.m.c.i.embedder.EclipseLogger - Using platform encoding (MS949 actually) to copy filtered resources, i.e. build is platform dependent!
2025-09-18 13:36:43,692 [Worker-80: Building] INFO  o.e.m.c.i.embedder.EclipseLogger - Copying 0 resource
2025-09-18 13:37:20,074 [Worker-84: Building] WARN  o.e.m.c.i.embedder.EclipseLogger - Using platform encoding (MS949 actually) to copy filtered resources, i.e. build is platform dependent!
2025-09-18 13:37:20,075 [Worker-84: Building] INFO  o.e.m.c.i.embedder.EclipseLogger - Copying 1 resource
2025-09-18 13:37:20,076 [Worker-84: Building] WARN  o.e.m.c.i.embedder.EclipseLogger - Using platform encoding (MS949 actually) to copy filtered resources, i.e. build is platform dependent!
2025-09-18 13:37:20,076 [Worker-84: Building] INFO  o.e.m.c.i.embedder.EclipseLogger - Copying 0 resource
2025-09-18 13:39:15,894 [Worker-81: Building] WARN  o.e.m.c.i.embedder.EclipseLogger - Using platform encoding (MS949 actually) to copy filtered resources, i.e. build is platform dependent!
2025-09-18 13:39:15,895 [Worker-81: Building] INFO  o.e.m.c.i.embedder.EclipseLogger - Copying 1 resource
2025-09-18 13:39:15,896 [Worker-81: Building] WARN  o.e.m.c.i.embedder.EclipseLogger - Using platform encoding (MS949 actually) to copy filtered resources, i.e. build is platform dependent!
2025-09-18 13:39:15,896 [Worker-81: Building] INFO  o.e.m.c.i.embedder.EclipseLogger - Copying 0 resource
2025-09-18 13:49:54,319 [Worker-84: Building] WARN  o.e.m.c.i.embedder.EclipseLogger - Using platform encoding (MS949 actually) to copy filtered resources, i.e. build is platform dependent!
2025-09-18 13:49:54,320 [Worker-84: Building] INFO  o.e.m.c.i.embedder.EclipseLogger - Copying 1 resource
2025-09-18 13:49:54,323 [Worker-84: Building] WARN  o.e.m.c.i.embedder.EclipseLogger - Using platform encoding (MS949 actually) to copy filtered resources, i.e. build is platform dependent!
2025-09-18 13:49:54,323 [Worker-84: Building] INFO  o.e.m.c.i.embedder.EclipseLogger - Copying 0 resource
2025-09-18 14:10:58,978 [Worker-81: Building] WARN  o.e.m.c.i.embedder.EclipseLogger - Using platform encoding (MS949 actually) to copy filtered resources, i.e. build is platform dependent!
2025-09-18 14:10:58,979 [Worker-81: Building] INFO  o.e.m.c.i.embedder.EclipseLogger - Copying 1 resource
2025-09-18 14:10:58,980 [Worker-81: Building] WARN  o.e.m.c.i.embedder.EclipseLogger - Using platform encoding (MS949 actually) to copy filtered resources, i.e. build is platform dependent!
2025-09-18 14:10:58,980 [Worker-81: Building] INFO  o.e.m.c.i.embedder.EclipseLogger - Copying 0 resource
2025-09-18 14:18:34,780 [Worker-98: Building] WARN  o.e.m.c.i.embedder.EclipseLogger - Using platform encoding (MS949 actually) to copy filtered resources, i.e. build is platform dependent!
2025-09-18 14:18:34,781 [Worker-98: Building] INFO  o.e.m.c.i.embedder.EclipseLogger - Copying 1 resource
2025-09-18 14:18:34,782 [Worker-98: Building] WARN  o.e.m.c.i.embedder.EclipseLogger - Using platform encoding (MS949 actually) to copy filtered resources, i.e. build is platform dependent!
2025-09-18 14:18:34,783 [Worker-98: Building] INFO  o.e.m.c.i.embedder.EclipseLogger - Copying 0 resource
2025-09-18 14:19:25,819 [Worker-99: Building] WARN  o.e.m.c.i.embedder.EclipseLogger - Using platform encoding (MS949 actually) to copy filtered resources, i.e. build is platform dependent!
2025-09-18 14:19:25,820 [Worker-99: Building] INFO  o.e.m.c.i.embedder.EclipseLogger - Copying 1 resource
2025-09-18 14:19:25,821 [Worker-99: Building] WARN  o.e.m.c.i.embedder.EclipseLogger - Using platform encoding (MS949 actually) to copy filtered resources, i.e. build is platform dependent!
2025-09-18 14:19:25,822 [Worker-99: Building] INFO  o.e.m.c.i.embedder.EclipseLogger - Copying 0 resource
2025-09-18 14:19:47,139 [Worker-98: Building] WARN  o.e.m.c.i.embedder.EclipseLogger - Using platform encoding (MS949 actually) to copy filtered resources, i.e. build is platform dependent!
2025-09-18 14:19:47,140 [Worker-98: Building] INFO  o.e.m.c.i.embedder.EclipseLogger - Copying 2 resources
2025-09-18 14:19:47,141 [Worker-98: Building] WARN  o.e.m.c.i.embedder.EclipseLogger - Using platform encoding (MS949 actually) to copy filtered resources, i.e. build is platform dependent!
2025-09-18 14:19:47,141 [Worker-98: Building] INFO  o.e.m.c.i.embedder.EclipseLogger - Copying 0 resource
2025-09-18 14:19:56,679 [Worker-100: Building] WARN  o.e.m.c.i.embedder.EclipseLogger - Using platform encoding (MS949 actually) to copy filtered resources, i.e. build is platform dependent!
2025-09-18 14:19:56,680 [Worker-100: Building] INFO  o.e.m.c.i.embedder.EclipseLogger - Copying 2 resources
2025-09-18 14:19:56,681 [Worker-100: Building] WARN  o.e.m.c.i.embedder.EclipseLogger - Using platform encoding (MS949 actually) to copy filtered resources, i.e. build is platform dependent!
2025-09-18 14:19:56,681 [Worker-100: Building] INFO  o.e.m.c.i.embedder.EclipseLogger - Copying 0 resource
2025-09-18 14:20:12,810 [Worker-99: Building] WARN  o.e.m.c.i.embedder.EclipseLogger - Using platform encoding (MS949 actually) to copy filtered resources, i.e. build is platform dependent!
2025-09-18 14:20:12,811 [Worker-99: Building] INFO  o.e.m.c.i.embedder.EclipseLogger - Copying 2 resources
2025-09-18 14:20:12,812 [Worker-99: Building] WARN  o.e.m.c.i.embedder.EclipseLogger - Using platform encoding (MS949 actually) to copy filtered resources, i.e. build is platform dependent!
2025-09-18 14:20:12,812 [Worker-99: Building] INFO  o.e.m.c.i.embedder.EclipseLogger - Copying 0 resource
2025-09-18 14:21:07,620 [Worker-93: Building] WARN  o.e.m.c.i.embedder.EclipseLogger - Using platform encoding (MS949 actually) to copy filtered resources, i.e. build is platform dependent!
2025-09-18 14:21:07,621 [Worker-93: Building] INFO  o.e.m.c.i.embedder.EclipseLogger - Copying 2 resources
2025-09-18 14:21:07,621 [Worker-93: Building] WARN  o.e.m.c.i.embedder.EclipseLogger - Using platform encoding (MS949 actually) to copy filtered resources, i.e. build is platform dependent!
2025-09-18 14:21:07,622 [Worker-93: Building] INFO  o.e.m.c.i.embedder.EclipseLogger - Copying 0 resource
2025-09-18 14:21:17,185 [Worker-101: Building] WARN  o.e.m.c.i.embedder.EclipseLogger - Using platform encoding (MS949 actually) to copy filtered resources, i.e. build is platform dependent!
2025-09-18 14:21:17,186 [Worker-101: Building] INFO  o.e.m.c.i.embedder.EclipseLogger - Copying 2 resources
2025-09-18 14:21:17,186 [Worker-101: Building] WARN  o.e.m.c.i.embedder.EclipseLogger - Using platform encoding (MS949 actually) to copy filtered resources, i.e. build is platform dependent!
2025-09-18 14:21:17,187 [Worker-101: Building] INFO  o.e.m.c.i.embedder.EclipseLogger - Copying 0 resource
2025-09-18 14:24:12,731 [Worker-93: Building] WARN  o.e.m.c.i.embedder.EclipseLogger - Using platform encoding (MS949 actually) to copy filtered resources, i.e. build is platform dependent!
2025-09-18 14:24:12,732 [Worker-93: Building] INFO  o.e.m.c.i.embedder.EclipseLogger - Copying 2 resources
2025-09-18 14:24:12,733 [Worker-93: Building] WARN  o.e.m.c.i.embedder.EclipseLogger - Using platform encoding (MS949 actually) to copy filtered resources, i.e. build is platform dependent!
2025-09-18 14:24:12,733 [Worker-93: Building] INFO  o.e.m.c.i.embedder.EclipseLogger - Copying 0 resource
2025-09-18 14:24:31,748 [Worker-100: Building] WARN  o.e.m.c.i.embedder.EclipseLogger - Using platform encoding (MS949 actually) to copy filtered resources, i.e. build is platform dependent!
2025-09-18 14:24:31,748 [Worker-100: Building] INFO  o.e.m.c.i.embedder.EclipseLogger - Copying 2 resources
2025-09-18 14:24:31,749 [Worker-100: Building] WARN  o.e.m.c.i.embedder.EclipseLogger - Using platform encoding (MS949 actually) to copy filtered resources, i.e. build is platform dependent!
2025-09-18 14:24:31,749 [Worker-100: Building] INFO  o.e.m.c.i.embedder.EclipseLogger - Copying 0 resource
2025-09-18 14:24:43,682 [Worker-93: Building] WARN  o.e.m.c.i.embedder.EclipseLogger - Using platform encoding (MS949 actually) to copy filtered resources, i.e. build is platform dependent!
2025-09-18 14:24:43,683 [Worker-93: Building] INFO  o.e.m.c.i.embedder.EclipseLogger - Copying 2 resources
2025-09-18 14:24:43,684 [Worker-93: Building] WARN  o.e.m.c.i.embedder.EclipseLogger - Using platform encoding (MS949 actually) to copy filtered resources, i.e. build is platform dependent!
2025-09-18 14:24:43,685 [Worker-93: Building] INFO  o.e.m.c.i.embedder.EclipseLogger - Copying 0 resource
2025-09-18 14:27:01,717 [Worker-98: Building] WARN  o.e.m.c.i.embedder.EclipseLogger - Using platform encoding (MS949 actually) to copy filtered resources, i.e. build is platform dependent!
2025-09-18 14:27:01,719 [Worker-98: Building] INFO  o.e.m.c.i.embedder.EclipseLogger - Copying 2 resources
2025-09-18 14:27:01,720 [Worker-98: Building] WARN  o.e.m.c.i.embedder.EclipseLogger - Using platform encoding (MS949 actually) to copy filtered resources, i.e. build is platform dependent!
2025-09-18 14:27:01,720 [Worker-98: Building] INFO  o.e.m.c.i.embedder.EclipseLogger - Copying 0 resource
2025-09-18 14:27:14,968 [Worker-99: Building] WARN  o.e.m.c.i.embedder.EclipseLogger - Using platform encoding (MS949 actually) to copy filtered resources, i.e. build is platform dependent!
2025-09-18 14:27:14,969 [Worker-99: Building] INFO  o.e.m.c.i.embedder.EclipseLogger - Copying 2 resources
2025-09-18 14:27:14,970 [Worker-99: Building] WARN  o.e.m.c.i.embedder.EclipseLogger - Using platform encoding (MS949 actually) to copy filtered resources, i.e. build is platform dependent!
2025-09-18 14:27:14,970 [Worker-99: Building] INFO  o.e.m.c.i.embedder.EclipseLogger - Copying 0 resource
2025-09-18 14:30:59,759 [Worker-100: Building] WARN  o.e.m.c.i.embedder.EclipseLogger - Using platform encoding (MS949 actually) to copy filtered resources, i.e. build is platform dependent!
2025-09-18 14:30:59,760 [Worker-100: Building] INFO  o.e.m.c.i.embedder.EclipseLogger - Copying 2 resources
2025-09-18 14:30:59,762 [Worker-100: Building] WARN  o.e.m.c.i.embedder.EclipseLogger - Using platform encoding (MS949 actually) to copy filtered resources, i.e. build is platform dependent!
2025-09-18 14:30:59,762 [Worker-100: Building] INFO  o.e.m.c.i.embedder.EclipseLogger - Copying 0 resource
2025-09-18 14:31:14,415 [Worker-100: Building] WARN  o.e.m.c.i.embedder.EclipseLogger - Using platform encoding (MS949 actually) to copy filtered resources, i.e. build is platform dependent!
2025-09-18 14:31:14,416 [Worker-100: Building] INFO  o.e.m.c.i.embedder.EclipseLogger - Copying 2 resources
2025-09-18 14:31:14,416 [Worker-100: Building] WARN  o.e.m.c.i.embedder.EclipseLogger - Using platform encoding (MS949 actually) to copy filtered resources, i.e. build is platform dependent!
2025-09-18 14:31:14,416 [Worker-100: Building] INFO  o.e.m.c.i.embedder.EclipseLogger - Copying 0 resource
2025-09-18 14:32:19,217 [Worker-99: Building] WARN  o.e.m.c.i.embedder.EclipseLogger - Using platform encoding (MS949 actually) to copy filtered resources, i.e. build is platform dependent!
2025-09-18 14:32:19,218 [Worker-99: Building] INFO  o.e.m.c.i.embedder.EclipseLogger - Copying 2 resources
2025-09-18 14:32:19,218 [Worker-99: Building] WARN  o.e.m.c.i.embedder.EclipseLogger - Using platform encoding (MS949 actually) to copy filtered resources, i.e. build is platform dependent!
2025-09-18 14:32:19,219 [Worker-99: Building] INFO  o.e.m.c.i.embedder.EclipseLogger - Copying 0 resource
2025-09-18 14:33:50,572 [Worker-101: Building] WARN  o.e.m.c.i.embedder.EclipseLogger - Using platform encoding (MS949 actually) to copy filtered resources, i.e. build is platform dependent!
2025-09-18 14:33:50,573 [Worker-101: Building] INFO  o.e.m.c.i.embedder.EclipseLogger - Copying 2 resources
2025-09-18 14:33:50,574 [Worker-101: Building] WARN  o.e.m.c.i.embedder.EclipseLogger - Using platform encoding (MS949 actually) to copy filtered resources, i.e. build is platform dependent!
2025-09-18 14:33:50,575 [Worker-101: Building] INFO  o.e.m.c.i.embedder.EclipseLogger - Copying 0 resource
2025-09-18 14:35:58,495 [Worker-99: Building] WARN  o.e.m.c.i.embedder.EclipseLogger - Using platform encoding (MS949 actually) to copy filtered resources, i.e. build is platform dependent!
2025-09-18 14:35:58,495 [Worker-99: Building] INFO  o.e.m.c.i.embedder.EclipseLogger - Copying 1 resource
2025-09-18 14:35:58,497 [Worker-99: Building] WARN  o.e.m.c.i.embedder.EclipseLogger - Using platform encoding (MS949 actually) to copy filtered resources, i.e. build is platform dependent!
2025-09-18 14:35:58,497 [Worker-99: Building] INFO  o.e.m.c.i.embedder.EclipseLogger - Copying 0 resource
2025-09-18 14:36:42,667 [Worker-100: Building] WARN  o.e.m.c.i.embedder.EclipseLogger - Using platform encoding (MS949 actually) to copy filtered resources, i.e. build is platform dependent!
2025-09-18 14:36:42,667 [Worker-100: Building] INFO  o.e.m.c.i.embedder.EclipseLogger - Copying 2 resources
2025-09-18 14:36:42,668 [Worker-100: Building] WARN  o.e.m.c.i.embedder.EclipseLogger - Using platform encoding (MS949 actually) to copy filtered resources, i.e. build is platform dependent!
2025-09-18 14:36:42,669 [Worker-100: Building] INFO  o.e.m.c.i.embedder.EclipseLogger - Copying 0 resource
2025-09-18 14:37:13,132 [Worker-93: Building] WARN  o.e.m.c.i.embedder.EclipseLogger - Using platform encoding (MS949 actually) to copy filtered resources, i.e. build is platform dependent!
2025-09-18 14:37:13,133 [Worker-93: Building] INFO  o.e.m.c.i.embedder.EclipseLogger - Copying 2 resources
2025-09-18 14:37:13,135 [Worker-93: Building] WARN  o.e.m.c.i.embedder.EclipseLogger - Using platform encoding (MS949 actually) to copy filtered resources, i.e. build is platform dependent!
2025-09-18 14:37:13,135 [Worker-93: Building] INFO  o.e.m.c.i.embedder.EclipseLogger - Copying 0 resource
2025-09-18 14:37:17,463 [Worker-100: Building] WARN  o.e.m.c.i.embedder.EclipseLogger - Using platform encoding (MS949 actually) to copy filtered resources, i.e. build is platform dependent!
2025-09-18 14:37:17,464 [Worker-100: Building] INFO  o.e.m.c.i.embedder.EclipseLogger - Copying 2 resources
2025-09-18 14:37:17,465 [Worker-100: Building] WARN  o.e.m.c.i.embedder.EclipseLogger - Using platform encoding (MS949 actually) to copy filtered resources, i.e. build is platform dependent!
2025-09-18 14:37:17,466 [Worker-100: Building] INFO  o.e.m.c.i.embedder.EclipseLogger - Copying 0 resource
2025-09-18 14:37:35,162 [Worker-101: Building] WARN  o.e.m.c.i.embedder.EclipseLogger - Using platform encoding (MS949 actually) to copy filtered resources, i.e. build is platform dependent!
2025-09-18 14:37:35,162 [Worker-101: Building] INFO  o.e.m.c.i.embedder.EclipseLogger - Copying 2 resources
2025-09-18 14:37:35,163 [Worker-101: Building] WARN  o.e.m.c.i.embedder.EclipseLogger - Using platform encoding (MS949 actually) to copy filtered resources, i.e. build is platform dependent!
2025-09-18 14:37:35,164 [Worker-101: Building] INFO  o.e.m.c.i.embedder.EclipseLogger - Copying 0 resource
2025-09-18 14:37:39,820 [Worker-101: Building] WARN  o.e.m.c.i.embedder.EclipseLogger - Using platform encoding (MS949 actually) to copy filtered resources, i.e. build is platform dependent!
2025-09-18 14:37:39,821 [Worker-101: Building] INFO  o.e.m.c.i.embedder.EclipseLogger - Copying 2 resources
2025-09-18 14:37:39,822 [Worker-101: Building] WARN  o.e.m.c.i.embedder.EclipseLogger - Using platform encoding (MS949 actually) to copy filtered resources, i.e. build is platform dependent!
2025-09-18 14:37:39,823 [Worker-101: Building] INFO  o.e.m.c.i.embedder.EclipseLogger - Copying 0 resource
2025-09-18 14:37:46,341 [Worker-99: Building] WARN  o.e.m.c.i.embedder.EclipseLogger - Using platform encoding (MS949 actually) to copy filtered resources, i.e. build is platform dependent!
2025-09-18 14:37:46,342 [Worker-99: Building] INFO  o.e.m.c.i.embedder.EclipseLogger - Copying 2 resources
2025-09-18 14:37:46,343 [Worker-99: Building] WARN  o.e.m.c.i.embedder.EclipseLogger - Using platform encoding (MS949 actually) to copy filtered resources, i.e. build is platform dependent!
2025-09-18 14:37:46,343 [Worker-99: Building] INFO  o.e.m.c.i.embedder.EclipseLogger - Copying 0 resource
2025-09-18 14:37:55,218 [Worker-93: Building] WARN  o.e.m.c.i.embedder.EclipseLogger - Using platform encoding (MS949 actually) to copy filtered resources, i.e. build is platform dependent!
2025-09-18 14:37:55,218 [Worker-93: Building] INFO  o.e.m.c.i.embedder.EclipseLogger - Copying 2 resources
2025-09-18 14:37:55,219 [Worker-93: Building] WARN  o.e.m.c.i.embedder.EclipseLogger - Using platform encoding (MS949 actually) to copy filtered resources, i.e. build is platform dependent!
2025-09-18 14:37:55,220 [Worker-93: Building] INFO  o.e.m.c.i.embedder.EclipseLogger - Copying 0 resource
2025-09-18 14:38:06,812 [Worker-100: Building] WARN  o.e.m.c.i.embedder.EclipseLogger - Using platform encoding (MS949 actually) to copy filtered resources, i.e. build is platform dependent!
2025-09-18 14:38:06,813 [Worker-100: Building] INFO  o.e.m.c.i.embedder.EclipseLogger - Copying 2 resources
2025-09-18 14:38:06,815 [Worker-100: Building] WARN  o.e.m.c.i.embedder.EclipseLogger - Using platform encoding (MS949 actually) to copy filtered resources, i.e. build is platform dependent!
2025-09-18 14:38:06,815 [Worker-100: Building] INFO  o.e.m.c.i.embedder.EclipseLogger - Copying 0 resource
2025-09-18 14:38:15,958 [Worker-104: Building] WARN  o.e.m.c.i.embedder.EclipseLogger - Using platform encoding (MS949 actually) to copy filtered resources, i.e. build is platform dependent!
2025-09-18 14:38:15,959 [Worker-104: Building] INFO  o.e.m.c.i.embedder.EclipseLogger - Copying 2 resources
2025-09-18 14:38:15,960 [Worker-104: Building] WARN  o.e.m.c.i.embedder.EclipseLogger - Using platform encoding (MS949 actually) to copy filtered resources, i.e. build is platform dependent!
2025-09-18 14:38:15,960 [Worker-104: Building] INFO  o.e.m.c.i.embedder.EclipseLogger - Copying 0 resource
2025-09-18 14:38:27,956 [Worker-99: Building] WARN  o.e.m.c.i.embedder.EclipseLogger - Using platform encoding (MS949 actually) to copy filtered resources, i.e. build is platform dependent!
2025-09-18 14:38:27,957 [Worker-99: Building] INFO  o.e.m.c.i.embedder.EclipseLogger - Copying 2 resources
2025-09-18 14:38:27,958 [Worker-99: Building] WARN  o.e.m.c.i.embedder.EclipseLogger - Using platform encoding (MS949 actually) to copy filtered resources, i.e. build is platform dependent!
2025-09-18 14:38:27,958 [Worker-99: Building] INFO  o.e.m.c.i.embedder.EclipseLogger - Copying 0 resource
2025-09-18 14:38:39,994 [Worker-93: Building] WARN  o.e.m.c.i.embedder.EclipseLogger - Using platform encoding (MS949 actually) to copy filtered resources, i.e. build is platform dependent!
2025-09-18 14:38:39,995 [Worker-93: Building] INFO  o.e.m.c.i.embedder.EclipseLogger - Copying 2 resources
2025-09-18 14:38:39,996 [Worker-93: Building] WARN  o.e.m.c.i.embedder.EclipseLogger - Using platform encoding (MS949 actually) to copy filtered resources, i.e. build is platform dependent!
2025-09-18 14:38:39,996 [Worker-93: Building] INFO  o.e.m.c.i.embedder.EclipseLogger - Copying 0 resource
2025-09-18 14:39:31,024 [Worker-101: Building] WARN  o.e.m.c.i.embedder.EclipseLogger - Using platform encoding (MS949 actually) to copy filtered resources, i.e. build is platform dependent!
2025-09-18 14:39:31,025 [Worker-101: Building] INFO  o.e.m.c.i.embedder.EclipseLogger - Copying 2 resources
2025-09-18 14:39:31,026 [Worker-101: Building] WARN  o.e.m.c.i.embedder.EclipseLogger - Using platform encoding (MS949 actually) to copy filtered resources, i.e. build is platform dependent!
2025-09-18 14:39:31,026 [Worker-101: Building] INFO  o.e.m.c.i.embedder.EclipseLogger - Copying 0 resource
2025-09-18 14:40:02,073 [Worker-99: Building] WARN  o.e.m.c.i.embedder.EclipseLogger - Using platform encoding (MS949 actually) to copy filtered resources, i.e. build is platform dependent!
2025-09-18 14:40:02,074 [Worker-99: Building] INFO  o.e.m.c.i.embedder.EclipseLogger - Copying 2 resources
2025-09-18 14:40:02,075 [Worker-99: Building] WARN  o.e.m.c.i.embedder.EclipseLogger - Using platform encoding (MS949 actually) to copy filtered resources, i.e. build is platform dependent!
2025-09-18 14:40:02,075 [Worker-99: Building] INFO  o.e.m.c.i.embedder.EclipseLogger - Copying 0 resource
2025-09-18 14:40:11,089 [Worker-99: Building] WARN  o.e.m.c.i.embedder.EclipseLogger - Using platform encoding (MS949 actually) to copy filtered resources, i.e. build is platform dependent!
2025-09-18 14:40:11,090 [Worker-99: Building] INFO  o.e.m.c.i.embedder.EclipseLogger - Copying 2 resources
2025-09-18 14:40:11,091 [Worker-99: Building] WARN  o.e.m.c.i.embedder.EclipseLogger - Using platform encoding (MS949 actually) to copy filtered resources, i.e. build is platform dependent!
2025-09-18 14:40:11,091 [Worker-99: Building] INFO  o.e.m.c.i.embedder.EclipseLogger - Copying 0 resource
2025-09-18 14:42:18,359 [Worker-99: Building] WARN  o.e.m.c.i.embedder.EclipseLogger - Using platform encoding (MS949 actually) to copy filtered resources, i.e. build is platform dependent!
2025-09-18 14:42:18,360 [Worker-99: Building] INFO  o.e.m.c.i.embedder.EclipseLogger - Copying 2 resources
2025-09-18 14:42:18,360 [Worker-99: Building] WARN  o.e.m.c.i.embedder.EclipseLogger - Using platform encoding (MS949 actually) to copy filtered resources, i.e. build is platform dependent!
2025-09-18 14:42:18,361 [Worker-99: Building] INFO  o.e.m.c.i.embedder.EclipseLogger - Copying 0 resource
2025-09-18 14:42:28,960 [Worker-106: Building] WARN  o.e.m.c.i.embedder.EclipseLogger - Using platform encoding (MS949 actually) to copy filtered resources, i.e. build is platform dependent!
2025-09-18 14:42:28,961 [Worker-106: Building] INFO  o.e.m.c.i.embedder.EclipseLogger - Copying 2 resources
2025-09-18 14:42:28,961 [Worker-106: Building] WARN  o.e.m.c.i.embedder.EclipseLogger - Using platform encoding (MS949 actually) to copy filtered resources, i.e. build is platform dependent!
2025-09-18 14:42:28,961 [Worker-106: Building] INFO  o.e.m.c.i.embedder.EclipseLogger - Copying 0 resource
2025-09-18 14:42:39,384 [Worker-99: Building] WARN  o.e.m.c.i.embedder.EclipseLogger - Using platform encoding (MS949 actually) to copy filtered resources, i.e. build is platform dependent!
2025-09-18 14:42:39,385 [Worker-99: Building] INFO  o.e.m.c.i.embedder.EclipseLogger - Copying 2 resources
2025-09-18 14:42:39,386 [Worker-99: Building] WARN  o.e.m.c.i.embedder.EclipseLogger - Using platform encoding (MS949 actually) to copy filtered resources, i.e. build is platform dependent!
2025-09-18 14:42:39,386 [Worker-99: Building] INFO  o.e.m.c.i.embedder.EclipseLogger - Copying 0 resource
2025-09-18 14:43:09,314 [Worker-99: Building] WARN  o.e.m.c.i.embedder.EclipseLogger - Using platform encoding (MS949 actually) to copy filtered resources, i.e. build is platform dependent!
2025-09-18 14:43:09,316 [Worker-99: Building] INFO  o.e.m.c.i.embedder.EclipseLogger - Copying 2 resources
2025-09-18 14:43:09,317 [Worker-99: Building] WARN  o.e.m.c.i.embedder.EclipseLogger - Using platform encoding (MS949 actually) to copy filtered resources, i.e. build is platform dependent!
2025-09-18 14:43:09,318 [Worker-99: Building] INFO  o.e.m.c.i.embedder.EclipseLogger - Copying 0 resource
2025-09-18 14:43:57,245 [Worker-93: Building] WARN  o.e.m.c.i.embedder.EclipseLogger - Using platform encoding (MS949 actually) to copy filtered resources, i.e. build is platform dependent!
2025-09-18 14:43:57,246 [Worker-93: Building] INFO  o.e.m.c.i.embedder.EclipseLogger - Copying 2 resources
2025-09-18 14:43:57,246 [Worker-93: Building] WARN  o.e.m.c.i.embedder.EclipseLogger - Using platform encoding (MS949 actually) to copy filtered resources, i.e. build is platform dependent!
2025-09-18 14:43:57,246 [Worker-93: Building] INFO  o.e.m.c.i.embedder.EclipseLogger - Copying 0 resource
2025-09-18 14:44:27,102 [Worker-106: Building] WARN  o.e.m.c.i.embedder.EclipseLogger - Using platform encoding (MS949 actually) to copy filtered resources, i.e. build is platform dependent!
2025-09-18 14:44:27,103 [Worker-106: Building] INFO  o.e.m.c.i.embedder.EclipseLogger - Copying 1 resource
2025-09-18 14:44:27,104 [Worker-106: Building] WARN  o.e.m.c.i.embedder.EclipseLogger - Using platform encoding (MS949 actually) to copy filtered resources, i.e. build is platform dependent!
2025-09-18 14:44:27,105 [Worker-106: Building] INFO  o.e.m.c.i.embedder.EclipseLogger - Copying 0 resource
2025-09-18 14:44:38,986 [Worker-106: Building] WARN  o.e.m.c.i.embedder.EclipseLogger - Using platform encoding (MS949 actually) to copy filtered resources, i.e. build is platform dependent!
2025-09-18 14:44:38,987 [Worker-106: Building] INFO  o.e.m.c.i.embedder.EclipseLogger - Copying 3 resources
2025-09-18 14:44:38,988 [Worker-106: Building] WARN  o.e.m.c.i.embedder.EclipseLogger - Using platform encoding (MS949 actually) to copy filtered resources, i.e. build is platform dependent!
2025-09-18 14:44:38,988 [Worker-106: Building] INFO  o.e.m.c.i.embedder.EclipseLogger - Copying 0 resource
2025-09-18 14:48:53,278 [Worker-108: Building] WARN  o.e.m.c.i.embedder.EclipseLogger - Using platform encoding (MS949 actually) to copy filtered resources, i.e. build is platform dependent!
2025-09-18 14:48:53,279 [Worker-108: Building] INFO  o.e.m.c.i.embedder.EclipseLogger - Copying 1 resource
2025-09-18 14:48:53,281 [Worker-108: Building] WARN  o.e.m.c.i.embedder.EclipseLogger - Using platform encoding (MS949 actually) to copy filtered resources, i.e. build is platform dependent!
2025-09-18 14:48:53,281 [Worker-108: Building] INFO  o.e.m.c.i.embedder.EclipseLogger - Copying 0 resource
2025-09-18 15:05:15,760 [Worker-99: Building] WARN  o.e.m.c.i.embedder.EclipseLogger - Using platform encoding (MS949 actually) to copy filtered resources, i.e. build is platform dependent!
2025-09-18 15:05:15,762 [Worker-99: Building] INFO  o.e.m.c.i.embedder.EclipseLogger - Copying 3 resources
2025-09-18 15:05:15,762 [Worker-99: Building] WARN  o.e.m.c.i.embedder.EclipseLogger - Using platform encoding (MS949 actually) to copy filtered resources, i.e. build is platform dependent!
2025-09-18 15:05:15,762 [Worker-99: Building] INFO  o.e.m.c.i.embedder.EclipseLogger - Copying 0 resource
2025-09-18 15:10:06,635 [Worker-117: Building] WARN  o.e.m.c.i.embedder.EclipseLogger - Using platform encoding (MS949 actually) to copy filtered resources, i.e. build is platform dependent!
2025-09-18 15:10:06,636 [Worker-117: Building] INFO  o.e.m.c.i.embedder.EclipseLogger - Copying 3 resources
2025-09-18 15:10:06,637 [Worker-117: Building] WARN  o.e.m.c.i.embedder.EclipseLogger - Using platform encoding (MS949 actually) to copy filtered resources, i.e. build is platform dependent!
2025-09-18 15:10:06,637 [Worker-117: Building] INFO  o.e.m.c.i.embedder.EclipseLogger - Copying 0 resource
2025-09-18 15:15:21,556 [Worker-118: Building] WARN  o.e.m.c.i.embedder.EclipseLogger - Using platform encoding (MS949 actually) to copy filtered resources, i.e. build is platform dependent!
2025-09-18 15:15:21,557 [Worker-118: Building] INFO  o.e.m.c.i.embedder.EclipseLogger - Copying 3 resources
2025-09-18 15:15:21,558 [Worker-118: Building] WARN  o.e.m.c.i.embedder.EclipseLogger - Using platform encoding (MS949 actually) to copy filtered resources, i.e. build is platform dependent!
2025-09-18 15:15:21,558 [Worker-118: Building] INFO  o.e.m.c.i.embedder.EclipseLogger - Copying 0 resource
2025-09-18 15:17:58,975 [Worker-120: Building] WARN  o.e.m.c.i.embedder.EclipseLogger - Using platform encoding (MS949 actually) to copy filtered resources, i.e. build is platform dependent!
2025-09-18 15:17:58,975 [Worker-120: Building] INFO  o.e.m.c.i.embedder.EclipseLogger - Copying 1 resource
2025-09-18 15:17:58,977 [Worker-120: Building] WARN  o.e.m.c.i.embedder.EclipseLogger - Using platform encoding (MS949 actually) to copy filtered resources, i.e. build is platform dependent!
2025-09-18 15:17:58,977 [Worker-120: Building] INFO  o.e.m.c.i.embedder.EclipseLogger - Copying 0 resource
2025-09-18 15:29:28,387 [Worker-6: Loading available Gradle versions] INFO  o.e.b.c.i.u.g.PublishedGradleVersions - Gradle version information cache is out-of-date. Trying to update.
2025-09-18 15:31:34,729 [Worker-0: Loading available Gradle versions] INFO  o.e.b.c.i.u.g.PublishedGradleVersions - Gradle version information cache is up-to-date. Trying to read.
2025-09-18 15:33:54,222 [Worker-0: Building workspace] INFO  o.e.m.c.i.l.LifecycleMappingFactory - Using org.maven.ide.eclipse.wtp.WarLifecycleMapping lifecycle mapping for MavenProject: com.spring_mvc:project:1.0.0-BUILD-SNAPSHOT @ D:\Spring\springWorkspace\spring_mvc_01\pom.xml.
2025-09-18 15:33:56,932 [Worker-0: Building workspace] WARN  o.e.m.c.i.embedder.EclipseLogger - Using platform encoding (MS949 actually) to copy filtered resources, i.e. build is platform dependent!
2025-09-18 15:33:56,936 [Worker-0: Building workspace] INFO  o.e.m.c.i.embedder.EclipseLogger - Copying 1 resource
2025-09-18 15:33:56,944 [Worker-0: Building workspace] WARN  o.e.m.c.i.embedder.EclipseLogger - Using platform encoding (MS949 actually) to copy filtered resources, i.e. build is platform dependent!
2025-09-18 15:33:56,945 [Worker-0: Building workspace] INFO  o.e.m.c.i.embedder.EclipseLogger - Copying 1 resource
2025-09-18 15:33:58,389 [Worker-14: Building] WARN  o.e.m.c.i.embedder.EclipseLogger - Using platform encoding (MS949 actually) to copy filtered resources, i.e. build is platform dependent!
2025-09-18 15:33:58,390 [Worker-14: Building] INFO  o.e.m.c.i.embedder.EclipseLogger - Copying 3 resources
2025-09-18 15:33:58,394 [Worker-14: Building] WARN  o.e.m.c.i.embedder.EclipseLogger - Using platform encoding (MS949 actually) to copy filtered resources, i.e. build is platform dependent!
2025-09-18 15:33:58,395 [Worker-14: Building] INFO  o.e.m.c.i.embedder.EclipseLogger - Copying 0 resource
2025-09-18 15:33:59,149 [Worker-14: Building] WARN  o.e.m.c.i.embedder.EclipseLogger - Using platform encoding (MS949 actually) to copy filtered resources, i.e. build is platform dependent!
2025-09-18 15:33:59,149 [Worker-14: Building] INFO  o.e.m.c.i.embedder.EclipseLogger - Copying 6 resources
2025-09-18 15:33:59,156 [Worker-14: Building] WARN  o.e.m.c.i.embedder.EclipseLogger - Using platform encoding (MS949 actually) to copy filtered resources, i.e. build is platform dependent!
2025-09-18 15:33:59,157 [Worker-14: Building] INFO  o.e.m.c.i.embedder.EclipseLogger - Copying 0 resource
2025-09-18 15:33:59,264 [Worker-14: Building] WARN  o.e.m.c.i.embedder.EclipseLogger - Using platform encoding (MS949 actually) to copy filtered resources, i.e. build is platform dependent!
2025-09-18 15:33:59,268 [Worker-14: Building] INFO  o.e.m.c.i.embedder.EclipseLogger - Copying 1 resource
2025-09-18 15:33:59,271 [Worker-14: Building] WARN  o.e.m.c.i.embedder.EclipseLogger - Using platform encoding (MS949 actually) to copy filtered resources, i.e. build is platform dependent!
2025-09-18 15:33:59,272 [Worker-14: Building] INFO  o.e.m.c.i.embedder.EclipseLogger - Copying 1 resource
2025-09-18 15:34:19,755 [Worker-14: Building] WARN  o.e.m.c.i.embedder.EclipseLogger - Using platform encoding (MS949 actually) to copy filtered resources, i.e. build is platform dependent!
2025-09-18 15:34:19,756 [Worker-14: Building] INFO  o.e.m.c.i.embedder.EclipseLogger - Copying 1 resource
2025-09-18 15:34:19,758 [Worker-14: Building] WARN  o.e.m.c.i.embedder.EclipseLogger - Using platform encoding (MS949 actually) to copy filtered resources, i.e. build is platform dependent!
2025-09-18 15:34:19,759 [Worker-14: Building] INFO  o.e.m.c.i.embedder.EclipseLogger - Copying 1 resource
2025-09-18 15:43:44,609 [Worker-8: Building] INFO  o.e.m.c.i.l.LifecycleMappingFactory - Using org.maven.ide.eclipse.wtp.WarLifecycleMapping lifecycle mapping for MavenProject: com.spring_mvc:project:1.0.0-BUILD-SNAPSHOT @ D:\Spring\springWorkspace\spring_mvc_01\pom.xml.
2025-09-18 15:43:44,759 [Worker-8: Building] INFO  o.e.m.c.i.e.AbstractTransferListenerAdapter - Downloading https://repo.maven.apache.org/maven2/org/springframework/spring-webmvc/5.2.25.RELEASE/spring-webmvc-5.2.25.RELEASE.pom
2025-09-18 15:43:44,805 [Worker-8: Building] INFO  o.e.m.c.i.e.AbstractTransferListenerAdapter - Downloaded https://repo.maven.apache.org/maven2/org/springframework/spring-webmvc/5.2.25.RELEASE/spring-webmvc-5.2.25.RELEASE.pom
2025-09-18 15:43:44,821 [Worker-8: Building] INFO  o.e.m.c.i.e.AbstractTransferListenerAdapter - Downloading https://repo.maven.apache.org/maven2/org/springframework/spring-web/5.2.25.RELEASE/spring-web-5.2.25.RELEASE.pom
2025-09-18 15:43:44,867 [Worker-8: Building] INFO  o.e.m.c.i.e.AbstractTransferListenerAdapter - Downloaded https://repo.maven.apache.org/maven2/org/springframework/spring-web/5.2.25.RELEASE/spring-web-5.2.25.RELEASE.pom
2025-09-18 15:43:44,899 [AetherRepositoryConnector-repo.maven.apache.org-0-0] INFO  o.e.m.c.i.e.AbstractTransferListenerAdapter - Downloading https://repo.maven.apache.org/maven2/org/springframework/spring-webmvc/5.2.25.RELEASE/spring-webmvc-5.2.25.RELEASE.jar
2025-09-18 15:43:44,932 [AetherRepositoryConnector-repo.maven.apache.org-0-1] INFO  o.e.m.c.i.e.AbstractTransferListenerAdapter - Downloading https://repo.maven.apache.org/maven2/org/springframework/spring-web/5.2.25.RELEASE/spring-web-5.2.25.RELEASE.jar
2025-09-18 15:43:45,127 [AetherRepositoryConnector-repo.maven.apache.org-0-0] INFO  o.e.m.c.i.e.AbstractTransferListenerAdapter - Downloaded https://repo.maven.apache.org/maven2/org/springframework/spring-webmvc/5.2.25.RELEASE/spring-webmvc-5.2.25.RELEASE.jar
2025-09-18 15:43:45,155 [AetherRepositoryConnector-repo.maven.apache.org-0-1] INFO  o.e.m.c.i.e.AbstractTransferListenerAdapter - Downloaded https://repo.maven.apache.org/maven2/org/springframework/spring-web/5.2.25.RELEASE/spring-web-5.2.25.RELEASE.jar
2025-09-18 15:43:45,524 [Worker-8: Building] WARN  o.e.m.c.i.embedder.EclipseLogger - Using platform encoding (MS949 actually) to copy filtered resources, i.e. build is platform dependent!
2025-09-18 15:43:45,524 [Worker-8: Building] INFO  o.e.m.c.i.embedder.EclipseLogger - Copying 0 resource
2025-09-18 15:43:45,525 [Worker-8: Building] WARN  o.e.m.c.i.embedder.EclipseLogger - Using platform encoding (MS949 actually) to copy filtered resources, i.e. build is platform dependent!
2025-09-18 15:43:45,526 [Worker-8: Building] INFO  o.e.m.c.i.embedder.EclipseLogger - Copying 0 resource
2025-09-18 15:43:45,528 [Worker-8: Building] INFO  o.e.m.w.i.f.ResourceFilteringBuildParticipant - Changed resources require a complete clean of filtered resources of spring_mvc_01
2025-09-18 15:43:45,528 [Worker-8: Building] INFO  o.e.m.w.i.f.ResourceFilteringBuildParticipant - Executing resource filtering for spring_mvc_01
2025-09-18 15:43:45,532 [Worker-8: Building] WARN  o.e.m.c.i.embedder.EclipseLogger - Using platform encoding (MS949 actually) to copy filtered resources, i.e. build is platform dependent!
2025-09-18 15:43:46,659 [Worker-20: Download sources and javadoc] INFO  o.e.m.c.i.e.AbstractTransferListenerAdapter - Downloading https://repo.maven.apache.org/maven2/org/springframework/spring-webmvc/5.2.25.RELEASE/spring-webmvc-5.2.25.RELEASE-sources.jar
2025-09-18 15:43:46,817 [Worker-20: Download sources and javadoc] INFO  o.e.m.c.i.e.AbstractTransferListenerAdapter - Downloaded https://repo.maven.apache.org/maven2/org/springframework/spring-webmvc/5.2.25.RELEASE/spring-webmvc-5.2.25.RELEASE-sources.jar
2025-09-18 15:43:46,929 [Worker-20: Download sources and javadoc] INFO  o.e.m.j.internal.DownloadSourcesJob - Downloaded sources for org.springframework:spring-webmvc:5.2.25.RELEASE
2025-09-18 15:43:46,976 [Worker-20: Download sources and javadoc] INFO  o.e.m.c.i.e.AbstractTransferListenerAdapter - Downloading https://repo.maven.apache.org/maven2/org/springframework/spring-web/5.2.25.RELEASE/spring-web-5.2.25.RELEASE-sources.jar
2025-09-18 15:43:47,045 [Worker-11: Building] WARN  o.e.m.c.i.embedder.EclipseLogger - Using platform encoding (MS949 actually) to copy filtered resources, i.e. build is platform dependent!
2025-09-18 15:43:47,046 [Worker-11: Building] INFO  o.e.m.c.i.embedder.EclipseLogger - Copying 1 resource
2025-09-18 15:43:47,048 [Worker-11: Building] WARN  o.e.m.c.i.embedder.EclipseLogger - Using platform encoding (MS949 actually) to copy filtered resources, i.e. build is platform dependent!
2025-09-18 15:43:47,049 [Worker-11: Building] INFO  o.e.m.c.i.embedder.EclipseLogger - Copying 1 resource
2025-09-18 15:43:47,132 [Worker-20: Download sources and javadoc] INFO  o.e.m.c.i.e.AbstractTransferListenerAdapter - Downloaded https://repo.maven.apache.org/maven2/org/springframework/spring-web/5.2.25.RELEASE/spring-web-5.2.25.RELEASE-sources.jar
2025-09-18 15:43:47,176 [Worker-20: Download sources and javadoc] INFO  o.e.m.j.internal.DownloadSourcesJob - Downloaded sources for org.springframework:spring-web:5.2.25.RELEASE
2025-09-18 15:43:48,117 [Worker-20: Building] WARN  o.e.m.c.i.embedder.EclipseLogger - Using platform encoding (MS949 actually) to copy filtered resources, i.e. build is platform dependent!
2025-09-18 15:43:48,117 [Worker-20: Building] INFO  o.e.m.c.i.embedder.EclipseLogger - Copying 0 resource
2025-09-18 15:43:48,118 [Worker-20: Building] WARN  o.e.m.c.i.embedder.EclipseLogger - Using platform encoding (MS949 actually) to copy filtered resources, i.e. build is platform dependent!
2025-09-18 15:43:48,118 [Worker-20: Building] INFO  o.e.m.c.i.embedder.EclipseLogger - Copying 0 resource
2025-09-18 15:44:31,842 [Worker-20: Updating Maven Project] INFO  o.e.m.c.i.p.ProjectConfigurationManager - Update started
2025-09-18 15:44:31,977 [Worker-20: Updating Maven Project] INFO  o.e.m.c.i.l.LifecycleMappingFactory - Using org.maven.ide.eclipse.wtp.WarLifecycleMapping lifecycle mapping for MavenProject: com.spring_mvc:project:1.0.0-BUILD-SNAPSHOT @ D:\Spring\springWorkspace\spring_mvc_01\pom.xml.
2025-09-18 15:44:32,260 [Worker-20: Updating Maven Project] INFO  o.e.m.j.i.AbstractJavaProjectConfigurator - Adding source folder /spring_mvc_01/src/main/java
2025-09-18 15:44:32,260 [Worker-20: Updating Maven Project] INFO  o.e.m.j.i.AbstractJavaProjectConfigurator - Adding resource folder /spring_mvc_01/src/main/resources
2025-09-18 15:44:32,260 [Worker-20: Updating Maven Project] INFO  o.e.m.j.i.AbstractJavaProjectConfigurator - Adding source folder /spring_mvc_01/src/test/java
2025-09-18 15:44:32,260 [Worker-20: Updating Maven Project] INFO  o.e.m.j.i.AbstractJavaProjectConfigurator - Adding resource folder /spring_mvc_01/src/test/resources
2025-09-18 15:44:32,805 [Worker-20: Updating Maven Project] INFO  o.e.m.w.i.f.ResourceFilteringBuildParticipant - Cleaning filtered folder for spring_mvc_01
2025-09-18 15:44:32,810 [Worker-20: Updating Maven Project] INFO  o.e.m.c.i.p.ProjectConfigurationManager - Update completed: 0 sec
2025-09-18 15:44:33,465 [Worker-8: Building] WARN  o.e.m.c.i.embedder.EclipseLogger - Using platform encoding (MS949 actually) to copy filtered resources, i.e. build is platform dependent!
2025-09-18 15:44:33,466 [Worker-8: Building] INFO  o.e.m.c.i.embedder.EclipseLogger - Copying 1 resource
2025-09-18 15:44:33,468 [Worker-8: Building] WARN  o.e.m.c.i.embedder.EclipseLogger - Using platform encoding (MS949 actually) to copy filtered resources, i.e. build is platform dependent!
2025-09-18 15:44:33,469 [Worker-8: Building] INFO  o.e.m.c.i.embedder.EclipseLogger - Copying 1 resource
2025-09-18 15:44:33,470 [Worker-8: Building] INFO  o.e.m.w.i.f.ResourceFilteringBuildParticipant - Changed resources require a complete clean of filtered resources of spring_mvc_01
2025-09-18 15:44:33,470 [Worker-8: Building] INFO  o.e.m.w.i.f.ResourceFilteringBuildParticipant - Executing resource filtering for spring_mvc_01
2025-09-18 15:44:33,472 [Worker-8: Building] WARN  o.e.m.c.i.embedder.EclipseLogger - Using platform encoding (MS949 actually) to copy filtered resources, i.e. build is platform dependent!
2025-09-18 15:45:25,469 [Worker-21: Building] INFO  o.e.m.c.i.l.LifecycleMappingFactory - Using org.maven.ide.eclipse.wtp.WarLifecycleMapping lifecycle mapping for MavenProject: com.spring_mvc:project:1.0.0-BUILD-SNAPSHOT @ D:\Spring\springWorkspace\spring_mvc_01\pom.xml.
2025-09-18 15:45:25,728 [Worker-21: Building] WARN  o.e.m.c.i.embedder.EclipseLogger - Using platform encoding (MS949 actually) to copy filtered resources, i.e. build is platform dependent!
2025-09-18 15:45:25,728 [Worker-21: Building] INFO  o.e.m.c.i.embedder.EclipseLogger - Copying 0 resource
2025-09-18 15:45:25,729 [Worker-21: Building] WARN  o.e.m.c.i.embedder.EclipseLogger - Using platform encoding (MS949 actually) to copy filtered resources, i.e. build is platform dependent!
2025-09-18 15:45:25,729 [Worker-21: Building] INFO  o.e.m.c.i.embedder.EclipseLogger - Copying 0 resource
2025-09-18 15:45:25,730 [Worker-21: Building] INFO  o.e.m.w.i.f.ResourceFilteringBuildParticipant - Changed resources require a complete clean of filtered resources of spring_mvc_01
2025-09-18 15:45:25,730 [Worker-21: Building] INFO  o.e.m.w.i.f.ResourceFilteringBuildParticipant - Executing resource filtering for spring_mvc_01
2025-09-18 15:45:25,733 [Worker-21: Building] WARN  o.e.m.c.i.embedder.EclipseLogger - Using platform encoding (MS949 actually) to copy filtered resources, i.e. build is platform dependent!
2025-09-18 15:45:33,014 [Worker-21: Updating Maven Project] INFO  o.e.m.c.i.p.ProjectConfigurationManager - Update started
2025-09-18 15:45:33,128 [Worker-21: Updating Maven Project] INFO  o.e.m.c.i.l.LifecycleMappingFactory - Using org.maven.ide.eclipse.wtp.WarLifecycleMapping lifecycle mapping for MavenProject: com.spring_mvc:project:1.0.0-BUILD-SNAPSHOT @ D:\Spring\springWorkspace\spring_mvc_01\pom.xml.
2025-09-18 15:45:33,456 [Worker-21: Updating Maven Project] INFO  o.e.m.j.i.AbstractJavaProjectConfigurator - Adding source folder /spring_mvc_01/src/main/java
2025-09-18 15:45:33,456 [Worker-21: Updating Maven Project] INFO  o.e.m.j.i.AbstractJavaProjectConfigurator - Adding resource folder /spring_mvc_01/src/main/resources
2025-09-18 15:45:33,456 [Worker-21: Updating Maven Project] INFO  o.e.m.j.i.AbstractJavaProjectConfigurator - Adding source folder /spring_mvc_01/src/test/java
2025-09-18 15:45:33,457 [Worker-21: Updating Maven Project] INFO  o.e.m.j.i.AbstractJavaProjectConfigurator - Adding resource folder /spring_mvc_01/src/test/resources
2025-09-18 15:45:33,683 [Worker-21: Updating Maven Project] INFO  o.e.m.w.i.f.ResourceFilteringBuildParticipant - Cleaning filtered folder for spring_mvc_01
2025-09-18 15:45:33,687 [Worker-21: Updating Maven Project] INFO  o.e.m.c.i.p.ProjectConfigurationManager - Update completed: 0 sec
2025-09-18 15:45:34,381 [Worker-20: Building Project spring_mvc_01] WARN  o.e.m.c.i.embedder.EclipseLogger - Using platform encoding (MS949 actually) to copy filtered resources, i.e. build is platform dependent!
2025-09-18 15:45:34,382 [Worker-20: Building Project spring_mvc_01] INFO  o.e.m.c.i.embedder.EclipseLogger - Copying 1 resource
2025-09-18 15:45:34,385 [Worker-20: Building Project spring_mvc_01] WARN  o.e.m.c.i.embedder.EclipseLogger - Using platform encoding (MS949 actually) to copy filtered resources, i.e. build is platform dependent!
2025-09-18 15:45:34,386 [Worker-20: Building Project spring_mvc_01] INFO  o.e.m.c.i.embedder.EclipseLogger - Copying 1 resource
2025-09-18 15:45:34,388 [Worker-20: Building Project spring_mvc_01] INFO  o.e.m.w.i.f.ResourceFilteringBuildParticipant - Changed resources require a complete clean of filtered resources of spring_mvc_01
2025-09-18 15:45:34,388 [Worker-20: Building Project spring_mvc_01] INFO  o.e.m.w.i.f.ResourceFilteringBuildParticipant - Executing resource filtering for spring_mvc_01
2025-09-18 15:45:34,392 [Worker-20: Building Project spring_mvc_01] WARN  o.e.m.c.i.embedder.EclipseLogger - Using platform encoding (MS949 actually) to copy filtered resources, i.e. build is platform dependent!
2025-09-18 16:41:00,519 [Worker-40: Building] WARN  o.e.m.c.i.embedder.EclipseLogger - Using platform encoding (MS949 actually) to copy filtered resources, i.e. build is platform dependent!
2025-09-18 16:41:00,520 [Worker-40: Building] INFO  o.e.m.c.i.embedder.EclipseLogger - Copying 0 resource
2025-09-18 16:41:00,520 [Worker-40: Building] WARN  o.e.m.c.i.embedder.EclipseLogger - Using platform encoding (MS949 actually) to copy filtered resources, i.e. build is platform dependent!
2025-09-18 16:41:00,521 [Worker-40: Building] INFO  o.e.m.c.i.embedder.EclipseLogger - Copying 0 resource
2025-09-18 16:48:47,318 [Worker-44: Building] WARN  o.e.m.c.i.embedder.EclipseLogger - Using platform encoding (MS949 actually) to copy filtered resources, i.e. build is platform dependent!
2025-09-18 16:48:47,320 [Worker-44: Building] INFO  o.e.m.c.i.embedder.EclipseLogger - Copying 0 resource
2025-09-18 16:48:47,320 [Worker-44: Building] WARN  o.e.m.c.i.embedder.EclipseLogger - Using platform encoding (MS949 actually) to copy filtered resources, i.e. build is platform dependent!
2025-09-18 16:48:47,321 [Worker-44: Building] INFO  o.e.m.c.i.embedder.EclipseLogger - Copying 0 resource
2025-09-18 16:48:53,458 [Worker-43: Building Workspace] WARN  o.e.m.c.i.embedder.EclipseLogger - Using platform encoding (MS949 actually) to copy filtered resources, i.e. build is platform dependent!
2025-09-18 16:48:53,458 [Worker-43: Building Workspace] INFO  o.e.m.c.i.embedder.EclipseLogger - Copying 1 resource
2025-09-18 16:48:53,459 [Worker-43: Building Workspace] WARN  o.e.m.c.i.embedder.EclipseLogger - Using platform encoding (MS949 actually) to copy filtered resources, i.e. build is platform dependent!
2025-09-18 16:48:53,460 [Worker-43: Building Workspace] INFO  o.e.m.c.i.embedder.EclipseLogger - Copying 0 resource
2025-09-18 16:51:13,570 [Worker-45: Building] WARN  o.e.m.c.i.embedder.EclipseLogger - Using platform encoding (MS949 actually) to copy filtered resources, i.e. build is platform dependent!
2025-09-18 16:51:13,571 [Worker-45: Building] INFO  o.e.m.c.i.embedder.EclipseLogger - Copying 1 resource
2025-09-18 16:51:13,571 [Worker-45: Building] WARN  o.e.m.c.i.embedder.EclipseLogger - Using platform encoding (MS949 actually) to copy filtered resources, i.e. build is platform dependent!
2025-09-18 16:51:13,573 [Worker-45: Building] INFO  o.e.m.c.i.embedder.EclipseLogger - Copying 0 resource
2025-09-19 09:15:27,037 [Worker-7: Loading available Gradle versions] INFO  o.e.b.c.i.u.g.PublishedGradleVersions - Gradle version information cache is up-to-date. Trying to read.
2025-09-19 09:15:40,579 [Worker-11: Building] WARN  o.e.m.c.i.embedder.EclipseLogger - Using platform encoding (MS949 actually) to copy filtered resources, i.e. build is platform dependent!
2025-09-19 09:15:40,583 [Worker-11: Building] INFO  o.e.m.c.i.embedder.EclipseLogger - Copying 1 resource
2025-09-19 09:15:40,587 [Worker-11: Building] WARN  o.e.m.c.i.embedder.EclipseLogger - Using platform encoding (MS949 actually) to copy filtered resources, i.e. build is platform dependent!
2025-09-19 09:15:40,589 [Worker-11: Building] INFO  o.e.m.c.i.embedder.EclipseLogger - Copying 1 resource
2025-09-19 09:20:47,456 [Worker-13: Building] WARN  o.e.m.c.i.embedder.EclipseLogger - Using platform encoding (MS949 actually) to copy filtered resources, i.e. build is platform dependent!
2025-09-19 09:20:47,457 [Worker-13: Building] INFO  o.e.m.c.i.embedder.EclipseLogger - Copying 3 resources
2025-09-19 09:20:47,459 [Worker-13: Building] WARN  o.e.m.c.i.embedder.EclipseLogger - Using platform encoding (MS949 actually) to copy filtered resources, i.e. build is platform dependent!
2025-09-19 09:20:47,459 [Worker-13: Building] INFO  o.e.m.c.i.embedder.EclipseLogger - Copying 0 resource
2025-09-19 09:21:41,671 [Worker-13: Building] WARN  o.e.m.c.i.embedder.EclipseLogger - Using platform encoding (MS949 actually) to copy filtered resources, i.e. build is platform dependent!
2025-09-19 09:21:41,676 [Worker-13: Building] INFO  o.e.m.c.i.embedder.EclipseLogger - Copying 3 resources
2025-09-19 09:21:41,677 [Worker-13: Building] WARN  o.e.m.c.i.embedder.EclipseLogger - Using platform encoding (MS949 actually) to copy filtered resources, i.e. build is platform dependent!
2025-09-19 09:21:41,678 [Worker-13: Building] INFO  o.e.m.c.i.embedder.EclipseLogger - Copying 0 resource
2025-09-19 09:24:30,149 [Worker-0: Building] WARN  o.e.m.c.i.embedder.EclipseLogger - Using platform encoding (MS949 actually) to copy filtered resources, i.e. build is platform dependent!
2025-09-19 09:24:30,150 [Worker-0: Building] INFO  o.e.m.c.i.embedder.EclipseLogger - Copying 3 resources
2025-09-19 09:24:30,151 [Worker-0: Building] WARN  o.e.m.c.i.embedder.EclipseLogger - Using platform encoding (MS949 actually) to copy filtered resources, i.e. build is platform dependent!
2025-09-19 09:24:30,152 [Worker-0: Building] INFO  o.e.m.c.i.embedder.EclipseLogger - Copying 0 resource
2025-09-19 09:24:41,425 [Worker-10: Building] WARN  o.e.m.c.i.embedder.EclipseLogger - Using platform encoding (MS949 actually) to copy filtered resources, i.e. build is platform dependent!
2025-09-19 09:24:41,426 [Worker-10: Building] INFO  o.e.m.c.i.embedder.EclipseLogger - Copying 3 resources
2025-09-19 09:24:41,427 [Worker-10: Building] WARN  o.e.m.c.i.embedder.EclipseLogger - Using platform encoding (MS949 actually) to copy filtered resources, i.e. build is platform dependent!
2025-09-19 09:24:41,428 [Worker-10: Building] INFO  o.e.m.c.i.embedder.EclipseLogger - Copying 0 resource
2025-09-19 09:25:03,451 [Worker-15: Building] WARN  o.e.m.c.i.embedder.EclipseLogger - Using platform encoding (MS949 actually) to copy filtered resources, i.e. build is platform dependent!
2025-09-19 09:25:03,452 [Worker-15: Building] INFO  o.e.m.c.i.embedder.EclipseLogger - Copying 3 resources
2025-09-19 09:25:03,454 [Worker-15: Building] WARN  o.e.m.c.i.embedder.EclipseLogger - Using platform encoding (MS949 actually) to copy filtered resources, i.e. build is platform dependent!
2025-09-19 09:25:03,455 [Worker-15: Building] INFO  o.e.m.c.i.embedder.EclipseLogger - Copying 0 resource
2025-09-19 09:26:02,642 [Worker-15: Building] WARN  o.e.m.c.i.embedder.EclipseLogger - Using platform encoding (MS949 actually) to copy filtered resources, i.e. build is platform dependent!
2025-09-19 09:26:02,643 [Worker-15: Building] INFO  o.e.m.c.i.embedder.EclipseLogger - Copying 3 resources
2025-09-19 09:26:02,644 [Worker-15: Building] WARN  o.e.m.c.i.embedder.EclipseLogger - Using platform encoding (MS949 actually) to copy filtered resources, i.e. build is platform dependent!
2025-09-19 09:26:02,645 [Worker-15: Building] INFO  o.e.m.c.i.embedder.EclipseLogger - Copying 0 resource
2025-09-19 09:26:13,825 [Worker-10: Building] WARN  o.e.m.c.i.embedder.EclipseLogger - Using platform encoding (MS949 actually) to copy filtered resources, i.e. build is platform dependent!
2025-09-19 09:26:13,826 [Worker-10: Building] INFO  o.e.m.c.i.embedder.EclipseLogger - Copying 3 resources
2025-09-19 09:26:13,829 [Worker-10: Building] WARN  o.e.m.c.i.embedder.EclipseLogger - Using platform encoding (MS949 actually) to copy filtered resources, i.e. build is platform dependent!
2025-09-19 09:26:13,831 [Worker-10: Building] INFO  o.e.m.c.i.embedder.EclipseLogger - Copying 0 resource
2025-09-19 09:28:30,941 [Worker-19: Building] WARN  o.e.m.c.i.embedder.EclipseLogger - Using platform encoding (MS949 actually) to copy filtered resources, i.e. build is platform dependent!
2025-09-19 09:28:30,943 [Worker-19: Building] INFO  o.e.m.c.i.embedder.EclipseLogger - Copying 1 resource
2025-09-19 09:28:30,947 [Worker-19: Building] WARN  o.e.m.c.i.embedder.EclipseLogger - Using platform encoding (MS949 actually) to copy filtered resources, i.e. build is platform dependent!
2025-09-19 09:28:30,948 [Worker-19: Building] INFO  o.e.m.c.i.embedder.EclipseLogger - Copying 0 resource
2025-09-19 09:28:51,140 [Worker-16: Building] WARN  o.e.m.c.i.embedder.EclipseLogger - Using platform encoding (MS949 actually) to copy filtered resources, i.e. build is platform dependent!
2025-09-19 09:28:51,140 [Worker-16: Building] INFO  o.e.m.c.i.embedder.EclipseLogger - Copying 1 resource
2025-09-19 09:28:51,141 [Worker-16: Building] WARN  o.e.m.c.i.embedder.EclipseLogger - Using platform encoding (MS949 actually) to copy filtered resources, i.e. build is platform dependent!
2025-09-19 09:28:51,141 [Worker-16: Building] INFO  o.e.m.c.i.embedder.EclipseLogger - Copying 0 resource
2025-09-19 09:29:30,007 [Worker-19: Building] WARN  o.e.m.c.i.embedder.EclipseLogger - Using platform encoding (MS949 actually) to copy filtered resources, i.e. build is platform dependent!
2025-09-19 09:29:30,010 [Worker-19: Building] INFO  o.e.m.c.i.embedder.EclipseLogger - Copying 1 resource
2025-09-19 09:29:30,012 [Worker-19: Building] WARN  o.e.m.c.i.embedder.EclipseLogger - Using platform encoding (MS949 actually) to copy filtered resources, i.e. build is platform dependent!
2025-09-19 09:29:30,012 [Worker-19: Building] INFO  o.e.m.c.i.embedder.EclipseLogger - Copying 0 resource
2025-09-19 09:30:03,056 [Worker-19: Building] WARN  o.e.m.c.i.embedder.EclipseLogger - Using platform encoding (MS949 actually) to copy filtered resources, i.e. build is platform dependent!
2025-09-19 09:30:03,057 [Worker-19: Building] INFO  o.e.m.c.i.embedder.EclipseLogger - Copying 0 resource
2025-09-19 09:30:03,058 [Worker-19: Building] WARN  o.e.m.c.i.embedder.EclipseLogger - Using platform encoding (MS949 actually) to copy filtered resources, i.e. build is platform dependent!
2025-09-19 09:30:03,058 [Worker-19: Building] INFO  o.e.m.c.i.embedder.EclipseLogger - Copying 0 resource
2025-09-19 09:30:14,824 [Worker-21: Building] WARN  o.e.m.c.i.embedder.EclipseLogger - Using platform encoding (MS949 actually) to copy filtered resources, i.e. build is platform dependent!
2025-09-19 09:30:14,825 [Worker-21: Building] INFO  o.e.m.c.i.embedder.EclipseLogger - Copying 1 resource
2025-09-19 09:30:14,827 [Worker-21: Building] WARN  o.e.m.c.i.embedder.EclipseLogger - Using platform encoding (MS949 actually) to copy filtered resources, i.e. build is platform dependent!
2025-09-19 09:30:14,827 [Worker-21: Building] INFO  o.e.m.c.i.embedder.EclipseLogger - Copying 0 resource
2025-09-19 09:31:21,776 [Worker-20: Building] WARN  o.e.m.c.i.embedder.EclipseLogger - Using platform encoding (MS949 actually) to copy filtered resources, i.e. build is platform dependent!
2025-09-19 09:31:21,776 [Worker-20: Building] INFO  o.e.m.c.i.embedder.EclipseLogger - Copying 1 resource
2025-09-19 09:31:21,779 [Worker-20: Building] WARN  o.e.m.c.i.embedder.EclipseLogger - Using platform encoding (MS949 actually) to copy filtered resources, i.e. build is platform dependent!
2025-09-19 09:31:21,779 [Worker-20: Building] INFO  o.e.m.c.i.embedder.EclipseLogger - Copying 0 resource
2025-09-19 09:31:36,786 [Worker-0: Building] WARN  o.e.m.c.i.embedder.EclipseLogger - Using platform encoding (MS949 actually) to copy filtered resources, i.e. build is platform dependent!
2025-09-19 09:31:36,787 [Worker-0: Building] INFO  o.e.m.c.i.embedder.EclipseLogger - Copying 4 resources
2025-09-19 09:31:36,787 [Worker-0: Building] WARN  o.e.m.c.i.embedder.EclipseLogger - Using platform encoding (MS949 actually) to copy filtered resources, i.e. build is platform dependent!
2025-09-19 09:31:36,789 [Worker-0: Building] INFO  o.e.m.c.i.embedder.EclipseLogger - Copying 0 resource
2025-09-19 09:32:44,327 [Worker-0: Building] WARN  o.e.m.c.i.embedder.EclipseLogger - Using platform encoding (MS949 actually) to copy filtered resources, i.e. build is platform dependent!
2025-09-19 09:32:44,327 [Worker-0: Building] INFO  o.e.m.c.i.embedder.EclipseLogger - Copying 4 resources
2025-09-19 09:32:44,329 [Worker-0: Building] WARN  o.e.m.c.i.embedder.EclipseLogger - Using platform encoding (MS949 actually) to copy filtered resources, i.e. build is platform dependent!
2025-09-19 09:32:44,329 [Worker-0: Building] INFO  o.e.m.c.i.embedder.EclipseLogger - Copying 0 resource
2025-09-19 09:32:51,557 [Worker-21: Building] WARN  o.e.m.c.i.embedder.EclipseLogger - Using platform encoding (MS949 actually) to copy filtered resources, i.e. build is platform dependent!
2025-09-19 09:32:51,557 [Worker-21: Building] INFO  o.e.m.c.i.embedder.EclipseLogger - Copying 4 resources
2025-09-19 09:32:51,558 [Worker-21: Building] WARN  o.e.m.c.i.embedder.EclipseLogger - Using platform encoding (MS949 actually) to copy filtered resources, i.e. build is platform dependent!
2025-09-19 09:32:51,559 [Worker-21: Building] INFO  o.e.m.c.i.embedder.EclipseLogger - Copying 0 resource
2025-09-19 10:38:34,600 [Worker-29: Building] WARN  o.e.m.c.i.embedder.EclipseLogger - Using platform encoding (MS949 actually) to copy filtered resources, i.e. build is platform dependent!
2025-09-19 10:38:34,602 [Worker-29: Building] INFO  o.e.m.c.i.embedder.EclipseLogger - Copying 1 resource
2025-09-19 10:38:34,603 [Worker-29: Building] WARN  o.e.m.c.i.embedder.EclipseLogger - Using platform encoding (MS949 actually) to copy filtered resources, i.e. build is platform dependent!
2025-09-19 10:38:34,604 [Worker-29: Building] INFO  o.e.m.c.i.embedder.EclipseLogger - Copying 0 resource
2025-09-19 10:39:41,775 [Worker-29: Building] WARN  o.e.m.c.i.embedder.EclipseLogger - Using platform encoding (MS949 actually) to copy filtered resources, i.e. build is platform dependent!
2025-09-19 10:39:41,778 [Worker-29: Building] INFO  o.e.m.c.i.embedder.EclipseLogger - Copying 1 resource
2025-09-19 10:39:41,779 [Worker-29: Building] WARN  o.e.m.c.i.embedder.EclipseLogger - Using platform encoding (MS949 actually) to copy filtered resources, i.e. build is platform dependent!
2025-09-19 10:39:41,780 [Worker-29: Building] INFO  o.e.m.c.i.embedder.EclipseLogger - Copying 0 resource
2025-09-19 10:49:32,695 [Worker-36: Building] WARN  o.e.m.c.i.embedder.EclipseLogger - Using platform encoding (MS949 actually) to copy filtered resources, i.e. build is platform dependent!
2025-09-19 10:49:32,696 [Worker-36: Building] INFO  o.e.m.c.i.embedder.EclipseLogger - Copying 0 resource
2025-09-19 10:49:32,697 [Worker-36: Building] WARN  o.e.m.c.i.embedder.EclipseLogger - Using platform encoding (MS949 actually) to copy filtered resources, i.e. build is platform dependent!
2025-09-19 10:49:32,697 [Worker-36: Building] INFO  o.e.m.c.i.embedder.EclipseLogger - Copying 0 resource
2025-09-19 11:13:53,480 [Worker-45: Building] WARN  o.e.m.c.i.embedder.EclipseLogger - Using platform encoding (MS949 actually) to copy filtered resources, i.e. build is platform dependent!
2025-09-19 11:13:53,481 [Worker-45: Building] INFO  o.e.m.c.i.embedder.EclipseLogger - Copying 0 resource
2025-09-19 11:13:53,482 [Worker-45: Building] WARN  o.e.m.c.i.embedder.EclipseLogger - Using platform encoding (MS949 actually) to copy filtered resources, i.e. build is platform dependent!
2025-09-19 11:13:53,483 [Worker-45: Building] INFO  o.e.m.c.i.embedder.EclipseLogger - Copying 0 resource
2025-09-19 11:17:57,832 [Worker-48: Building] WARN  o.e.m.c.i.embedder.EclipseLogger - Using platform encoding (MS949 actually) to copy filtered resources, i.e. build is platform dependent!
2025-09-19 11:17:57,833 [Worker-48: Building] INFO  o.e.m.c.i.embedder.EclipseLogger - Copying 1 resource
2025-09-19 11:17:57,834 [Worker-48: Building] WARN  o.e.m.c.i.embedder.EclipseLogger - Using platform encoding (MS949 actually) to copy filtered resources, i.e. build is platform dependent!
2025-09-19 11:17:57,835 [Worker-48: Building] INFO  o.e.m.c.i.embedder.EclipseLogger - Copying 0 resource
2025-09-19 11:18:54,638 [Worker-48: Building] WARN  o.e.m.c.i.embedder.EclipseLogger - Using platform encoding (MS949 actually) to copy filtered resources, i.e. build is platform dependent!
2025-09-19 11:18:54,639 [Worker-48: Building] INFO  o.e.m.c.i.embedder.EclipseLogger - Copying 1 resource
2025-09-19 11:18:54,641 [Worker-48: Building] WARN  o.e.m.c.i.embedder.EclipseLogger - Using platform encoding (MS949 actually) to copy filtered resources, i.e. build is platform dependent!
2025-09-19 11:18:54,641 [Worker-48: Building] INFO  o.e.m.c.i.embedder.EclipseLogger - Copying 0 resource
2025-09-19 11:25:56,352 [Worker-48: Building] WARN  o.e.m.c.i.embedder.EclipseLogger - Using platform encoding (MS949 actually) to copy filtered resources, i.e. build is platform dependent!
2025-09-19 11:25:56,353 [Worker-48: Building] INFO  o.e.m.c.i.embedder.EclipseLogger - Copying 1 resource
2025-09-19 11:25:56,354 [Worker-48: Building] WARN  o.e.m.c.i.embedder.EclipseLogger - Using platform encoding (MS949 actually) to copy filtered resources, i.e. build is platform dependent!
2025-09-19 11:25:56,355 [Worker-48: Building] INFO  o.e.m.c.i.embedder.EclipseLogger - Copying 0 resource
2025-09-19 11:29:05,150 [Worker-45: Building] WARN  o.e.m.c.i.embedder.EclipseLogger - Using platform encoding (MS949 actually) to copy filtered resources, i.e. build is platform dependent!
2025-09-19 11:29:05,151 [Worker-45: Building] INFO  o.e.m.c.i.embedder.EclipseLogger - Copying 1 resource
2025-09-19 11:29:05,153 [Worker-45: Building] WARN  o.e.m.c.i.embedder.EclipseLogger - Using platform encoding (MS949 actually) to copy filtered resources, i.e. build is platform dependent!
2025-09-19 11:29:05,153 [Worker-45: Building] INFO  o.e.m.c.i.embedder.EclipseLogger - Copying 0 resource
2025-09-19 11:29:39,206 [Worker-54: Building] WARN  o.e.m.c.i.embedder.EclipseLogger - Using platform encoding (MS949 actually) to copy filtered resources, i.e. build is platform dependent!
2025-09-19 11:29:39,207 [Worker-54: Building] INFO  o.e.m.c.i.embedder.EclipseLogger - Copying 0 resource
2025-09-19 11:29:39,209 [Worker-54: Building] WARN  o.e.m.c.i.embedder.EclipseLogger - Using platform encoding (MS949 actually) to copy filtered resources, i.e. build is platform dependent!
2025-09-19 11:29:39,209 [Worker-54: Building] INFO  o.e.m.c.i.embedder.EclipseLogger - Copying 0 resource
2025-09-19 11:29:59,548 [Worker-45: Building] WARN  o.e.m.c.i.embedder.EclipseLogger - Using platform encoding (MS949 actually) to copy filtered resources, i.e. build is platform dependent!
2025-09-19 11:29:59,549 [Worker-45: Building] INFO  o.e.m.c.i.embedder.EclipseLogger - Copying 0 resource
2025-09-19 11:29:59,550 [Worker-45: Building] WARN  o.e.m.c.i.embedder.EclipseLogger - Using platform encoding (MS949 actually) to copy filtered resources, i.e. build is platform dependent!
2025-09-19 11:29:59,551 [Worker-45: Building] INFO  o.e.m.c.i.embedder.EclipseLogger - Copying 0 resource
2025-09-19 11:30:55,518 [Worker-54: Building] WARN  o.e.m.c.i.embedder.EclipseLogger - Using platform encoding (MS949 actually) to copy filtered resources, i.e. build is platform dependent!
2025-09-19 11:30:55,519 [Worker-54: Building] INFO  o.e.m.c.i.embedder.EclipseLogger - Copying 1 resource
2025-09-19 11:30:55,521 [Worker-54: Building] WARN  o.e.m.c.i.embedder.EclipseLogger - Using platform encoding (MS949 actually) to copy filtered resources, i.e. build is platform dependent!
2025-09-19 11:30:55,522 [Worker-54: Building] INFO  o.e.m.c.i.embedder.EclipseLogger - Copying 0 resource
2025-09-19 11:35:30,037 [Worker-57: Building] WARN  o.e.m.c.i.embedder.EclipseLogger - Using platform encoding (MS949 actually) to copy filtered resources, i.e. build is platform dependent!
2025-09-19 11:35:30,038 [Worker-57: Building] INFO  o.e.m.c.i.embedder.EclipseLogger - Copying 0 resource
2025-09-19 11:35:30,039 [Worker-57: Building] WARN  o.e.m.c.i.embedder.EclipseLogger - Using platform encoding (MS949 actually) to copy filtered resources, i.e. build is platform dependent!
2025-09-19 11:35:30,039 [Worker-57: Building] INFO  o.e.m.c.i.embedder.EclipseLogger - Copying 0 resource
2025-09-19 11:35:50,858 [Worker-63: Building] WARN  o.e.m.c.i.embedder.EclipseLogger - Using platform encoding (MS949 actually) to copy filtered resources, i.e. build is platform dependent!
2025-09-19 11:35:50,859 [Worker-63: Building] INFO  o.e.m.c.i.embedder.EclipseLogger - Copying 0 resource
2025-09-19 11:35:50,859 [Worker-63: Building] WARN  o.e.m.c.i.embedder.EclipseLogger - Using platform encoding (MS949 actually) to copy filtered resources, i.e. build is platform dependent!
2025-09-19 11:35:50,860 [Worker-63: Building] INFO  o.e.m.c.i.embedder.EclipseLogger - Copying 0 resource
2025-09-19 11:36:01,932 [Worker-57: Building] WARN  o.e.m.c.i.embedder.EclipseLogger - Using platform encoding (MS949 actually) to copy filtered resources, i.e. build is platform dependent!
2025-09-19 11:36:01,933 [Worker-57: Building] INFO  o.e.m.c.i.embedder.EclipseLogger - Copying 0 resource
2025-09-19 11:36:01,934 [Worker-57: Building] WARN  o.e.m.c.i.embedder.EclipseLogger - Using platform encoding (MS949 actually) to copy filtered resources, i.e. build is platform dependent!
2025-09-19 11:36:01,935 [Worker-57: Building] INFO  o.e.m.c.i.embedder.EclipseLogger - Copying 0 resource
2025-09-19 11:36:42,716 [Worker-54: Building] WARN  o.e.m.c.i.embedder.EclipseLogger - Using platform encoding (MS949 actually) to copy filtered resources, i.e. build is platform dependent!
2025-09-19 11:36:42,717 [Worker-54: Building] INFO  o.e.m.c.i.embedder.EclipseLogger - Copying 0 resource
2025-09-19 11:36:42,720 [Worker-54: Building] WARN  o.e.m.c.i.embedder.EclipseLogger - Using platform encoding (MS949 actually) to copy filtered resources, i.e. build is platform dependent!
2025-09-19 11:36:42,720 [Worker-54: Building] INFO  o.e.m.c.i.embedder.EclipseLogger - Copying 0 resource
2025-09-19 13:11:42,169 [Worker-65: Building workspace] INFO  o.e.m.c.i.l.LifecycleMappingFactory - Using org.maven.ide.eclipse.wtp.WarLifecycleMapping lifecycle mapping for MavenProject: com.spring_mvc02:project:1.0.0-BUILD-SNAPSHOT @ D:\Spring\springWorkspace\spring_mvc_02_data\pom.xml.
2025-09-19 13:11:44,175 [Worker-65: Building workspace] WARN  o.e.m.c.i.embedder.EclipseLogger - Using platform encoding (MS949 actually) to copy filtered resources, i.e. build is platform dependent!
2025-09-19 13:11:44,177 [Worker-65: Building workspace] INFO  o.e.m.c.i.embedder.EclipseLogger - Copying 1 resource
2025-09-19 13:11:44,180 [Worker-65: Building workspace] WARN  o.e.m.c.i.embedder.EclipseLogger - Using platform encoding (MS949 actually) to copy filtered resources, i.e. build is platform dependent!
2025-09-19 13:11:44,180 [Worker-65: Building workspace] INFO  o.e.m.c.i.embedder.EclipseLogger - Copying 1 resource
2025-09-19 13:11:44,908 [Worker-77: Building] WARN  o.e.m.c.i.embedder.EclipseLogger - Using platform encoding (MS949 actually) to copy filtered resources, i.e. build is platform dependent!
2025-09-19 13:11:44,909 [Worker-77: Building] INFO  o.e.m.c.i.embedder.EclipseLogger - Copying 1 resource
2025-09-19 13:11:44,911 [Worker-77: Building] WARN  o.e.m.c.i.embedder.EclipseLogger - Using platform encoding (MS949 actually) to copy filtered resources, i.e. build is platform dependent!
2025-09-19 13:11:44,911 [Worker-77: Building] INFO  o.e.m.c.i.embedder.EclipseLogger - Copying 1 resource
2025-09-19 13:11:49,948 [Worker-76: Updating Maven Project] INFO  o.e.m.c.i.p.ProjectConfigurationManager - Update started
2025-09-19 13:11:50,141 [Worker-76: Updating Maven Project] INFO  o.e.m.c.i.l.LifecycleMappingFactory - Using org.maven.ide.eclipse.wtp.WarLifecycleMapping lifecycle mapping for MavenProject: com.spring_mvc02:project:1.0.0-BUILD-SNAPSHOT @ D:\Spring\springWorkspace\spring_mvc_02_data\pom.xml.
2025-09-19 13:11:50,247 [Worker-76: Updating Maven Project] INFO  o.e.m.j.i.AbstractJavaProjectConfigurator - Adding source folder /spring_mvc_02_data/src/main/java
2025-09-19 13:11:50,247 [Worker-76: Updating Maven Project] INFO  o.e.m.j.i.AbstractJavaProjectConfigurator - Adding resource folder /spring_mvc_02_data/src/main/resources
2025-09-19 13:11:50,248 [Worker-76: Updating Maven Project] INFO  o.e.m.j.i.AbstractJavaProjectConfigurator - Adding source folder /spring_mvc_02_data/src/test/java
2025-09-19 13:11:50,248 [Worker-76: Updating Maven Project] INFO  o.e.m.j.i.AbstractJavaProjectConfigurator - Adding resource folder /spring_mvc_02_data/src/test/resources
2025-09-19 13:11:50,853 [Worker-76: Updating Maven Project] INFO  o.e.m.w.i.f.ResourceFilteringBuildParticipant - Cleaning filtered folder for spring_mvc_02_data
2025-09-19 13:11:50,867 [Worker-76: Updating Maven Project] INFO  o.e.m.c.i.p.ProjectConfigurationManager - Update completed: 0 sec
2025-09-19 13:11:51,562 [Worker-65: Building] WARN  o.e.m.c.i.embedder.EclipseLogger - Using platform encoding (MS949 actually) to copy filtered resources, i.e. build is platform dependent!
2025-09-19 13:11:51,563 [Worker-65: Building] INFO  o.e.m.c.i.embedder.EclipseLogger - Copying 1 resource
2025-09-19 13:11:51,565 [Worker-65: Building] WARN  o.e.m.c.i.embedder.EclipseLogger - Using platform encoding (MS949 actually) to copy filtered resources, i.e. build is platform dependent!
2025-09-19 13:11:51,566 [Worker-65: Building] INFO  o.e.m.c.i.embedder.EclipseLogger - Copying 1 resource
2025-09-19 13:11:51,568 [Worker-65: Building] INFO  o.e.m.w.i.f.ResourceFilteringBuildParticipant - Changed resources require a complete clean of filtered resources of spring_mvc_02_data
2025-09-19 13:11:51,569 [Worker-65: Building] INFO  o.e.m.w.i.f.ResourceFilteringBuildParticipant - Executing resource filtering for spring_mvc_02_data
2025-09-19 13:11:51,573 [Worker-65: Building] WARN  o.e.m.c.i.embedder.EclipseLogger - Using platform encoding (MS949 actually) to copy filtered resources, i.e. build is platform dependent!
2025-09-19 13:12:12,474 [Worker-77: Building] WARN  o.e.m.c.i.embedder.EclipseLogger - Using platform encoding (MS949 actually) to copy filtered resources, i.e. build is platform dependent!
2025-09-19 13:12:12,475 [Worker-77: Building] INFO  o.e.m.c.i.embedder.EclipseLogger - Copying 0 resource
2025-09-19 13:12:12,476 [Worker-77: Building] WARN  o.e.m.c.i.embedder.EclipseLogger - Using platform encoding (MS949 actually) to copy filtered resources, i.e. build is platform dependent!
2025-09-19 13:12:12,477 [Worker-77: Building] INFO  o.e.m.c.i.embedder.EclipseLogger - Copying 0 resource
2025-09-19 13:12:16,372 [Worker-65: Building] WARN  o.e.m.c.i.embedder.EclipseLogger - Using platform encoding (MS949 actually) to copy filtered resources, i.e. build is platform dependent!
2025-09-19 13:12:16,373 [Worker-65: Building] INFO  o.e.m.c.i.embedder.EclipseLogger - Copying 0 resource
2025-09-19 13:12:16,373 [Worker-65: Building] WARN  o.e.m.c.i.embedder.EclipseLogger - Using platform encoding (MS949 actually) to copy filtered resources, i.e. build is platform dependent!
2025-09-19 13:12:16,374 [Worker-65: Building] INFO  o.e.m.c.i.embedder.EclipseLogger - Copying 0 resource
2025-09-19 13:12:27,228 [Worker-65: Building] WARN  o.e.m.c.i.embedder.EclipseLogger - Using platform encoding (MS949 actually) to copy filtered resources, i.e. build is platform dependent!
2025-09-19 13:12:27,229 [Worker-65: Building] INFO  o.e.m.c.i.embedder.EclipseLogger - Copying 1 resource
2025-09-19 13:12:27,231 [Worker-65: Building] WARN  o.e.m.c.i.embedder.EclipseLogger - Using platform encoding (MS949 actually) to copy filtered resources, i.e. build is platform dependent!
2025-09-19 13:12:27,232 [Worker-65: Building] INFO  o.e.m.c.i.embedder.EclipseLogger - Copying 0 resource
2025-09-19 13:12:38,519 [Worker-76: Building] WARN  o.e.m.c.i.embedder.EclipseLogger - Using platform encoding (MS949 actually) to copy filtered resources, i.e. build is platform dependent!
2025-09-19 13:12:38,519 [Worker-76: Building] INFO  o.e.m.c.i.embedder.EclipseLogger - Copying 1 resource
2025-09-19 13:12:38,520 [Worker-76: Building] WARN  o.e.m.c.i.embedder.EclipseLogger - Using platform encoding (MS949 actually) to copy filtered resources, i.e. build is platform dependent!
2025-09-19 13:12:38,521 [Worker-76: Building] INFO  o.e.m.c.i.embedder.EclipseLogger - Copying 0 resource
2025-09-19 13:13:17,352 [Worker-76: Building] WARN  o.e.m.c.i.embedder.EclipseLogger - Using platform encoding (MS949 actually) to copy filtered resources, i.e. build is platform dependent!
2025-09-19 13:13:17,353 [Worker-76: Building] INFO  o.e.m.c.i.embedder.EclipseLogger - Copying 1 resource
2025-09-19 13:13:17,354 [Worker-76: Building] WARN  o.e.m.c.i.embedder.EclipseLogger - Using platform encoding (MS949 actually) to copy filtered resources, i.e. build is platform dependent!
2025-09-19 13:13:17,355 [Worker-76: Building] INFO  o.e.m.c.i.embedder.EclipseLogger - Copying 0 resource
2025-09-19 13:14:21,996 [Worker-77: Building] WARN  o.e.m.c.i.embedder.EclipseLogger - Using platform encoding (MS949 actually) to copy filtered resources, i.e. build is platform dependent!
2025-09-19 13:14:21,997 [Worker-77: Building] INFO  o.e.m.c.i.embedder.EclipseLogger - Copying 0 resource
2025-09-19 13:14:21,998 [Worker-77: Building] WARN  o.e.m.c.i.embedder.EclipseLogger - Using platform encoding (MS949 actually) to copy filtered resources, i.e. build is platform dependent!
2025-09-19 13:14:21,998 [Worker-77: Building] INFO  o.e.m.c.i.embedder.EclipseLogger - Copying 0 resource
2025-09-19 13:16:07,294 [Worker-79: Building] INFO  o.e.m.c.i.l.LifecycleMappingFactory - Using org.maven.ide.eclipse.wtp.WarLifecycleMapping lifecycle mapping for MavenProject: com.spring_mvc02:project2:1.0.0-BUILD-SNAPSHOT @ D:\Spring\springWorkspace\spring_mvc_02_data\pom.xml.
2025-09-19 13:16:07,640 [Worker-79: Building] WARN  o.e.m.c.i.embedder.EclipseLogger - Using platform encoding (MS949 actually) to copy filtered resources, i.e. build is platform dependent!
2025-09-19 13:16:07,641 [Worker-79: Building] INFO  o.e.m.c.i.embedder.EclipseLogger - Copying 0 resource
2025-09-19 13:16:07,641 [Worker-79: Building] WARN  o.e.m.c.i.embedder.EclipseLogger - Using platform encoding (MS949 actually) to copy filtered resources, i.e. build is platform dependent!
2025-09-19 13:16:07,642 [Worker-79: Building] INFO  o.e.m.c.i.embedder.EclipseLogger - Copying 0 resource
2025-09-19 13:16:07,642 [Worker-79: Building] INFO  o.e.m.w.i.f.ResourceFilteringBuildParticipant - Changed resources require a complete clean of filtered resources of spring_mvc_02_data
2025-09-19 13:16:07,642 [Worker-79: Building] INFO  o.e.m.w.i.f.ResourceFilteringBuildParticipant - Executing resource filtering for spring_mvc_02_data
2025-09-19 13:16:07,646 [Worker-79: Building] WARN  o.e.m.c.i.embedder.EclipseLogger - Using platform encoding (MS949 actually) to copy filtered resources, i.e. build is platform dependent!
2025-09-19 13:16:09,081 [Worker-77: Building] WARN  o.e.m.c.i.embedder.EclipseLogger - Using platform encoding (MS949 actually) to copy filtered resources, i.e. build is platform dependent!
2025-09-19 13:16:09,082 [Worker-77: Building] INFO  o.e.m.c.i.embedder.EclipseLogger - Copying 1 resource
2025-09-19 13:16:09,084 [Worker-77: Building] WARN  o.e.m.c.i.embedder.EclipseLogger - Using platform encoding (MS949 actually) to copy filtered resources, i.e. build is platform dependent!
2025-09-19 13:16:09,085 [Worker-77: Building] INFO  o.e.m.c.i.embedder.EclipseLogger - Copying 1 resource
2025-09-19 13:16:20,889 [Worker-77: Updating Maven Project] INFO  o.e.m.c.i.p.ProjectConfigurationManager - Update started
2025-09-19 13:16:21,030 [Worker-77: Updating Maven Project] INFO  o.e.m.c.i.l.LifecycleMappingFactory - Using org.maven.ide.eclipse.wtp.WarLifecycleMapping lifecycle mapping for MavenProject: com.spring_mvc02:project2:1.0.0-BUILD-SNAPSHOT @ D:\Spring\springWorkspace\spring_mvc_02_data\pom.xml.
2025-09-19 13:16:21,137 [Worker-77: Updating Maven Project] INFO  o.e.m.j.i.AbstractJavaProjectConfigurator - Adding source folder /spring_mvc_02_data/src/main/java
2025-09-19 13:16:21,137 [Worker-77: Updating Maven Project] INFO  o.e.m.j.i.AbstractJavaProjectConfigurator - Adding resource folder /spring_mvc_02_data/src/main/resources
2025-09-19 13:16:21,137 [Worker-77: Updating Maven Project] INFO  o.e.m.j.i.AbstractJavaProjectConfigurator - Adding source folder /spring_mvc_02_data/src/test/java
2025-09-19 13:16:21,137 [Worker-77: Updating Maven Project] INFO  o.e.m.j.i.AbstractJavaProjectConfigurator - Adding resource folder /spring_mvc_02_data/src/test/resources
2025-09-19 13:16:21,435 [Worker-77: Updating Maven Project] INFO  o.e.m.w.i.f.ResourceFilteringBuildParticipant - Cleaning filtered folder for spring_mvc_02_data
2025-09-19 13:16:21,439 [Worker-77: Updating Maven Project] INFO  o.e.m.c.i.p.ProjectConfigurationManager - Update completed: 0 sec
2025-09-19 13:16:22,203 [Worker-80: Building Project spring_mvc_02_data] WARN  o.e.m.c.i.embedder.EclipseLogger - Using platform encoding (MS949 actually) to copy filtered resources, i.e. build is platform dependent!
2025-09-19 13:16:22,204 [Worker-80: Building Project spring_mvc_02_data] INFO  o.e.m.c.i.embedder.EclipseLogger - Copying 1 resource
2025-09-19 13:16:22,206 [Worker-80: Building Project spring_mvc_02_data] WARN  o.e.m.c.i.embedder.EclipseLogger - Using platform encoding (MS949 actually) to copy filtered resources, i.e. build is platform dependent!
2025-09-19 13:16:22,208 [Worker-80: Building Project spring_mvc_02_data] INFO  o.e.m.c.i.embedder.EclipseLogger - Copying 1 resource
2025-09-19 13:16:22,210 [Worker-80: Building Project spring_mvc_02_data] INFO  o.e.m.w.i.f.ResourceFilteringBuildParticipant - Changed resources require a complete clean of filtered resources of spring_mvc_02_data
2025-09-19 13:16:22,210 [Worker-80: Building Project spring_mvc_02_data] INFO  o.e.m.w.i.f.ResourceFilteringBuildParticipant - Executing resource filtering for spring_mvc_02_data
2025-09-19 13:16:22,215 [Worker-80: Building Project spring_mvc_02_data] WARN  o.e.m.c.i.embedder.EclipseLogger - Using platform encoding (MS949 actually) to copy filtered resources, i.e. build is platform dependent!
2025-09-19 13:19:40,679 [Worker-83: Building] WARN  o.e.m.c.i.embedder.EclipseLogger - Using platform encoding (MS949 actually) to copy filtered resources, i.e. build is platform dependent!
2025-09-19 13:19:40,680 [Worker-83: Building] INFO  o.e.m.c.i.embedder.EclipseLogger - Copying 1 resource
2025-09-19 13:19:40,681 [Worker-83: Building] WARN  o.e.m.c.i.embedder.EclipseLogger - Using platform encoding (MS949 actually) to copy filtered resources, i.e. build is platform dependent!
2025-09-19 13:19:40,682 [Worker-83: Building] INFO  o.e.m.c.i.embedder.EclipseLogger - Copying 0 resource
2025-09-19 13:30:31,844 [Worker-89: Building] WARN  o.e.m.c.i.embedder.EclipseLogger - Using platform encoding (MS949 actually) to copy filtered resources, i.e. build is platform dependent!
2025-09-19 13:30:31,845 [Worker-89: Building] INFO  o.e.m.c.i.embedder.EclipseLogger - Copying 1 resource
2025-09-19 13:30:31,846 [Worker-89: Building] WARN  o.e.m.c.i.embedder.EclipseLogger - Using platform encoding (MS949 actually) to copy filtered resources, i.e. build is platform dependent!
2025-09-19 13:30:31,847 [Worker-89: Building] INFO  o.e.m.c.i.embedder.EclipseLogger - Copying 0 resource
2025-09-19 13:30:54,606 [Worker-90: Building] WARN  o.e.m.c.i.embedder.EclipseLogger - Using platform encoding (MS949 actually) to copy filtered resources, i.e. build is platform dependent!
2025-09-19 13:30:54,607 [Worker-90: Building] INFO  o.e.m.c.i.embedder.EclipseLogger - Copying 1 resource
2025-09-19 13:30:54,609 [Worker-90: Building] WARN  o.e.m.c.i.embedder.EclipseLogger - Using platform encoding (MS949 actually) to copy filtered resources, i.e. build is platform dependent!
2025-09-19 13:30:54,609 [Worker-90: Building] INFO  o.e.m.c.i.embedder.EclipseLogger - Copying 0 resource
2025-09-19 13:37:59,876 [Worker-94: Building] WARN  o.e.m.c.i.embedder.EclipseLogger - Using platform encoding (MS949 actually) to copy filtered resources, i.e. build is platform dependent!
2025-09-19 13:37:59,877 [Worker-94: Building] INFO  o.e.m.c.i.embedder.EclipseLogger - Copying 0 resource
2025-09-19 13:37:59,878 [Worker-94: Building] WARN  o.e.m.c.i.embedder.EclipseLogger - Using platform encoding (MS949 actually) to copy filtered resources, i.e. build is platform dependent!
2025-09-19 13:37:59,879 [Worker-94: Building] INFO  o.e.m.c.i.embedder.EclipseLogger - Copying 0 resource
2025-09-19 13:38:44,138 [Worker-94: Building] WARN  o.e.m.c.i.embedder.EclipseLogger - Using platform encoding (MS949 actually) to copy filtered resources, i.e. build is platform dependent!
2025-09-19 13:38:44,139 [Worker-94: Building] INFO  o.e.m.c.i.embedder.EclipseLogger - Copying 0 resource
2025-09-19 13:38:44,140 [Worker-94: Building] WARN  o.e.m.c.i.embedder.EclipseLogger - Using platform encoding (MS949 actually) to copy filtered resources, i.e. build is platform dependent!
2025-09-19 13:38:44,140 [Worker-94: Building] INFO  o.e.m.c.i.embedder.EclipseLogger - Copying 0 resource
2025-09-19 13:38:59,696 [Worker-93: Building] WARN  o.e.m.c.i.embedder.EclipseLogger - Using platform encoding (MS949 actually) to copy filtered resources, i.e. build is platform dependent!
2025-09-19 13:38:59,697 [Worker-93: Building] INFO  o.e.m.c.i.embedder.EclipseLogger - Copying 1 resource
2025-09-19 13:38:59,698 [Worker-93: Building] WARN  o.e.m.c.i.embedder.EclipseLogger - Using platform encoding (MS949 actually) to copy filtered resources, i.e. build is platform dependent!
2025-09-19 13:38:59,699 [Worker-93: Building] INFO  o.e.m.c.i.embedder.EclipseLogger - Copying 0 resource
2025-09-19 13:39:26,533 [Worker-95: Building] WARN  o.e.m.c.i.embedder.EclipseLogger - Using platform encoding (MS949 actually) to copy filtered resources, i.e. build is platform dependent!
2025-09-19 13:39:26,533 [Worker-95: Building] INFO  o.e.m.c.i.embedder.EclipseLogger - Copying 0 resource
2025-09-19 13:39:26,534 [Worker-95: Building] WARN  o.e.m.c.i.embedder.EclipseLogger - Using platform encoding (MS949 actually) to copy filtered resources, i.e. build is platform dependent!
2025-09-19 13:39:26,534 [Worker-95: Building] INFO  o.e.m.c.i.embedder.EclipseLogger - Copying 0 resource
2025-09-19 13:41:39,838 [Worker-95: Building] WARN  o.e.m.c.i.embedder.EclipseLogger - Using platform encoding (MS949 actually) to copy filtered resources, i.e. build is platform dependent!
2025-09-19 13:41:39,839 [Worker-95: Building] INFO  o.e.m.c.i.embedder.EclipseLogger - Copying 0 resource
2025-09-19 13:41:39,840 [Worker-95: Building] WARN  o.e.m.c.i.embedder.EclipseLogger - Using platform encoding (MS949 actually) to copy filtered resources, i.e. build is platform dependent!
2025-09-19 13:41:39,840 [Worker-95: Building] INFO  o.e.m.c.i.embedder.EclipseLogger - Copying 0 resource
2025-09-19 13:43:16,839 [Worker-93: Building] WARN  o.e.m.c.i.embedder.EclipseLogger - Using platform encoding (MS949 actually) to copy filtered resources, i.e. build is platform dependent!
2025-09-19 13:43:16,839 [Worker-93: Building] INFO  o.e.m.c.i.embedder.EclipseLogger - Copying 0 resource
2025-09-19 13:43:16,840 [Worker-93: Building] WARN  o.e.m.c.i.embedder.EclipseLogger - Using platform encoding (MS949 actually) to copy filtered resources, i.e. build is platform dependent!
2025-09-19 13:43:16,840 [Worker-93: Building] INFO  o.e.m.c.i.embedder.EclipseLogger - Copying 0 resource
2025-09-19 13:50:15,389 [Worker-101: Building] WARN  o.e.m.c.i.embedder.EclipseLogger - Using platform encoding (MS949 actually) to copy filtered resources, i.e. build is platform dependent!
2025-09-19 13:50:15,390 [Worker-101: Building] INFO  o.e.m.c.i.embedder.EclipseLogger - Copying 1 resource
2025-09-19 13:50:15,391 [Worker-101: Building] WARN  o.e.m.c.i.embedder.EclipseLogger - Using platform encoding (MS949 actually) to copy filtered resources, i.e. build is platform dependent!
2025-09-19 13:50:15,391 [Worker-101: Building] INFO  o.e.m.c.i.embedder.EclipseLogger - Copying 0 resource
2025-09-19 14:07:52,560 [Worker-106: Building] WARN  o.e.m.c.i.embedder.EclipseLogger - Using platform encoding (MS949 actually) to copy filtered resources, i.e. build is platform dependent!
2025-09-19 14:07:52,561 [Worker-106: Building] INFO  o.e.m.c.i.embedder.EclipseLogger - Copying 1 resource
2025-09-19 14:07:52,562 [Worker-106: Building] WARN  o.e.m.c.i.embedder.EclipseLogger - Using platform encoding (MS949 actually) to copy filtered resources, i.e. build is platform dependent!
2025-09-19 14:07:52,563 [Worker-106: Building] INFO  o.e.m.c.i.embedder.EclipseLogger - Copying 0 resource
2025-09-19 14:11:20,633 [Worker-97: Building] WARN  o.e.m.c.i.embedder.EclipseLogger - Using platform encoding (MS949 actually) to copy filtered resources, i.e. build is platform dependent!
2025-09-19 14:11:20,634 [Worker-97: Building] INFO  o.e.m.c.i.embedder.EclipseLogger - Copying 1 resource
2025-09-19 14:11:20,636 [Worker-97: Building] WARN  o.e.m.c.i.embedder.EclipseLogger - Using platform encoding (MS949 actually) to copy filtered resources, i.e. build is platform dependent!
2025-09-19 14:11:20,637 [Worker-97: Building] INFO  o.e.m.c.i.embedder.EclipseLogger - Copying 0 resource
2025-09-19 14:11:37,825 [Worker-97: Building] WARN  o.e.m.c.i.embedder.EclipseLogger - Using platform encoding (MS949 actually) to copy filtered resources, i.e. build is platform dependent!
2025-09-19 14:11:37,826 [Worker-97: Building] INFO  o.e.m.c.i.embedder.EclipseLogger - Copying 0 resource
2025-09-19 14:11:37,827 [Worker-97: Building] WARN  o.e.m.c.i.embedder.EclipseLogger - Using platform encoding (MS949 actually) to copy filtered resources, i.e. build is platform dependent!
2025-09-19 14:11:37,828 [Worker-97: Building] INFO  o.e.m.c.i.embedder.EclipseLogger - Copying 0 resource
2025-09-19 14:11:49,769 [Worker-107: Building] WARN  o.e.m.c.i.embedder.EclipseLogger - Using platform encoding (MS949 actually) to copy filtered resources, i.e. build is platform dependent!
2025-09-19 14:11:49,770 [Worker-107: Building] INFO  o.e.m.c.i.embedder.EclipseLogger - Copying 0 resource
2025-09-19 14:11:49,771 [Worker-107: Building] WARN  o.e.m.c.i.embedder.EclipseLogger - Using platform encoding (MS949 actually) to copy filtered resources, i.e. build is platform dependent!
2025-09-19 14:11:49,771 [Worker-107: Building] INFO  o.e.m.c.i.embedder.EclipseLogger - Copying 0 resource
2025-09-19 14:13:38,820 [Worker-110: Building] WARN  o.e.m.c.i.embedder.EclipseLogger - Using platform encoding (MS949 actually) to copy filtered resources, i.e. build is platform dependent!
2025-09-19 14:13:38,821 [Worker-110: Building] INFO  o.e.m.c.i.embedder.EclipseLogger - Copying 0 resource
2025-09-19 14:13:38,821 [Worker-110: Building] WARN  o.e.m.c.i.embedder.EclipseLogger - Using platform encoding (MS949 actually) to copy filtered resources, i.e. build is platform dependent!
2025-09-19 14:13:38,823 [Worker-110: Building] INFO  o.e.m.c.i.embedder.EclipseLogger - Copying 0 resource
2025-09-19 14:14:17,719 [Worker-112: Building] WARN  o.e.m.c.i.embedder.EclipseLogger - Using platform encoding (MS949 actually) to copy filtered resources, i.e. build is platform dependent!
2025-09-19 14:14:17,720 [Worker-112: Building] INFO  o.e.m.c.i.embedder.EclipseLogger - Copying 0 resource
2025-09-19 14:14:17,721 [Worker-112: Building] WARN  o.e.m.c.i.embedder.EclipseLogger - Using platform encoding (MS949 actually) to copy filtered resources, i.e. build is platform dependent!
2025-09-19 14:14:17,721 [Worker-112: Building] INFO  o.e.m.c.i.embedder.EclipseLogger - Copying 0 resource
2025-09-19 14:20:56,224 [Worker-113: Building] WARN  o.e.m.c.i.embedder.EclipseLogger - Using platform encoding (MS949 actually) to copy filtered resources, i.e. build is platform dependent!
2025-09-19 14:20:56,224 [Worker-113: Building] INFO  o.e.m.c.i.embedder.EclipseLogger - Copying 0 resource
2025-09-19 14:20:56,225 [Worker-113: Building] WARN  o.e.m.c.i.embedder.EclipseLogger - Using platform encoding (MS949 actually) to copy filtered resources, i.e. build is platform dependent!
2025-09-19 14:20:56,226 [Worker-113: Building] INFO  o.e.m.c.i.embedder.EclipseLogger - Copying 0 resource
2025-09-19 14:21:12,077 [Worker-113: Building] WARN  o.e.m.c.i.embedder.EclipseLogger - Using platform encoding (MS949 actually) to copy filtered resources, i.e. build is platform dependent!
2025-09-19 14:21:12,077 [Worker-113: Building] INFO  o.e.m.c.i.embedder.EclipseLogger - Copying 0 resource
2025-09-19 14:21:12,078 [Worker-113: Building] WARN  o.e.m.c.i.embedder.EclipseLogger - Using platform encoding (MS949 actually) to copy filtered resources, i.e. build is platform dependent!
2025-09-19 14:21:12,078 [Worker-113: Building] INFO  o.e.m.c.i.embedder.EclipseLogger - Copying 0 resource
2025-09-19 14:21:15,098 [Worker-116: Building] WARN  o.e.m.c.i.embedder.EclipseLogger - Using platform encoding (MS949 actually) to copy filtered resources, i.e. build is platform dependent!
2025-09-19 14:21:15,100 [Worker-116: Building] INFO  o.e.m.c.i.embedder.EclipseLogger - Copying 0 resource
2025-09-19 14:21:15,102 [Worker-116: Building] WARN  o.e.m.c.i.embedder.EclipseLogger - Using platform encoding (MS949 actually) to copy filtered resources, i.e. build is platform dependent!
2025-09-19 14:21:15,102 [Worker-116: Building] INFO  o.e.m.c.i.embedder.EclipseLogger - Copying 0 resource
2025-09-19 14:22:18,330 [Worker-117: Building] WARN  o.e.m.c.i.embedder.EclipseLogger - Using platform encoding (MS949 actually) to copy filtered resources, i.e. build is platform dependent!
2025-09-19 14:22:18,330 [Worker-117: Building] INFO  o.e.m.c.i.embedder.EclipseLogger - Copying 0 resource
2025-09-19 14:22:18,331 [Worker-117: Building] WARN  o.e.m.c.i.embedder.EclipseLogger - Using platform encoding (MS949 actually) to copy filtered resources, i.e. build is platform dependent!
2025-09-19 14:22:18,332 [Worker-117: Building] INFO  o.e.m.c.i.embedder.EclipseLogger - Copying 0 resource
2025-09-19 14:23:08,078 [Worker-110: Building] WARN  o.e.m.c.i.embedder.EclipseLogger - Using platform encoding (MS949 actually) to copy filtered resources, i.e. build is platform dependent!
2025-09-19 14:23:08,078 [Worker-110: Building] INFO  o.e.m.c.i.embedder.EclipseLogger - Copying 0 resource
2025-09-19 14:23:08,079 [Worker-110: Building] WARN  o.e.m.c.i.embedder.EclipseLogger - Using platform encoding (MS949 actually) to copy filtered resources, i.e. build is platform dependent!
2025-09-19 14:23:08,080 [Worker-110: Building] INFO  o.e.m.c.i.embedder.EclipseLogger - Copying 0 resource
2025-09-19 14:23:18,959 [Worker-113: Building] WARN  o.e.m.c.i.embedder.EclipseLogger - Using platform encoding (MS949 actually) to copy filtered resources, i.e. build is platform dependent!
2025-09-19 14:23:18,960 [Worker-113: Building] INFO  o.e.m.c.i.embedder.EclipseLogger - Copying 1 resource
2025-09-19 14:23:18,960 [Worker-113: Building] WARN  o.e.m.c.i.embedder.EclipseLogger - Using platform encoding (MS949 actually) to copy filtered resources, i.e. build is platform dependent!
2025-09-19 14:23:18,961 [Worker-113: Building] INFO  o.e.m.c.i.embedder.EclipseLogger - Copying 0 resource
2025-09-19 14:23:59,314 [Worker-116: Building] WARN  o.e.m.c.i.embedder.EclipseLogger - Using platform encoding (MS949 actually) to copy filtered resources, i.e. build is platform dependent!
2025-09-19 14:23:59,315 [Worker-116: Building] INFO  o.e.m.c.i.embedder.EclipseLogger - Copying 0 resource
2025-09-19 14:23:59,315 [Worker-116: Building] WARN  o.e.m.c.i.embedder.EclipseLogger - Using platform encoding (MS949 actually) to copy filtered resources, i.e. build is platform dependent!
2025-09-19 14:23:59,316 [Worker-116: Building] INFO  o.e.m.c.i.embedder.EclipseLogger - Copying 0 resource
2025-09-19 14:24:51,177 [Worker-117: Building] WARN  o.e.m.c.i.embedder.EclipseLogger - Using platform encoding (MS949 actually) to copy filtered resources, i.e. build is platform dependent!
2025-09-19 14:24:51,178 [Worker-117: Building] INFO  o.e.m.c.i.embedder.EclipseLogger - Copying 0 resource
2025-09-19 14:24:51,179 [Worker-117: Building] WARN  o.e.m.c.i.embedder.EclipseLogger - Using platform encoding (MS949 actually) to copy filtered resources, i.e. build is platform dependent!
2025-09-19 14:24:51,180 [Worker-117: Building] INFO  o.e.m.c.i.embedder.EclipseLogger - Copying 0 resource
2025-09-19 14:25:14,107 [Worker-115: Building] WARN  o.e.m.c.i.embedder.EclipseLogger - Using platform encoding (MS949 actually) to copy filtered resources, i.e. build is platform dependent!
2025-09-19 14:25:14,109 [Worker-115: Building] INFO  o.e.m.c.i.embedder.EclipseLogger - Copying 1 resource
2025-09-19 14:25:14,110 [Worker-115: Building] WARN  o.e.m.c.i.embedder.EclipseLogger - Using platform encoding (MS949 actually) to copy filtered resources, i.e. build is platform dependent!
2025-09-19 14:25:14,110 [Worker-115: Building] INFO  o.e.m.c.i.embedder.EclipseLogger - Copying 0 resource
2025-09-19 14:26:12,536 [Worker-116: Building] WARN  o.e.m.c.i.embedder.EclipseLogger - Using platform encoding (MS949 actually) to copy filtered resources, i.e. build is platform dependent!
2025-09-19 14:26:12,537 [Worker-116: Building] INFO  o.e.m.c.i.embedder.EclipseLogger - Copying 1 resource
2025-09-19 14:26:12,537 [Worker-116: Building] WARN  o.e.m.c.i.embedder.EclipseLogger - Using platform encoding (MS949 actually) to copy filtered resources, i.e. build is platform dependent!
2025-09-19 14:26:12,538 [Worker-116: Building] INFO  o.e.m.c.i.embedder.EclipseLogger - Copying 0 resource
2025-09-19 14:26:43,302 [Worker-116: Building] WARN  o.e.m.c.i.embedder.EclipseLogger - Using platform encoding (MS949 actually) to copy filtered resources, i.e. build is platform dependent!
2025-09-19 14:26:43,305 [Worker-116: Building] INFO  o.e.m.c.i.embedder.EclipseLogger - Copying 1 resource
2025-09-19 14:26:43,306 [Worker-116: Building] WARN  o.e.m.c.i.embedder.EclipseLogger - Using platform encoding (MS949 actually) to copy filtered resources, i.e. build is platform dependent!
2025-09-19 14:26:43,307 [Worker-116: Building] INFO  o.e.m.c.i.embedder.EclipseLogger - Copying 0 resource
2025-09-19 14:29:59,440 [Worker-119: Building] WARN  o.e.m.c.i.embedder.EclipseLogger - Using platform encoding (MS949 actually) to copy filtered resources, i.e. build is platform dependent!
2025-09-19 14:29:59,441 [Worker-119: Building] INFO  o.e.m.c.i.embedder.EclipseLogger - Copying 1 resource
2025-09-19 14:29:59,441 [Worker-119: Building] WARN  o.e.m.c.i.embedder.EclipseLogger - Using platform encoding (MS949 actually) to copy filtered resources, i.e. build is platform dependent!
2025-09-19 14:29:59,443 [Worker-119: Building] INFO  o.e.m.c.i.embedder.EclipseLogger - Copying 0 resource
2025-09-19 14:33:12,605 [Worker-119: Building] WARN  o.e.m.c.i.embedder.EclipseLogger - Using platform encoding (MS949 actually) to copy filtered resources, i.e. build is platform dependent!
2025-09-19 14:33:12,606 [Worker-119: Building] INFO  o.e.m.c.i.embedder.EclipseLogger - Copying 1 resource
2025-09-19 14:33:12,607 [Worker-119: Building] WARN  o.e.m.c.i.embedder.EclipseLogger - Using platform encoding (MS949 actually) to copy filtered resources, i.e. build is platform dependent!
2025-09-19 14:33:12,608 [Worker-119: Building] INFO  o.e.m.c.i.embedder.EclipseLogger - Copying 0 resource
2025-09-19 14:33:34,994 [Worker-118: Building] WARN  o.e.m.c.i.embedder.EclipseLogger - Using platform encoding (MS949 actually) to copy filtered resources, i.e. build is platform dependent!
2025-09-19 14:33:34,995 [Worker-118: Building] INFO  o.e.m.c.i.embedder.EclipseLogger - Copying 0 resource
2025-09-19 14:33:34,996 [Worker-118: Building] WARN  o.e.m.c.i.embedder.EclipseLogger - Using platform encoding (MS949 actually) to copy filtered resources, i.e. build is platform dependent!
2025-09-19 14:33:34,996 [Worker-118: Building] INFO  o.e.m.c.i.embedder.EclipseLogger - Copying 0 resource
2025-09-19 14:34:13,391 [Worker-121: Building] WARN  o.e.m.c.i.embedder.EclipseLogger - Using platform encoding (MS949 actually) to copy filtered resources, i.e. build is platform dependent!
2025-09-19 14:34:13,392 [Worker-121: Building] INFO  o.e.m.c.i.embedder.EclipseLogger - Copying 0 resource
2025-09-19 14:34:13,393 [Worker-121: Building] WARN  o.e.m.c.i.embedder.EclipseLogger - Using platform encoding (MS949 actually) to copy filtered resources, i.e. build is platform dependent!
2025-09-19 14:34:13,393 [Worker-121: Building] INFO  o.e.m.c.i.embedder.EclipseLogger - Copying 0 resource
2025-09-19 14:34:59,878 [Worker-118: Building] WARN  o.e.m.c.i.embedder.EclipseLogger - Using platform encoding (MS949 actually) to copy filtered resources, i.e. build is platform dependent!
2025-09-19 14:34:59,879 [Worker-118: Building] INFO  o.e.m.c.i.embedder.EclipseLogger - Copying 0 resource
2025-09-19 14:34:59,879 [Worker-118: Building] WARN  o.e.m.c.i.embedder.EclipseLogger - Using platform encoding (MS949 actually) to copy filtered resources, i.e. build is platform dependent!
2025-09-19 14:34:59,880 [Worker-118: Building] INFO  o.e.m.c.i.embedder.EclipseLogger - Copying 0 resource
2025-09-19 14:36:01,882 [Worker-121: Building] WARN  o.e.m.c.i.embedder.EclipseLogger - Using platform encoding (MS949 actually) to copy filtered resources, i.e. build is platform dependent!
2025-09-19 14:36:01,882 [Worker-121: Building] INFO  o.e.m.c.i.embedder.EclipseLogger - Copying 1 resource
2025-09-19 14:36:01,883 [Worker-121: Building] WARN  o.e.m.c.i.embedder.EclipseLogger - Using platform encoding (MS949 actually) to copy filtered resources, i.e. build is platform dependent!
2025-09-19 14:36:01,883 [Worker-121: Building] INFO  o.e.m.c.i.embedder.EclipseLogger - Copying 0 resource
2025-09-19 15:06:35,156 [Worker-128: Building] WARN  o.e.m.c.i.embedder.EclipseLogger - Using platform encoding (MS949 actually) to copy filtered resources, i.e. build is platform dependent!
2025-09-19 15:06:35,158 [Worker-128: Building] INFO  o.e.m.c.i.embedder.EclipseLogger - Copying 0 resource
2025-09-19 15:06:35,158 [Worker-128: Building] WARN  o.e.m.c.i.embedder.EclipseLogger - Using platform encoding (MS949 actually) to copy filtered resources, i.e. build is platform dependent!
2025-09-19 15:06:35,159 [Worker-128: Building] INFO  o.e.m.c.i.embedder.EclipseLogger - Copying 0 resource
2025-09-19 15:06:37,945 [Worker-129: Building] WARN  o.e.m.c.i.embedder.EclipseLogger - Using platform encoding (MS949 actually) to copy filtered resources, i.e. build is platform dependent!
2025-09-19 15:06:37,946 [Worker-129: Building] INFO  o.e.m.c.i.embedder.EclipseLogger - Copying 0 resource
2025-09-19 15:06:37,946 [Worker-129: Building] WARN  o.e.m.c.i.embedder.EclipseLogger - Using platform encoding (MS949 actually) to copy filtered resources, i.e. build is platform dependent!
2025-09-19 15:06:37,947 [Worker-129: Building] INFO  o.e.m.c.i.embedder.EclipseLogger - Copying 0 resource
2025-09-19 15:06:46,965 [Worker-130: Building] WARN  o.e.m.c.i.embedder.EclipseLogger - Using platform encoding (MS949 actually) to copy filtered resources, i.e. build is platform dependent!
2025-09-19 15:06:46,966 [Worker-130: Building] INFO  o.e.m.c.i.embedder.EclipseLogger - Copying 0 resource
2025-09-19 15:06:46,967 [Worker-130: Building] WARN  o.e.m.c.i.embedder.EclipseLogger - Using platform encoding (MS949 actually) to copy filtered resources, i.e. build is platform dependent!
2025-09-19 15:06:46,967 [Worker-130: Building] INFO  o.e.m.c.i.embedder.EclipseLogger - Copying 0 resource
2025-09-19 15:06:56,113 [Worker-130: Building] WARN  o.e.m.c.i.embedder.EclipseLogger - Using platform encoding (MS949 actually) to copy filtered resources, i.e. build is platform dependent!
2025-09-19 15:06:56,114 [Worker-130: Building] INFO  o.e.m.c.i.embedder.EclipseLogger - Copying 0 resource
2025-09-19 15:06:56,114 [Worker-130: Building] WARN  o.e.m.c.i.embedder.EclipseLogger - Using platform encoding (MS949 actually) to copy filtered resources, i.e. build is platform dependent!
2025-09-19 15:06:56,115 [Worker-130: Building] INFO  o.e.m.c.i.embedder.EclipseLogger - Copying 0 resource
2025-09-19 15:07:29,436 [Worker-130: Building] WARN  o.e.m.c.i.embedder.EclipseLogger - Using platform encoding (MS949 actually) to copy filtered resources, i.e. build is platform dependent!
2025-09-19 15:07:29,436 [Worker-130: Building] INFO  o.e.m.c.i.embedder.EclipseLogger - Copying 0 resource
2025-09-19 15:07:29,437 [Worker-130: Building] WARN  o.e.m.c.i.embedder.EclipseLogger - Using platform encoding (MS949 actually) to copy filtered resources, i.e. build is platform dependent!
2025-09-19 15:07:29,437 [Worker-130: Building] INFO  o.e.m.c.i.embedder.EclipseLogger - Copying 0 resource
2025-09-19 15:07:34,693 [Worker-130: Building] WARN  o.e.m.c.i.embedder.EclipseLogger - Using platform encoding (MS949 actually) to copy filtered resources, i.e. build is platform dependent!
2025-09-19 15:07:34,693 [Worker-130: Building] INFO  o.e.m.c.i.embedder.EclipseLogger - Copying 0 resource
2025-09-19 15:07:34,694 [Worker-130: Building] WARN  o.e.m.c.i.embedder.EclipseLogger - Using platform encoding (MS949 actually) to copy filtered resources, i.e. build is platform dependent!
2025-09-19 15:07:34,695 [Worker-130: Building] INFO  o.e.m.c.i.embedder.EclipseLogger - Copying 0 resource
2025-09-19 15:07:43,846 [Worker-129: Building] WARN  o.e.m.c.i.embedder.EclipseLogger - Using platform encoding (MS949 actually) to copy filtered resources, i.e. build is platform dependent!
2025-09-19 15:07:43,847 [Worker-129: Building] INFO  o.e.m.c.i.embedder.EclipseLogger - Copying 1 resource
2025-09-19 15:07:43,847 [Worker-129: Building] WARN  o.e.m.c.i.embedder.EclipseLogger - Using platform encoding (MS949 actually) to copy filtered resources, i.e. build is platform dependent!
2025-09-19 15:07:43,847 [Worker-129: Building] INFO  o.e.m.c.i.embedder.EclipseLogger - Copying 0 resource
2025-09-19 15:08:13,969 [Worker-131: Building] WARN  o.e.m.c.i.embedder.EclipseLogger - Using platform encoding (MS949 actually) to copy filtered resources, i.e. build is platform dependent!
2025-09-19 15:08:13,970 [Worker-131: Building] INFO  o.e.m.c.i.embedder.EclipseLogger - Copying 1 resource
2025-09-19 15:08:13,971 [Worker-131: Building] WARN  o.e.m.c.i.embedder.EclipseLogger - Using platform encoding (MS949 actually) to copy filtered resources, i.e. build is platform dependent!
2025-09-19 15:08:13,971 [Worker-131: Building] INFO  o.e.m.c.i.embedder.EclipseLogger - Copying 0 resource
2025-09-19 15:08:34,977 [Worker-123: Building] WARN  o.e.m.c.i.embedder.EclipseLogger - Using platform encoding (MS949 actually) to copy filtered resources, i.e. build is platform dependent!
2025-09-19 15:08:34,979 [Worker-123: Building] INFO  o.e.m.c.i.embedder.EclipseLogger - Copying 1 resource
2025-09-19 15:08:34,980 [Worker-123: Building] WARN  o.e.m.c.i.embedder.EclipseLogger - Using platform encoding (MS949 actually) to copy filtered resources, i.e. build is platform dependent!
2025-09-19 15:08:34,980 [Worker-123: Building] INFO  o.e.m.c.i.embedder.EclipseLogger - Copying 0 resource
2025-09-19 15:08:57,338 [Worker-131: Building] WARN  o.e.m.c.i.embedder.EclipseLogger - Using platform encoding (MS949 actually) to copy filtered resources, i.e. build is platform dependent!
2025-09-19 15:08:57,339 [Worker-131: Building] INFO  o.e.m.c.i.embedder.EclipseLogger - Copying 1 resource
2025-09-19 15:08:57,340 [Worker-131: Building] WARN  o.e.m.c.i.embedder.EclipseLogger - Using platform encoding (MS949 actually) to copy filtered resources, i.e. build is platform dependent!
2025-09-19 15:08:57,341 [Worker-131: Building] INFO  o.e.m.c.i.embedder.EclipseLogger - Copying 0 resource
2025-09-19 15:09:09,275 [Worker-123: Building] WARN  o.e.m.c.i.embedder.EclipseLogger - Using platform encoding (MS949 actually) to copy filtered resources, i.e. build is platform dependent!
2025-09-19 15:09:09,276 [Worker-123: Building] INFO  o.e.m.c.i.embedder.EclipseLogger - Copying 1 resource
2025-09-19 15:09:09,276 [Worker-123: Building] WARN  o.e.m.c.i.embedder.EclipseLogger - Using platform encoding (MS949 actually) to copy filtered resources, i.e. build is platform dependent!
2025-09-19 15:09:09,277 [Worker-123: Building] INFO  o.e.m.c.i.embedder.EclipseLogger - Copying 0 resource
2025-09-19 15:16:24,433 [Worker-131: Building] WARN  o.e.m.c.i.embedder.EclipseLogger - Using platform encoding (MS949 actually) to copy filtered resources, i.e. build is platform dependent!
2025-09-19 15:16:24,434 [Worker-131: Building] INFO  o.e.m.c.i.embedder.EclipseLogger - Copying 1 resource
2025-09-19 15:16:24,436 [Worker-131: Building] WARN  o.e.m.c.i.embedder.EclipseLogger - Using platform encoding (MS949 actually) to copy filtered resources, i.e. build is platform dependent!
2025-09-19 15:16:24,437 [Worker-131: Building] INFO  o.e.m.c.i.embedder.EclipseLogger - Copying 0 resource
2025-09-19 15:18:03,635 [Worker-139: Building] WARN  o.e.m.c.i.embedder.EclipseLogger - Using platform encoding (MS949 actually) to copy filtered resources, i.e. build is platform dependent!
2025-09-19 15:18:03,636 [Worker-139: Building] INFO  o.e.m.c.i.embedder.EclipseLogger - Copying 0 resource
2025-09-19 15:18:03,637 [Worker-139: Building] WARN  o.e.m.c.i.embedder.EclipseLogger - Using platform encoding (MS949 actually) to copy filtered resources, i.e. build is platform dependent!
2025-09-19 15:18:03,637 [Worker-139: Building] INFO  o.e.m.c.i.embedder.EclipseLogger - Copying 0 resource
2025-09-19 15:18:35,626 [Worker-139: Building] WARN  o.e.m.c.i.embedder.EclipseLogger - Using platform encoding (MS949 actually) to copy filtered resources, i.e. build is platform dependent!
2025-09-19 15:18:35,627 [Worker-139: Building] INFO  o.e.m.c.i.embedder.EclipseLogger - Copying 0 resource
2025-09-19 15:18:35,627 [Worker-139: Building] WARN  o.e.m.c.i.embedder.EclipseLogger - Using platform encoding (MS949 actually) to copy filtered resources, i.e. build is platform dependent!
2025-09-19 15:18:35,628 [Worker-139: Building] INFO  o.e.m.c.i.embedder.EclipseLogger - Copying 0 resource
2025-09-19 15:18:37,686 [Worker-136: Building] WARN  o.e.m.c.i.embedder.EclipseLogger - Using platform encoding (MS949 actually) to copy filtered resources, i.e. build is platform dependent!
2025-09-19 15:18:37,687 [Worker-136: Building] INFO  o.e.m.c.i.embedder.EclipseLogger - Copying 1 resource
2025-09-19 15:18:37,688 [Worker-136: Building] WARN  o.e.m.c.i.embedder.EclipseLogger - Using platform encoding (MS949 actually) to copy filtered resources, i.e. build is platform dependent!
2025-09-19 15:18:37,688 [Worker-136: Building] INFO  o.e.m.c.i.embedder.EclipseLogger - Copying 0 resource
2025-09-19 15:22:11,587 [Worker-140: Building] WARN  o.e.m.c.i.embedder.EclipseLogger - Using platform encoding (MS949 actually) to copy filtered resources, i.e. build is platform dependent!
2025-09-19 15:22:11,588 [Worker-140: Building] INFO  o.e.m.c.i.embedder.EclipseLogger - Copying 1 resource
2025-09-19 15:22:11,589 [Worker-140: Building] WARN  o.e.m.c.i.embedder.EclipseLogger - Using platform encoding (MS949 actually) to copy filtered resources, i.e. build is platform dependent!
2025-09-19 15:22:11,589 [Worker-140: Building] INFO  o.e.m.c.i.embedder.EclipseLogger - Copying 0 resource
2025-09-19 15:22:23,879 [Worker-136: Building] WARN  o.e.m.c.i.embedder.EclipseLogger - Using platform encoding (MS949 actually) to copy filtered resources, i.e. build is platform dependent!
2025-09-19 15:22:23,880 [Worker-136: Building] INFO  o.e.m.c.i.embedder.EclipseLogger - Copying 0 resource
2025-09-19 15:22:23,880 [Worker-136: Building] WARN  o.e.m.c.i.embedder.EclipseLogger - Using platform encoding (MS949 actually) to copy filtered resources, i.e. build is platform dependent!
2025-09-19 15:22:23,880 [Worker-136: Building] INFO  o.e.m.c.i.embedder.EclipseLogger - Copying 0 resource
2025-09-19 15:24:00,817 [Worker-138: Building] WARN  o.e.m.c.i.embedder.EclipseLogger - Using platform encoding (MS949 actually) to copy filtered resources, i.e. build is platform dependent!
2025-09-19 15:24:00,818 [Worker-138: Building] INFO  o.e.m.c.i.embedder.EclipseLogger - Copying 0 resource
2025-09-19 15:24:00,818 [Worker-138: Building] WARN  o.e.m.c.i.embedder.EclipseLogger - Using platform encoding (MS949 actually) to copy filtered resources, i.e. build is platform dependent!
2025-09-19 15:24:00,819 [Worker-138: Building] INFO  o.e.m.c.i.embedder.EclipseLogger - Copying 0 resource
2025-09-19 15:30:18,369 [Worker-138: Building] WARN  o.e.m.c.i.embedder.EclipseLogger - Using platform encoding (MS949 actually) to copy filtered resources, i.e. build is platform dependent!
2025-09-19 15:30:18,370 [Worker-138: Building] INFO  o.e.m.c.i.embedder.EclipseLogger - Copying 1 resource
2025-09-19 15:30:18,370 [Worker-138: Building] WARN  o.e.m.c.i.embedder.EclipseLogger - Using platform encoding (MS949 actually) to copy filtered resources, i.e. build is platform dependent!
2025-09-19 15:30:18,371 [Worker-138: Building] INFO  o.e.m.c.i.embedder.EclipseLogger - Copying 0 resource
2025-09-19 15:32:02,194 [Worker-148: Building] WARN  o.e.m.c.i.embedder.EclipseLogger - Using platform encoding (MS949 actually) to copy filtered resources, i.e. build is platform dependent!
2025-09-19 15:32:02,196 [Worker-148: Building] INFO  o.e.m.c.i.embedder.EclipseLogger - Copying 1 resource
2025-09-19 15:32:02,197 [Worker-148: Building] WARN  o.e.m.c.i.embedder.EclipseLogger - Using platform encoding (MS949 actually) to copy filtered resources, i.e. build is platform dependent!
2025-09-19 15:32:02,197 [Worker-148: Building] INFO  o.e.m.c.i.embedder.EclipseLogger - Copying 0 resource
2025-09-19 15:33:57,603 [Worker-148: Building] WARN  o.e.m.c.i.embedder.EclipseLogger - Using platform encoding (MS949 actually) to copy filtered resources, i.e. build is platform dependent!
2025-09-19 15:33:57,604 [Worker-148: Building] INFO  o.e.m.c.i.embedder.EclipseLogger - Copying 0 resource
2025-09-19 15:33:57,604 [Worker-148: Building] WARN  o.e.m.c.i.embedder.EclipseLogger - Using platform encoding (MS949 actually) to copy filtered resources, i.e. build is platform dependent!
2025-09-19 15:33:57,605 [Worker-148: Building] INFO  o.e.m.c.i.embedder.EclipseLogger - Copying 0 resource
2025-09-19 15:35:10,259 [Worker-148: Building] WARN  o.e.m.c.i.embedder.EclipseLogger - Using platform encoding (MS949 actually) to copy filtered resources, i.e. build is platform dependent!
2025-09-19 15:35:10,260 [Worker-148: Building] INFO  o.e.m.c.i.embedder.EclipseLogger - Copying 1 resource
2025-09-19 15:35:10,261 [Worker-148: Building] WARN  o.e.m.c.i.embedder.EclipseLogger - Using platform encoding (MS949 actually) to copy filtered resources, i.e. build is platform dependent!
2025-09-19 15:35:10,261 [Worker-148: Building] INFO  o.e.m.c.i.embedder.EclipseLogger - Copying 0 resource
2025-09-19 15:35:41,777 [Worker-149: Building] WARN  o.e.m.c.i.embedder.EclipseLogger - Using platform encoding (MS949 actually) to copy filtered resources, i.e. build is platform dependent!
2025-09-19 15:35:41,777 [Worker-149: Building] INFO  o.e.m.c.i.embedder.EclipseLogger - Copying 1 resource
2025-09-19 15:35:41,778 [Worker-149: Building] WARN  o.e.m.c.i.embedder.EclipseLogger - Using platform encoding (MS949 actually) to copy filtered resources, i.e. build is platform dependent!
2025-09-19 15:35:41,778 [Worker-149: Building] INFO  o.e.m.c.i.embedder.EclipseLogger - Copying 0 resource
2025-09-19 15:36:15,124 [Worker-150: Building] WARN  o.e.m.c.i.embedder.EclipseLogger - Using platform encoding (MS949 actually) to copy filtered resources, i.e. build is platform dependent!
2025-09-19 15:36:15,125 [Worker-150: Building] INFO  o.e.m.c.i.embedder.EclipseLogger - Copying 0 resource
2025-09-19 15:36:15,125 [Worker-150: Building] WARN  o.e.m.c.i.embedder.EclipseLogger - Using platform encoding (MS949 actually) to copy filtered resources, i.e. build is platform dependent!
2025-09-19 15:36:15,125 [Worker-150: Building] INFO  o.e.m.c.i.embedder.EclipseLogger - Copying 0 resource
2025-09-19 15:36:53,964 [Worker-150: Building] WARN  o.e.m.c.i.embedder.EclipseLogger - Using platform encoding (MS949 actually) to copy filtered resources, i.e. build is platform dependent!
2025-09-19 15:36:53,965 [Worker-150: Building] INFO  o.e.m.c.i.embedder.EclipseLogger - Copying 1 resource
2025-09-19 15:36:53,966 [Worker-150: Building] WARN  o.e.m.c.i.embedder.EclipseLogger - Using platform encoding (MS949 actually) to copy filtered resources, i.e. build is platform dependent!
2025-09-19 15:36:53,966 [Worker-150: Building] INFO  o.e.m.c.i.embedder.EclipseLogger - Copying 0 resource
2025-09-19 15:39:28,074 [Worker-152: Building] WARN  o.e.m.c.i.embedder.EclipseLogger - Using platform encoding (MS949 actually) to copy filtered resources, i.e. build is platform dependent!
2025-09-19 15:39:28,075 [Worker-152: Building] INFO  o.e.m.c.i.embedder.EclipseLogger - Copying 1 resource
2025-09-19 15:39:28,075 [Worker-152: Building] WARN  o.e.m.c.i.embedder.EclipseLogger - Using platform encoding (MS949 actually) to copy filtered resources, i.e. build is platform dependent!
2025-09-19 15:39:28,076 [Worker-152: Building] INFO  o.e.m.c.i.embedder.EclipseLogger - Copying 0 resource
2025-09-19 15:39:32,936 [Worker-148: Building] WARN  o.e.m.c.i.embedder.EclipseLogger - Using platform encoding (MS949 actually) to copy filtered resources, i.e. build is platform dependent!
2025-09-19 15:39:32,937 [Worker-148: Building] INFO  o.e.m.c.i.embedder.EclipseLogger - Copying 1 resource
2025-09-19 15:39:32,938 [Worker-148: Building] WARN  o.e.m.c.i.embedder.EclipseLogger - Using platform encoding (MS949 actually) to copy filtered resources, i.e. build is platform dependent!
2025-09-19 15:39:32,938 [Worker-148: Building] INFO  o.e.m.c.i.embedder.EclipseLogger - Copying 0 resource
2025-09-19 15:39:43,738 [Worker-148: Building] WARN  o.e.m.c.i.embedder.EclipseLogger - Using platform encoding (MS949 actually) to copy filtered resources, i.e. build is platform dependent!
2025-09-19 15:39:43,738 [Worker-148: Building] INFO  o.e.m.c.i.embedder.EclipseLogger - Copying 0 resource
2025-09-19 15:39:43,739 [Worker-148: Building] WARN  o.e.m.c.i.embedder.EclipseLogger - Using platform encoding (MS949 actually) to copy filtered resources, i.e. build is platform dependent!
2025-09-19 15:39:43,739 [Worker-148: Building] INFO  o.e.m.c.i.embedder.EclipseLogger - Copying 0 resource
2025-09-19 15:39:54,226 [Worker-148: Building] WARN  o.e.m.c.i.embedder.EclipseLogger - Using platform encoding (MS949 actually) to copy filtered resources, i.e. build is platform dependent!
2025-09-19 15:39:54,227 [Worker-148: Building] INFO  o.e.m.c.i.embedder.EclipseLogger - Copying 0 resource
2025-09-19 15:39:54,227 [Worker-148: Building] WARN  o.e.m.c.i.embedder.EclipseLogger - Using platform encoding (MS949 actually) to copy filtered resources, i.e. build is platform dependent!
2025-09-19 15:39:54,228 [Worker-148: Building] INFO  o.e.m.c.i.embedder.EclipseLogger - Copying 0 resource
2025-09-19 15:51:27,275 [Worker-152: Building] WARN  o.e.m.c.i.embedder.EclipseLogger - Using platform encoding (MS949 actually) to copy filtered resources, i.e. build is platform dependent!
2025-09-19 15:51:27,275 [Worker-152: Building] INFO  o.e.m.c.i.embedder.EclipseLogger - Copying 0 resource
2025-09-19 15:51:27,276 [Worker-152: Building] WARN  o.e.m.c.i.embedder.EclipseLogger - Using platform encoding (MS949 actually) to copy filtered resources, i.e. build is platform dependent!
2025-09-19 15:51:27,277 [Worker-152: Building] INFO  o.e.m.c.i.embedder.EclipseLogger - Copying 0 resource
2025-09-19 16:07:30,112 [Worker-160: Building] WARN  o.e.m.c.i.embedder.EclipseLogger - Using platform encoding (MS949 actually) to copy filtered resources, i.e. build is platform dependent!
2025-09-19 16:07:30,114 [Worker-160: Building] INFO  o.e.m.c.i.embedder.EclipseLogger - Copying 0 resource
2025-09-19 16:07:30,115 [Worker-160: Building] WARN  o.e.m.c.i.embedder.EclipseLogger - Using platform encoding (MS949 actually) to copy filtered resources, i.e. build is platform dependent!
2025-09-19 16:07:30,115 [Worker-160: Building] INFO  o.e.m.c.i.embedder.EclipseLogger - Copying 0 resource
2025-09-19 16:08:01,037 [Worker-162: Building] WARN  o.e.m.c.i.embedder.EclipseLogger - Using platform encoding (MS949 actually) to copy filtered resources, i.e. build is platform dependent!
2025-09-19 16:08:01,038 [Worker-162: Building] INFO  o.e.m.c.i.embedder.EclipseLogger - Copying 0 resource
2025-09-19 16:08:01,038 [Worker-162: Building] WARN  o.e.m.c.i.embedder.EclipseLogger - Using platform encoding (MS949 actually) to copy filtered resources, i.e. build is platform dependent!
2025-09-19 16:08:01,039 [Worker-162: Building] INFO  o.e.m.c.i.embedder.EclipseLogger - Copying 0 resource
2025-09-19 16:08:23,108 [Worker-161: Building] WARN  o.e.m.c.i.embedder.EclipseLogger - Using platform encoding (MS949 actually) to copy filtered resources, i.e. build is platform dependent!
2025-09-19 16:08:23,109 [Worker-161: Building] INFO  o.e.m.c.i.embedder.EclipseLogger - Copying 0 resource
2025-09-19 16:08:23,109 [Worker-161: Building] WARN  o.e.m.c.i.embedder.EclipseLogger - Using platform encoding (MS949 actually) to copy filtered resources, i.e. build is platform dependent!
2025-09-19 16:08:23,110 [Worker-161: Building] INFO  o.e.m.c.i.embedder.EclipseLogger - Copying 0 resource
2025-09-19 16:08:39,907 [Worker-161: Building] WARN  o.e.m.c.i.embedder.EclipseLogger - Using platform encoding (MS949 actually) to copy filtered resources, i.e. build is platform dependent!
2025-09-19 16:08:39,908 [Worker-161: Building] INFO  o.e.m.c.i.embedder.EclipseLogger - Copying 0 resource
2025-09-19 16:08:39,909 [Worker-161: Building] WARN  o.e.m.c.i.embedder.EclipseLogger - Using platform encoding (MS949 actually) to copy filtered resources, i.e. build is platform dependent!
2025-09-19 16:08:39,909 [Worker-161: Building] INFO  o.e.m.c.i.embedder.EclipseLogger - Copying 0 resource
2025-09-19 16:11:16,073 [Worker-163: Building] WARN  o.e.m.c.i.embedder.EclipseLogger - Using platform encoding (MS949 actually) to copy filtered resources, i.e. build is platform dependent!
2025-09-19 16:11:16,073 [Worker-163: Building] INFO  o.e.m.c.i.embedder.EclipseLogger - Copying 0 resource
2025-09-19 16:11:16,074 [Worker-163: Building] WARN  o.e.m.c.i.embedder.EclipseLogger - Using platform encoding (MS949 actually) to copy filtered resources, i.e. build is platform dependent!
2025-09-19 16:11:16,074 [Worker-163: Building] INFO  o.e.m.c.i.embedder.EclipseLogger - Copying 0 resource
2025-09-19 16:12:44,556 [Worker-159: Building] WARN  o.e.m.c.i.embedder.EclipseLogger - Using platform encoding (MS949 actually) to copy filtered resources, i.e. build is platform dependent!
2025-09-19 16:12:44,556 [Worker-159: Building] INFO  o.e.m.c.i.embedder.EclipseLogger - Copying 0 resource
2025-09-19 16:12:44,565 [Worker-159: Building] WARN  o.e.m.c.i.embedder.EclipseLogger - Using platform encoding (MS949 actually) to copy filtered resources, i.e. build is platform dependent!
2025-09-19 16:12:44,566 [Worker-159: Building] INFO  o.e.m.c.i.embedder.EclipseLogger - Copying 0 resource
2025-09-19 16:14:50,074 [Worker-155: Building] WARN  o.e.m.c.i.embedder.EclipseLogger - Using platform encoding (MS949 actually) to copy filtered resources, i.e. build is platform dependent!
2025-09-19 16:14:50,075 [Worker-155: Building] INFO  o.e.m.c.i.embedder.EclipseLogger - Copying 0 resource
2025-09-19 16:14:50,075 [Worker-155: Building] WARN  o.e.m.c.i.embedder.EclipseLogger - Using platform encoding (MS949 actually) to copy filtered resources, i.e. build is platform dependent!
2025-09-19 16:14:50,075 [Worker-155: Building] INFO  o.e.m.c.i.embedder.EclipseLogger - Copying 0 resource
2025-09-19 16:15:13,441 [Worker-163: Building] WARN  o.e.m.c.i.embedder.EclipseLogger - Using platform encoding (MS949 actually) to copy filtered resources, i.e. build is platform dependent!
2025-09-19 16:15:13,441 [Worker-163: Building] INFO  o.e.m.c.i.embedder.EclipseLogger - Copying 0 resource
2025-09-19 16:15:13,442 [Worker-163: Building] WARN  o.e.m.c.i.embedder.EclipseLogger - Using platform encoding (MS949 actually) to copy filtered resources, i.e. build is platform dependent!
2025-09-19 16:15:13,443 [Worker-163: Building] INFO  o.e.m.c.i.embedder.EclipseLogger - Copying 0 resource
2025-09-19 16:20:51,072 [Worker-165: Building] WARN  o.e.m.c.i.embedder.EclipseLogger - Using platform encoding (MS949 actually) to copy filtered resources, i.e. build is platform dependent!
2025-09-19 16:20:51,073 [Worker-165: Building] INFO  o.e.m.c.i.embedder.EclipseLogger - Copying 0 resource
2025-09-19 16:20:51,073 [Worker-165: Building] WARN  o.e.m.c.i.embedder.EclipseLogger - Using platform encoding (MS949 actually) to copy filtered resources, i.e. build is platform dependent!
2025-09-19 16:20:51,074 [Worker-165: Building] INFO  o.e.m.c.i.embedder.EclipseLogger - Copying 0 resource
2025-09-19 16:20:56,432 [Worker-168: Building] WARN  o.e.m.c.i.embedder.EclipseLogger - Using platform encoding (MS949 actually) to copy filtered resources, i.e. build is platform dependent!
2025-09-19 16:20:56,432 [Worker-168: Building] INFO  o.e.m.c.i.embedder.EclipseLogger - Copying 1 resource
2025-09-19 16:20:56,434 [Worker-168: Building] WARN  o.e.m.c.i.embedder.EclipseLogger - Using platform encoding (MS949 actually) to copy filtered resources, i.e. build is platform dependent!
2025-09-19 16:20:56,434 [Worker-168: Building] INFO  o.e.m.c.i.embedder.EclipseLogger - Copying 0 resource
2025-09-19 16:21:22,130 [Worker-165: Building] WARN  o.e.m.c.i.embedder.EclipseLogger - Using platform encoding (MS949 actually) to copy filtered resources, i.e. build is platform dependent!
2025-09-19 16:21:22,131 [Worker-165: Building] INFO  o.e.m.c.i.embedder.EclipseLogger - Copying 0 resource
2025-09-19 16:21:22,132 [Worker-165: Building] WARN  o.e.m.c.i.embedder.EclipseLogger - Using platform encoding (MS949 actually) to copy filtered resources, i.e. build is platform dependent!
2025-09-19 16:21:22,132 [Worker-165: Building] INFO  o.e.m.c.i.embedder.EclipseLogger - Copying 0 resource
2025-09-19 16:28:11,129 [Worker-171: Building] WARN  o.e.m.c.i.embedder.EclipseLogger - Using platform encoding (MS949 actually) to copy filtered resources, i.e. build is platform dependent!
2025-09-19 16:28:11,130 [Worker-171: Building] INFO  o.e.m.c.i.embedder.EclipseLogger - Copying 1 resource
2025-09-19 16:28:11,131 [Worker-171: Building] WARN  o.e.m.c.i.embedder.EclipseLogger - Using platform encoding (MS949 actually) to copy filtered resources, i.e. build is platform dependent!
2025-09-19 16:28:11,131 [Worker-171: Building] INFO  o.e.m.c.i.embedder.EclipseLogger - Copying 0 resource
2025-09-19 16:28:28,493 [Worker-172: Building] WARN  o.e.m.c.i.embedder.EclipseLogger - Using platform encoding (MS949 actually) to copy filtered resources, i.e. build is platform dependent!
2025-09-19 16:28:28,494 [Worker-172: Building] INFO  o.e.m.c.i.embedder.EclipseLogger - Copying 1 resource
2025-09-19 16:28:28,494 [Worker-172: Building] WARN  o.e.m.c.i.embedder.EclipseLogger - Using platform encoding (MS949 actually) to copy filtered resources, i.e. build is platform dependent!
2025-09-19 16:28:28,495 [Worker-172: Building] INFO  o.e.m.c.i.embedder.EclipseLogger - Copying 0 resource
2025-09-19 16:29:29,792 [Worker-172: Building] WARN  o.e.m.c.i.embedder.EclipseLogger - Using platform encoding (MS949 actually) to copy filtered resources, i.e. build is platform dependent!
2025-09-19 16:29:29,793 [Worker-172: Building] INFO  o.e.m.c.i.embedder.EclipseLogger - Copying 1 resource
2025-09-19 16:29:29,794 [Worker-172: Building] WARN  o.e.m.c.i.embedder.EclipseLogger - Using platform encoding (MS949 actually) to copy filtered resources, i.e. build is platform dependent!
2025-09-19 16:29:29,794 [Worker-172: Building] INFO  o.e.m.c.i.embedder.EclipseLogger - Copying 0 resource
2025-09-19 16:34:45,173 [Worker-175: Building] WARN  o.e.m.c.i.embedder.EclipseLogger - Using platform encoding (MS949 actually) to copy filtered resources, i.e. build is platform dependent!
2025-09-19 16:34:45,174 [Worker-175: Building] INFO  o.e.m.c.i.embedder.EclipseLogger - Copying 0 resource
2025-09-19 16:34:45,174 [Worker-175: Building] WARN  o.e.m.c.i.embedder.EclipseLogger - Using platform encoding (MS949 actually) to copy filtered resources, i.e. build is platform dependent!
2025-09-19 16:34:45,174 [Worker-175: Building] INFO  o.e.m.c.i.embedder.EclipseLogger - Copying 0 resource
2025-09-19 16:39:46,411 [Worker-173: Building] WARN  o.e.m.c.i.embedder.EclipseLogger - Using platform encoding (MS949 actually) to copy filtered resources, i.e. build is platform dependent!
2025-09-19 16:39:46,412 [Worker-173: Building] INFO  o.e.m.c.i.embedder.EclipseLogger - Copying 0 resource
2025-09-19 16:39:46,412 [Worker-173: Building] WARN  o.e.m.c.i.embedder.EclipseLogger - Using platform encoding (MS949 actually) to copy filtered resources, i.e. build is platform dependent!
2025-09-19 16:39:46,412 [Worker-173: Building] INFO  o.e.m.c.i.embedder.EclipseLogger - Copying 0 resource
2025-09-19 16:44:18,000 [Worker-177: Building] WARN  o.e.m.c.i.embedder.EclipseLogger - Using platform encoding (MS949 actually) to copy filtered resources, i.e. build is platform dependent!
2025-09-19 16:44:18,000 [Worker-177: Building] INFO  o.e.m.c.i.embedder.EclipseLogger - Copying 1 resource
2025-09-19 16:44:18,001 [Worker-177: Building] WARN  o.e.m.c.i.embedder.EclipseLogger - Using platform encoding (MS949 actually) to copy filtered resources, i.e. build is platform dependent!
2025-09-19 16:44:18,001 [Worker-177: Building] INFO  o.e.m.c.i.embedder.EclipseLogger - Copying 0 resource
2025-09-19 16:44:55,766 [Worker-175: Building] WARN  o.e.m.c.i.embedder.EclipseLogger - Using platform encoding (MS949 actually) to copy filtered resources, i.e. build is platform dependent!
2025-09-19 16:44:55,767 [Worker-175: Building] INFO  o.e.m.c.i.embedder.EclipseLogger - Copying 1 resource
2025-09-19 16:44:55,768 [Worker-175: Building] WARN  o.e.m.c.i.embedder.EclipseLogger - Using platform encoding (MS949 actually) to copy filtered resources, i.e. build is platform dependent!
2025-09-19 16:44:55,771 [Worker-175: Building] INFO  o.e.m.c.i.embedder.EclipseLogger - Copying 0 resource
2025-09-19 16:45:25,390 [Worker-177: Building] WARN  o.e.m.c.i.embedder.EclipseLogger - Using platform encoding (MS949 actually) to copy filtered resources, i.e. build is platform dependent!
2025-09-19 16:45:25,391 [Worker-177: Building] INFO  o.e.m.c.i.embedder.EclipseLogger - Copying 0 resource
2025-09-19 16:45:25,391 [Worker-177: Building] WARN  o.e.m.c.i.embedder.EclipseLogger - Using platform encoding (MS949 actually) to copy filtered resources, i.e. build is platform dependent!
2025-09-19 16:45:25,392 [Worker-177: Building] INFO  o.e.m.c.i.embedder.EclipseLogger - Copying 0 resource
2025-09-19 16:49:03,715 [Worker-175: Building] WARN  o.e.m.c.i.embedder.EclipseLogger - Using platform encoding (MS949 actually) to copy filtered resources, i.e. build is platform dependent!
2025-09-19 16:49:03,715 [Worker-175: Building] INFO  o.e.m.c.i.embedder.EclipseLogger - Copying 0 resource
2025-09-19 16:49:03,717 [Worker-175: Building] WARN  o.e.m.c.i.embedder.EclipseLogger - Using platform encoding (MS949 actually) to copy filtered resources, i.e. build is platform dependent!
2025-09-19 16:49:03,717 [Worker-175: Building] INFO  o.e.m.c.i.embedder.EclipseLogger - Copying 0 resource
2025-09-19 16:50:05,066 [Worker-175: Building] WARN  o.e.m.c.i.embedder.EclipseLogger - Using platform encoding (MS949 actually) to copy filtered resources, i.e. build is platform dependent!
2025-09-19 16:50:05,066 [Worker-175: Building] INFO  o.e.m.c.i.embedder.EclipseLogger - Copying 1 resource
2025-09-19 16:50:05,068 [Worker-175: Building] WARN  o.e.m.c.i.embedder.EclipseLogger - Using platform encoding (MS949 actually) to copy filtered resources, i.e. build is platform dependent!
2025-09-19 16:50:05,068 [Worker-175: Building] INFO  o.e.m.c.i.embedder.EclipseLogger - Copying 0 resource
2025-09-19 16:51:01,574 [Worker-176: Building] WARN  o.e.m.c.i.embedder.EclipseLogger - Using platform encoding (MS949 actually) to copy filtered resources, i.e. build is platform dependent!
2025-09-19 16:51:01,574 [Worker-176: Building] INFO  o.e.m.c.i.embedder.EclipseLogger - Copying 0 resource
2025-09-19 16:51:01,575 [Worker-176: Building] WARN  o.e.m.c.i.embedder.EclipseLogger - Using platform encoding (MS949 actually) to copy filtered resources, i.e. build is platform dependent!
2025-09-19 16:51:01,575 [Worker-176: Building] INFO  o.e.m.c.i.embedder.EclipseLogger - Copying 0 resource
2025-09-19 17:01:41,949 [Worker-177: Building] WARN  o.e.m.c.i.embedder.EclipseLogger - Using platform encoding (MS949 actually) to copy filtered resources, i.e. build is platform dependent!
2025-09-19 17:01:41,950 [Worker-177: Building] INFO  o.e.m.c.i.embedder.EclipseLogger - Copying 0 resource
2025-09-19 17:01:41,950 [Worker-177: Building] WARN  o.e.m.c.i.embedder.EclipseLogger - Using platform encoding (MS949 actually) to copy filtered resources, i.e. build is platform dependent!
2025-09-19 17:01:41,951 [Worker-177: Building] INFO  o.e.m.c.i.embedder.EclipseLogger - Copying 0 resource
2025-09-23 09:17:21,963 [Worker-9: Loading available Gradle versions] INFO  o.e.b.c.i.u.g.PublishedGradleVersions - Gradle version information cache is out-of-date. Trying to update.
2025-09-23 09:17:30,374 [Worker-3: Building] WARN  o.e.m.c.i.embedder.EclipseLogger - Using platform encoding (MS949 actually) to copy filtered resources, i.e. build is platform dependent!
2025-09-23 09:17:30,379 [Worker-3: Building] INFO  o.e.m.c.i.embedder.EclipseLogger - Copying 1 resource
2025-09-23 09:17:30,384 [Worker-3: Building] WARN  o.e.m.c.i.embedder.EclipseLogger - Using platform encoding (MS949 actually) to copy filtered resources, i.e. build is platform dependent!
2025-09-23 09:17:30,385 [Worker-3: Building] INFO  o.e.m.c.i.embedder.EclipseLogger - Copying 1 resource
2025-09-23 09:17:31,585 [Worker-3: Building] WARN  o.e.m.c.i.embedder.EclipseLogger - Using platform encoding (MS949 actually) to copy filtered resources, i.e. build is platform dependent!
2025-09-23 09:17:31,586 [Worker-3: Building] INFO  o.e.m.c.i.embedder.EclipseLogger - Copying 1 resource
2025-09-23 09:17:31,587 [Worker-3: Building] WARN  o.e.m.c.i.embedder.EclipseLogger - Using platform encoding (MS949 actually) to copy filtered resources, i.e. build is platform dependent!
2025-09-23 09:17:31,587 [Worker-3: Building] INFO  o.e.m.c.i.embedder.EclipseLogger - Copying 1 resource
2025-09-23 10:48:07,183 [Worker-32: Building] WARN  o.e.m.c.i.embedder.EclipseLogger - Using platform encoding (MS949 actually) to copy filtered resources, i.e. build is platform dependent!
2025-09-23 10:48:07,190 [Worker-32: Building] INFO  o.e.m.c.i.embedder.EclipseLogger - Copying 1 resource
2025-09-23 10:48:07,191 [Worker-32: Building] WARN  o.e.m.c.i.embedder.EclipseLogger - Using platform encoding (MS949 actually) to copy filtered resources, i.e. build is platform dependent!
2025-09-23 10:48:07,193 [Worker-32: Building] INFO  o.e.m.c.i.embedder.EclipseLogger - Copying 0 resource
2025-09-23 10:48:54,332 [Worker-34: Building] WARN  o.e.m.c.i.embedder.EclipseLogger - Using platform encoding (MS949 actually) to copy filtered resources, i.e. build is platform dependent!
2025-09-23 10:48:54,333 [Worker-34: Building] INFO  o.e.m.c.i.embedder.EclipseLogger - Copying 1 resource
2025-09-23 10:48:54,334 [Worker-34: Building] WARN  o.e.m.c.i.embedder.EclipseLogger - Using platform encoding (MS949 actually) to copy filtered resources, i.e. build is platform dependent!
2025-09-23 10:48:54,335 [Worker-34: Building] INFO  o.e.m.c.i.embedder.EclipseLogger - Copying 0 resource
2025-09-23 11:07:07,182 [Worker-42: Building] WARN  o.e.m.c.i.embedder.EclipseLogger - Using platform encoding (MS949 actually) to copy filtered resources, i.e. build is platform dependent!
2025-09-23 11:07:07,183 [Worker-42: Building] INFO  o.e.m.c.i.embedder.EclipseLogger - Copying 1 resource
2025-09-23 11:07:07,184 [Worker-42: Building] WARN  o.e.m.c.i.embedder.EclipseLogger - Using platform encoding (MS949 actually) to copy filtered resources, i.e. build is platform dependent!
2025-09-23 11:07:07,184 [Worker-42: Building] INFO  o.e.m.c.i.embedder.EclipseLogger - Copying 0 resource
2025-09-23 11:10:14,819 [Worker-39: Building] WARN  o.e.m.c.i.embedder.EclipseLogger - Using platform encoding (MS949 actually) to copy filtered resources, i.e. build is platform dependent!
2025-09-23 11:10:14,820 [Worker-39: Building] INFO  o.e.m.c.i.embedder.EclipseLogger - Copying 1 resource
2025-09-23 11:10:14,822 [Worker-39: Building] WARN  o.e.m.c.i.embedder.EclipseLogger - Using platform encoding (MS949 actually) to copy filtered resources, i.e. build is platform dependent!
2025-09-23 11:10:14,822 [Worker-39: Building] INFO  o.e.m.c.i.embedder.EclipseLogger - Copying 0 resource
2025-09-23 11:10:29,969 [Worker-47: Building] WARN  o.e.m.c.i.embedder.EclipseLogger - Using platform encoding (MS949 actually) to copy filtered resources, i.e. build is platform dependent!
2025-09-23 11:10:29,970 [Worker-47: Building] INFO  o.e.m.c.i.embedder.EclipseLogger - Copying 0 resource
2025-09-23 11:10:29,970 [Worker-47: Building] WARN  o.e.m.c.i.embedder.EclipseLogger - Using platform encoding (MS949 actually) to copy filtered resources, i.e. build is platform dependent!
2025-09-23 11:10:29,971 [Worker-47: Building] INFO  o.e.m.c.i.embedder.EclipseLogger - Copying 0 resource
2025-09-23 11:12:25,978 [Worker-47: Building] WARN  o.e.m.c.i.embedder.EclipseLogger - Using platform encoding (MS949 actually) to copy filtered resources, i.e. build is platform dependent!
2025-09-23 11:12:25,979 [Worker-47: Building] INFO  o.e.m.c.i.embedder.EclipseLogger - Copying 0 resource
2025-09-23 11:12:25,981 [Worker-47: Building] WARN  o.e.m.c.i.embedder.EclipseLogger - Using platform encoding (MS949 actually) to copy filtered resources, i.e. build is platform dependent!
2025-09-23 11:12:25,981 [Worker-47: Building] INFO  o.e.m.c.i.embedder.EclipseLogger - Copying 0 resource
2025-09-23 11:18:49,502 [Worker-53: Building] WARN  o.e.m.c.i.embedder.EclipseLogger - Using platform encoding (MS949 actually) to copy filtered resources, i.e. build is platform dependent!
2025-09-23 11:18:49,502 [Worker-53: Building] INFO  o.e.m.c.i.embedder.EclipseLogger - Copying 0 resource
2025-09-23 11:18:49,503 [Worker-53: Building] WARN  o.e.m.c.i.embedder.EclipseLogger - Using platform encoding (MS949 actually) to copy filtered resources, i.e. build is platform dependent!
2025-09-23 11:18:49,503 [Worker-53: Building] INFO  o.e.m.c.i.embedder.EclipseLogger - Copying 0 resource
2025-09-23 11:18:57,812 [Worker-53: Building] WARN  o.e.m.c.i.embedder.EclipseLogger - Using platform encoding (MS949 actually) to copy filtered resources, i.e. build is platform dependent!
2025-09-23 11:18:57,813 [Worker-53: Building] INFO  o.e.m.c.i.embedder.EclipseLogger - Copying 0 resource
2025-09-23 11:18:57,814 [Worker-53: Building] WARN  o.e.m.c.i.embedder.EclipseLogger - Using platform encoding (MS949 actually) to copy filtered resources, i.e. build is platform dependent!
2025-09-23 11:18:57,814 [Worker-53: Building] INFO  o.e.m.c.i.embedder.EclipseLogger - Copying 0 resource
2025-09-23 11:19:58,353 [Worker-53: Building] WARN  o.e.m.c.i.embedder.EclipseLogger - Using platform encoding (MS949 actually) to copy filtered resources, i.e. build is platform dependent!
2025-09-23 11:19:58,354 [Worker-53: Building] INFO  o.e.m.c.i.embedder.EclipseLogger - Copying 0 resource
2025-09-23 11:19:58,355 [Worker-53: Building] WARN  o.e.m.c.i.embedder.EclipseLogger - Using platform encoding (MS949 actually) to copy filtered resources, i.e. build is platform dependent!
2025-09-23 11:19:58,355 [Worker-53: Building] INFO  o.e.m.c.i.embedder.EclipseLogger - Copying 0 resource
2025-09-23 11:20:08,271 [Worker-49: Building] WARN  o.e.m.c.i.embedder.EclipseLogger - Using platform encoding (MS949 actually) to copy filtered resources, i.e. build is platform dependent!
2025-09-23 11:20:08,272 [Worker-49: Building] INFO  o.e.m.c.i.embedder.EclipseLogger - Copying 1 resource
2025-09-23 11:20:08,272 [Worker-49: Building] WARN  o.e.m.c.i.embedder.EclipseLogger - Using platform encoding (MS949 actually) to copy filtered resources, i.e. build is platform dependent!
2025-09-23 11:20:08,273 [Worker-49: Building] INFO  o.e.m.c.i.embedder.EclipseLogger - Copying 0 resource
2025-09-23 11:23:37,949 [Worker-54: Building] WARN  o.e.m.c.i.embedder.EclipseLogger - Using platform encoding (MS949 actually) to copy filtered resources, i.e. build is platform dependent!
2025-09-23 11:23:37,949 [Worker-54: Building] INFO  o.e.m.c.i.embedder.EclipseLogger - Copying 0 resource
2025-09-23 11:23:37,950 [Worker-54: Building] WARN  o.e.m.c.i.embedder.EclipseLogger - Using platform encoding (MS949 actually) to copy filtered resources, i.e. build is platform dependent!
2025-09-23 11:23:37,950 [Worker-54: Building] INFO  o.e.m.c.i.embedder.EclipseLogger - Copying 0 resource
2025-09-23 11:34:32,693 [Worker-63: Building] WARN  o.e.m.c.i.embedder.EclipseLogger - Using platform encoding (MS949 actually) to copy filtered resources, i.e. build is platform dependent!
2025-09-23 11:34:32,694 [Worker-63: Building] INFO  o.e.m.c.i.embedder.EclipseLogger - Copying 1 resource
2025-09-23 11:34:32,695 [Worker-63: Building] WARN  o.e.m.c.i.embedder.EclipseLogger - Using platform encoding (MS949 actually) to copy filtered resources, i.e. build is platform dependent!
2025-09-23 11:34:32,695 [Worker-63: Building] INFO  o.e.m.c.i.embedder.EclipseLogger - Copying 0 resource
2025-09-23 11:34:40,833 [Worker-62: Building] WARN  o.e.m.c.i.embedder.EclipseLogger - Using platform encoding (MS949 actually) to copy filtered resources, i.e. build is platform dependent!
2025-09-23 11:34:40,834 [Worker-62: Building] INFO  o.e.m.c.i.embedder.EclipseLogger - Copying 0 resource
2025-09-23 11:34:40,834 [Worker-62: Building] WARN  o.e.m.c.i.embedder.EclipseLogger - Using platform encoding (MS949 actually) to copy filtered resources, i.e. build is platform dependent!
2025-09-23 11:34:40,835 [Worker-62: Building] INFO  o.e.m.c.i.embedder.EclipseLogger - Copying 0 resource
2025-09-23 11:35:02,255 [Worker-57: Building] WARN  o.e.m.c.i.embedder.EclipseLogger - Using platform encoding (MS949 actually) to copy filtered resources, i.e. build is platform dependent!
2025-09-23 11:35:02,256 [Worker-57: Building] INFO  o.e.m.c.i.embedder.EclipseLogger - Copying 0 resource
2025-09-23 11:35:02,258 [Worker-57: Building] WARN  o.e.m.c.i.embedder.EclipseLogger - Using platform encoding (MS949 actually) to copy filtered resources, i.e. build is platform dependent!
2025-09-23 11:35:02,259 [Worker-57: Building] INFO  o.e.m.c.i.embedder.EclipseLogger - Copying 0 resource
2025-09-23 11:35:04,470 [Worker-61: Building] WARN  o.e.m.c.i.embedder.EclipseLogger - Using platform encoding (MS949 actually) to copy filtered resources, i.e. build is platform dependent!
2025-09-23 11:35:04,471 [Worker-61: Building] INFO  o.e.m.c.i.embedder.EclipseLogger - Copying 0 resource
2025-09-23 11:35:04,472 [Worker-61: Building] WARN  o.e.m.c.i.embedder.EclipseLogger - Using platform encoding (MS949 actually) to copy filtered resources, i.e. build is platform dependent!
2025-09-23 11:35:04,473 [Worker-61: Building] INFO  o.e.m.c.i.embedder.EclipseLogger - Copying 0 resource
2025-09-23 11:35:19,088 [Worker-62: Building] WARN  o.e.m.c.i.embedder.EclipseLogger - Using platform encoding (MS949 actually) to copy filtered resources, i.e. build is platform dependent!
2025-09-23 11:35:19,090 [Worker-62: Building] INFO  o.e.m.c.i.embedder.EclipseLogger - Copying 1 resource
2025-09-23 11:35:19,090 [Worker-62: Building] WARN  o.e.m.c.i.embedder.EclipseLogger - Using platform encoding (MS949 actually) to copy filtered resources, i.e. build is platform dependent!
2025-09-23 11:35:19,092 [Worker-62: Building] INFO  o.e.m.c.i.embedder.EclipseLogger - Copying 0 resource
2025-09-23 11:36:26,230 [Worker-62: Building] WARN  o.e.m.c.i.embedder.EclipseLogger - Using platform encoding (MS949 actually) to copy filtered resources, i.e. build is platform dependent!
2025-09-23 11:36:26,230 [Worker-62: Building] INFO  o.e.m.c.i.embedder.EclipseLogger - Copying 0 resource
2025-09-23 11:36:26,231 [Worker-62: Building] WARN  o.e.m.c.i.embedder.EclipseLogger - Using platform encoding (MS949 actually) to copy filtered resources, i.e. build is platform dependent!
2025-09-23 11:36:26,231 [Worker-62: Building] INFO  o.e.m.c.i.embedder.EclipseLogger - Copying 0 resource
2025-09-23 11:36:39,874 [Worker-57: Building] WARN  o.e.m.c.i.embedder.EclipseLogger - Using platform encoding (MS949 actually) to copy filtered resources, i.e. build is platform dependent!
2025-09-23 11:36:39,875 [Worker-57: Building] INFO  o.e.m.c.i.embedder.EclipseLogger - Copying 0 resource
2025-09-23 11:36:39,875 [Worker-57: Building] WARN  o.e.m.c.i.embedder.EclipseLogger - Using platform encoding (MS949 actually) to copy filtered resources, i.e. build is platform dependent!
2025-09-23 11:36:39,876 [Worker-57: Building] INFO  o.e.m.c.i.embedder.EclipseLogger - Copying 0 resource
2025-09-23 11:45:08,111 [Worker-61: Building] WARN  o.e.m.c.i.embedder.EclipseLogger - Using platform encoding (MS949 actually) to copy filtered resources, i.e. build is platform dependent!
2025-09-23 11:45:08,112 [Worker-61: Building] INFO  o.e.m.c.i.embedder.EclipseLogger - Copying 1 resource
2025-09-23 11:45:08,113 [Worker-61: Building] WARN  o.e.m.c.i.embedder.EclipseLogger - Using platform encoding (MS949 actually) to copy filtered resources, i.e. build is platform dependent!
2025-09-23 11:45:08,113 [Worker-61: Building] INFO  o.e.m.c.i.embedder.EclipseLogger - Copying 0 resource
2025-09-23 11:46:25,071 [Worker-66: Building] WARN  o.e.m.c.i.embedder.EclipseLogger - Using platform encoding (MS949 actually) to copy filtered resources, i.e. build is platform dependent!
2025-09-23 11:46:25,072 [Worker-66: Building] INFO  o.e.m.c.i.embedder.EclipseLogger - Copying 1 resource
2025-09-23 11:46:25,073 [Worker-66: Building] WARN  o.e.m.c.i.embedder.EclipseLogger - Using platform encoding (MS949 actually) to copy filtered resources, i.e. build is platform dependent!
2025-09-23 11:46:25,073 [Worker-66: Building] INFO  o.e.m.c.i.embedder.EclipseLogger - Copying 0 resource
2025-09-23 11:48:05,177 [Worker-59: Building] WARN  o.e.m.c.i.embedder.EclipseLogger - Using platform encoding (MS949 actually) to copy filtered resources, i.e. build is platform dependent!
2025-09-23 11:48:05,178 [Worker-59: Building] INFO  o.e.m.c.i.embedder.EclipseLogger - Copying 1 resource
2025-09-23 11:48:05,179 [Worker-59: Building] WARN  o.e.m.c.i.embedder.EclipseLogger - Using platform encoding (MS949 actually) to copy filtered resources, i.e. build is platform dependent!
2025-09-23 11:48:05,179 [Worker-59: Building] INFO  o.e.m.c.i.embedder.EclipseLogger - Copying 0 resource
2025-09-23 11:48:21,111 [Worker-66: Building] WARN  o.e.m.c.i.embedder.EclipseLogger - Using platform encoding (MS949 actually) to copy filtered resources, i.e. build is platform dependent!
2025-09-23 11:48:21,112 [Worker-66: Building] INFO  o.e.m.c.i.embedder.EclipseLogger - Copying 1 resource
2025-09-23 11:48:21,112 [Worker-66: Building] WARN  o.e.m.c.i.embedder.EclipseLogger - Using platform encoding (MS949 actually) to copy filtered resources, i.e. build is platform dependent!
2025-09-23 11:48:21,113 [Worker-66: Building] INFO  o.e.m.c.i.embedder.EclipseLogger - Copying 0 resource
2025-09-23 11:48:27,430 [Worker-67: Building] WARN  o.e.m.c.i.embedder.EclipseLogger - Using platform encoding (MS949 actually) to copy filtered resources, i.e. build is platform dependent!
2025-09-23 11:48:27,431 [Worker-67: Building] INFO  o.e.m.c.i.embedder.EclipseLogger - Copying 1 resource
2025-09-23 11:48:27,432 [Worker-67: Building] WARN  o.e.m.c.i.embedder.EclipseLogger - Using platform encoding (MS949 actually) to copy filtered resources, i.e. build is platform dependent!
2025-09-23 11:48:27,432 [Worker-67: Building] INFO  o.e.m.c.i.embedder.EclipseLogger - Copying 0 resource
2025-09-23 11:48:35,766 [Worker-66: Building] WARN  o.e.m.c.i.embedder.EclipseLogger - Using platform encoding (MS949 actually) to copy filtered resources, i.e. build is platform dependent!
2025-09-23 11:48:35,766 [Worker-66: Building] INFO  o.e.m.c.i.embedder.EclipseLogger - Copying 0 resource
2025-09-23 11:48:35,767 [Worker-66: Building] WARN  o.e.m.c.i.embedder.EclipseLogger - Using platform encoding (MS949 actually) to copy filtered resources, i.e. build is platform dependent!
2025-09-23 11:48:35,767 [Worker-66: Building] INFO  o.e.m.c.i.embedder.EclipseLogger - Copying 0 resource
2025-09-23 11:48:57,006 [Worker-66: Building] WARN  o.e.m.c.i.embedder.EclipseLogger - Using platform encoding (MS949 actually) to copy filtered resources, i.e. build is platform dependent!
2025-09-23 11:48:57,006 [Worker-66: Building] INFO  o.e.m.c.i.embedder.EclipseLogger - Copying 0 resource
2025-09-23 11:48:57,007 [Worker-66: Building] WARN  o.e.m.c.i.embedder.EclipseLogger - Using platform encoding (MS949 actually) to copy filtered resources, i.e. build is platform dependent!
2025-09-23 11:48:57,007 [Worker-66: Building] INFO  o.e.m.c.i.embedder.EclipseLogger - Copying 0 resource
2025-09-23 11:49:17,520 [Worker-66: Building] WARN  o.e.m.c.i.embedder.EclipseLogger - Using platform encoding (MS949 actually) to copy filtered resources, i.e. build is platform dependent!
2025-09-23 11:49:17,521 [Worker-66: Building] INFO  o.e.m.c.i.embedder.EclipseLogger - Copying 0 resource
2025-09-23 11:49:17,521 [Worker-66: Building] WARN  o.e.m.c.i.embedder.EclipseLogger - Using platform encoding (MS949 actually) to copy filtered resources, i.e. build is platform dependent!
2025-09-23 11:49:17,522 [Worker-66: Building] INFO  o.e.m.c.i.embedder.EclipseLogger - Copying 0 resource
2025-09-23 11:51:29,965 [Worker-68: Building] WARN  o.e.m.c.i.embedder.EclipseLogger - Using platform encoding (MS949 actually) to copy filtered resources, i.e. build is platform dependent!
2025-09-23 11:51:29,966 [Worker-68: Building] INFO  o.e.m.c.i.embedder.EclipseLogger - Copying 1 resource
2025-09-23 11:51:29,967 [Worker-68: Building] WARN  o.e.m.c.i.embedder.EclipseLogger - Using platform encoding (MS949 actually) to copy filtered resources, i.e. build is platform dependent!
2025-09-23 11:51:29,967 [Worker-68: Building] INFO  o.e.m.c.i.embedder.EclipseLogger - Copying 0 resource
2025-09-23 11:53:38,481 [Worker-65: Building] WARN  o.e.m.c.i.embedder.EclipseLogger - Using platform encoding (MS949 actually) to copy filtered resources, i.e. build is platform dependent!
2025-09-23 11:53:38,483 [Worker-65: Building] INFO  o.e.m.c.i.embedder.EclipseLogger - Copying 1 resource
2025-09-23 11:53:38,484 [Worker-65: Building] WARN  o.e.m.c.i.embedder.EclipseLogger - Using platform encoding (MS949 actually) to copy filtered resources, i.e. build is platform dependent!
2025-09-23 11:53:38,485 [Worker-65: Building] INFO  o.e.m.c.i.embedder.EclipseLogger - Copying 0 resource
2025-09-23 11:55:45,788 [Worker-63: Building] WARN  o.e.m.c.i.embedder.EclipseLogger - Using platform encoding (MS949 actually) to copy filtered resources, i.e. build is platform dependent!
2025-09-23 11:55:45,789 [Worker-63: Building] INFO  o.e.m.c.i.embedder.EclipseLogger - Copying 0 resource
2025-09-23 11:55:45,790 [Worker-63: Building] WARN  o.e.m.c.i.embedder.EclipseLogger - Using platform encoding (MS949 actually) to copy filtered resources, i.e. build is platform dependent!
2025-09-23 11:55:45,790 [Worker-63: Building] INFO  o.e.m.c.i.embedder.EclipseLogger - Copying 0 resource
2025-09-23 11:56:14,034 [Worker-66: Building] WARN  o.e.m.c.i.embedder.EclipseLogger - Using platform encoding (MS949 actually) to copy filtered resources, i.e. build is platform dependent!
2025-09-23 11:56:14,035 [Worker-66: Building] INFO  o.e.m.c.i.embedder.EclipseLogger - Copying 0 resource
2025-09-23 11:56:14,035 [Worker-66: Building] WARN  o.e.m.c.i.embedder.EclipseLogger - Using platform encoding (MS949 actually) to copy filtered resources, i.e. build is platform dependent!
2025-09-23 11:56:14,036 [Worker-66: Building] INFO  o.e.m.c.i.embedder.EclipseLogger - Copying 0 resource
2025-09-23 11:57:06,281 [Worker-66: Building] WARN  o.e.m.c.i.embedder.EclipseLogger - Using platform encoding (MS949 actually) to copy filtered resources, i.e. build is platform dependent!
2025-09-23 11:57:06,283 [Worker-66: Building] INFO  o.e.m.c.i.embedder.EclipseLogger - Copying 1 resource
2025-09-23 11:57:06,283 [Worker-66: Building] WARN  o.e.m.c.i.embedder.EclipseLogger - Using platform encoding (MS949 actually) to copy filtered resources, i.e. build is platform dependent!
2025-09-23 11:57:06,284 [Worker-66: Building] INFO  o.e.m.c.i.embedder.EclipseLogger - Copying 0 resource
2025-09-23 11:57:31,705 [Worker-63: Building] WARN  o.e.m.c.i.embedder.EclipseLogger - Using platform encoding (MS949 actually) to copy filtered resources, i.e. build is platform dependent!
2025-09-23 11:57:31,705 [Worker-63: Building] INFO  o.e.m.c.i.embedder.EclipseLogger - Copying 0 resource
2025-09-23 11:57:31,706 [Worker-63: Building] WARN  o.e.m.c.i.embedder.EclipseLogger - Using platform encoding (MS949 actually) to copy filtered resources, i.e. build is platform dependent!
2025-09-23 11:57:31,706 [Worker-63: Building] INFO  o.e.m.c.i.embedder.EclipseLogger - Copying 0 resource
2025-09-23 11:58:46,268 [Worker-72: Building] WARN  o.e.m.c.i.embedder.EclipseLogger - Using platform encoding (MS949 actually) to copy filtered resources, i.e. build is platform dependent!
2025-09-23 11:58:46,269 [Worker-72: Building] INFO  o.e.m.c.i.embedder.EclipseLogger - Copying 1 resource
2025-09-23 11:58:46,270 [Worker-72: Building] WARN  o.e.m.c.i.embedder.EclipseLogger - Using platform encoding (MS949 actually) to copy filtered resources, i.e. build is platform dependent!
2025-09-23 11:58:46,271 [Worker-72: Building] INFO  o.e.m.c.i.embedder.EclipseLogger - Copying 0 resource
2025-09-23 13:02:45,018 [Worker-75: Building] WARN  o.e.m.c.i.embedder.EclipseLogger - Using platform encoding (MS949 actually) to copy filtered resources, i.e. build is platform dependent!
2025-09-23 13:02:45,019 [Worker-75: Building] INFO  o.e.m.c.i.embedder.EclipseLogger - Copying 1 resource
2025-09-23 13:02:45,020 [Worker-75: Building] WARN  o.e.m.c.i.embedder.EclipseLogger - Using platform encoding (MS949 actually) to copy filtered resources, i.e. build is platform dependent!
2025-09-23 13:02:45,020 [Worker-75: Building] INFO  o.e.m.c.i.embedder.EclipseLogger - Copying 0 resource
2025-09-23 13:03:22,083 [Worker-85: Building] WARN  o.e.m.c.i.embedder.EclipseLogger - Using platform encoding (MS949 actually) to copy filtered resources, i.e. build is platform dependent!
2025-09-23 13:03:22,083 [Worker-85: Building] INFO  o.e.m.c.i.embedder.EclipseLogger - Copying 0 resource
2025-09-23 13:03:22,084 [Worker-85: Building] WARN  o.e.m.c.i.embedder.EclipseLogger - Using platform encoding (MS949 actually) to copy filtered resources, i.e. build is platform dependent!
2025-09-23 13:03:22,084 [Worker-85: Building] INFO  o.e.m.c.i.embedder.EclipseLogger - Copying 0 resource
2025-09-23 13:03:40,592 [Worker-85: Building] WARN  o.e.m.c.i.embedder.EclipseLogger - Using platform encoding (MS949 actually) to copy filtered resources, i.e. build is platform dependent!
2025-09-23 13:03:40,592 [Worker-85: Building] INFO  o.e.m.c.i.embedder.EclipseLogger - Copying 0 resource
2025-09-23 13:03:40,593 [Worker-85: Building] WARN  o.e.m.c.i.embedder.EclipseLogger - Using platform encoding (MS949 actually) to copy filtered resources, i.e. build is platform dependent!
2025-09-23 13:03:40,593 [Worker-85: Building] INFO  o.e.m.c.i.embedder.EclipseLogger - Copying 0 resource
2025-09-23 13:04:02,373 [Worker-82: Building] WARN  o.e.m.c.i.embedder.EclipseLogger - Using platform encoding (MS949 actually) to copy filtered resources, i.e. build is platform dependent!
2025-09-23 13:04:02,373 [Worker-82: Building] INFO  o.e.m.c.i.embedder.EclipseLogger - Copying 0 resource
2025-09-23 13:04:02,374 [Worker-82: Building] WARN  o.e.m.c.i.embedder.EclipseLogger - Using platform encoding (MS949 actually) to copy filtered resources, i.e. build is platform dependent!
2025-09-23 13:04:02,374 [Worker-82: Building] INFO  o.e.m.c.i.embedder.EclipseLogger - Copying 0 resource
2025-09-23 13:04:06,544 [Worker-82: Building] WARN  o.e.m.c.i.embedder.EclipseLogger - Using platform encoding (MS949 actually) to copy filtered resources, i.e. build is platform dependent!
2025-09-23 13:04:06,544 [Worker-82: Building] INFO  o.e.m.c.i.embedder.EclipseLogger - Copying 0 resource
2025-09-23 13:04:06,546 [Worker-82: Building] WARN  o.e.m.c.i.embedder.EclipseLogger - Using platform encoding (MS949 actually) to copy filtered resources, i.e. build is platform dependent!
2025-09-23 13:04:06,546 [Worker-82: Building] INFO  o.e.m.c.i.embedder.EclipseLogger - Copying 0 resource
2025-09-23 13:04:13,038 [Worker-86: Building] WARN  o.e.m.c.i.embedder.EclipseLogger - Using platform encoding (MS949 actually) to copy filtered resources, i.e. build is platform dependent!
2025-09-23 13:04:13,039 [Worker-86: Building] INFO  o.e.m.c.i.embedder.EclipseLogger - Copying 0 resource
2025-09-23 13:04:13,039 [Worker-86: Building] WARN  o.e.m.c.i.embedder.EclipseLogger - Using platform encoding (MS949 actually) to copy filtered resources, i.e. build is platform dependent!
2025-09-23 13:04:13,040 [Worker-86: Building] INFO  o.e.m.c.i.embedder.EclipseLogger - Copying 0 resource
2025-09-23 13:04:48,279 [Worker-85: Building] WARN  o.e.m.c.i.embedder.EclipseLogger - Using platform encoding (MS949 actually) to copy filtered resources, i.e. build is platform dependent!
2025-09-23 13:04:48,280 [Worker-85: Building] INFO  o.e.m.c.i.embedder.EclipseLogger - Copying 1 resource
2025-09-23 13:04:48,280 [Worker-85: Building] WARN  o.e.m.c.i.embedder.EclipseLogger - Using platform encoding (MS949 actually) to copy filtered resources, i.e. build is platform dependent!
2025-09-23 13:04:48,281 [Worker-85: Building] INFO  o.e.m.c.i.embedder.EclipseLogger - Copying 0 resource
2025-09-23 13:05:21,618 [Worker-82: Building] WARN  o.e.m.c.i.embedder.EclipseLogger - Using platform encoding (MS949 actually) to copy filtered resources, i.e. build is platform dependent!
2025-09-23 13:05:21,618 [Worker-82: Building] INFO  o.e.m.c.i.embedder.EclipseLogger - Copying 0 resource
2025-09-23 13:05:21,619 [Worker-82: Building] WARN  o.e.m.c.i.embedder.EclipseLogger - Using platform encoding (MS949 actually) to copy filtered resources, i.e. build is platform dependent!
2025-09-23 13:05:21,619 [Worker-82: Building] INFO  o.e.m.c.i.embedder.EclipseLogger - Copying 0 resource
2025-09-23 13:07:11,318 [Worker-87: Building] WARN  o.e.m.c.i.embedder.EclipseLogger - Using platform encoding (MS949 actually) to copy filtered resources, i.e. build is platform dependent!
2025-09-23 13:07:11,319 [Worker-87: Building] INFO  o.e.m.c.i.embedder.EclipseLogger - Copying 0 resource
2025-09-23 13:07:11,320 [Worker-87: Building] WARN  o.e.m.c.i.embedder.EclipseLogger - Using platform encoding (MS949 actually) to copy filtered resources, i.e. build is platform dependent!
2025-09-23 13:07:11,320 [Worker-87: Building] INFO  o.e.m.c.i.embedder.EclipseLogger - Copying 0 resource
2025-09-23 13:19:03,867 [Worker-84: Building] WARN  o.e.m.c.i.embedder.EclipseLogger - Using platform encoding (MS949 actually) to copy filtered resources, i.e. build is platform dependent!
2025-09-23 13:19:03,869 [Worker-84: Building] INFO  o.e.m.c.i.embedder.EclipseLogger - Copying 1 resource
2025-09-23 13:19:03,870 [Worker-84: Building] WARN  o.e.m.c.i.embedder.EclipseLogger - Using platform encoding (MS949 actually) to copy filtered resources, i.e. build is platform dependent!
2025-09-23 13:19:03,870 [Worker-84: Building] INFO  o.e.m.c.i.embedder.EclipseLogger - Copying 0 resource
2025-09-23 13:20:19,697 [Worker-94: Building] WARN  o.e.m.c.i.embedder.EclipseLogger - Using platform encoding (MS949 actually) to copy filtered resources, i.e. build is platform dependent!
2025-09-23 13:20:19,698 [Worker-94: Building] INFO  o.e.m.c.i.embedder.EclipseLogger - Copying 0 resource
2025-09-23 13:20:19,698 [Worker-94: Building] WARN  o.e.m.c.i.embedder.EclipseLogger - Using platform encoding (MS949 actually) to copy filtered resources, i.e. build is platform dependent!
2025-09-23 13:20:19,699 [Worker-94: Building] INFO  o.e.m.c.i.embedder.EclipseLogger - Copying 0 resource
2025-09-23 13:22:01,316 [Worker-84: Building] WARN  o.e.m.c.i.embedder.EclipseLogger - Using platform encoding (MS949 actually) to copy filtered resources, i.e. build is platform dependent!
2025-09-23 13:22:01,316 [Worker-84: Building] INFO  o.e.m.c.i.embedder.EclipseLogger - Copying 0 resource
2025-09-23 13:22:01,317 [Worker-84: Building] WARN  o.e.m.c.i.embedder.EclipseLogger - Using platform encoding (MS949 actually) to copy filtered resources, i.e. build is platform dependent!
2025-09-23 13:22:01,317 [Worker-84: Building] INFO  o.e.m.c.i.embedder.EclipseLogger - Copying 0 resource
2025-09-23 13:24:12,234 [Worker-92: Building] WARN  o.e.m.c.i.embedder.EclipseLogger - Using platform encoding (MS949 actually) to copy filtered resources, i.e. build is platform dependent!
2025-09-23 13:24:12,235 [Worker-92: Building] INFO  o.e.m.c.i.embedder.EclipseLogger - Copying 0 resource
2025-09-23 13:24:12,235 [Worker-92: Building] WARN  o.e.m.c.i.embedder.EclipseLogger - Using platform encoding (MS949 actually) to copy filtered resources, i.e. build is platform dependent!
2025-09-23 13:24:12,235 [Worker-92: Building] INFO  o.e.m.c.i.embedder.EclipseLogger - Copying 0 resource
2025-09-23 13:24:33,334 [Worker-84: Building] WARN  o.e.m.c.i.embedder.EclipseLogger - Using platform encoding (MS949 actually) to copy filtered resources, i.e. build is platform dependent!
2025-09-23 13:24:33,335 [Worker-84: Building] INFO  o.e.m.c.i.embedder.EclipseLogger - Copying 1 resource
2025-09-23 13:24:33,335 [Worker-84: Building] WARN  o.e.m.c.i.embedder.EclipseLogger - Using platform encoding (MS949 actually) to copy filtered resources, i.e. build is platform dependent!
2025-09-23 13:24:33,336 [Worker-84: Building] INFO  o.e.m.c.i.embedder.EclipseLogger - Copying 0 resource
2025-09-23 13:26:59,049 [Worker-95: Building Workspace] WARN  o.e.m.c.i.embedder.EclipseLogger - Using platform encoding (MS949 actually) to copy filtered resources, i.e. build is platform dependent!
2025-09-23 13:26:59,050 [Worker-95: Building Workspace] INFO  o.e.m.c.i.embedder.EclipseLogger - Copying 1 resource
2025-09-23 13:26:59,051 [Worker-95: Building Workspace] WARN  o.e.m.c.i.embedder.EclipseLogger - Using platform encoding (MS949 actually) to copy filtered resources, i.e. build is platform dependent!
2025-09-23 13:26:59,051 [Worker-95: Building Workspace] INFO  o.e.m.c.i.embedder.EclipseLogger - Copying 0 resource
2025-09-23 13:27:43,636 [Worker-97: Building] WARN  o.e.m.c.i.embedder.EclipseLogger - Using platform encoding (MS949 actually) to copy filtered resources, i.e. build is platform dependent!
2025-09-23 13:27:43,637 [Worker-97: Building] INFO  o.e.m.c.i.embedder.EclipseLogger - Copying 0 resource
2025-09-23 13:27:43,638 [Worker-97: Building] WARN  o.e.m.c.i.embedder.EclipseLogger - Using platform encoding (MS949 actually) to copy filtered resources, i.e. build is platform dependent!
2025-09-23 13:27:43,638 [Worker-97: Building] INFO  o.e.m.c.i.embedder.EclipseLogger - Copying 0 resource
2025-09-23 13:30:46,474 [Worker-102: Building] WARN  o.e.m.c.i.embedder.EclipseLogger - Using platform encoding (MS949 actually) to copy filtered resources, i.e. build is platform dependent!
2025-09-23 13:30:46,476 [Worker-102: Building] INFO  o.e.m.c.i.embedder.EclipseLogger - Copying 0 resource
2025-09-23 13:30:46,477 [Worker-102: Building] WARN  o.e.m.c.i.embedder.EclipseLogger - Using platform encoding (MS949 actually) to copy filtered resources, i.e. build is platform dependent!
2025-09-23 13:30:46,477 [Worker-102: Building] INFO  o.e.m.c.i.embedder.EclipseLogger - Copying 0 resource
2025-09-23 13:36:02,391 [Worker-105: Building] WARN  o.e.m.c.i.embedder.EclipseLogger - Using platform encoding (MS949 actually) to copy filtered resources, i.e. build is platform dependent!
2025-09-23 13:36:02,393 [Worker-105: Building] INFO  o.e.m.c.i.embedder.EclipseLogger - Copying 1 resource
2025-09-23 13:36:02,394 [Worker-105: Building] WARN  o.e.m.c.i.embedder.EclipseLogger - Using platform encoding (MS949 actually) to copy filtered resources, i.e. build is platform dependent!
2025-09-23 13:36:02,394 [Worker-105: Building] INFO  o.e.m.c.i.embedder.EclipseLogger - Copying 0 resource
2025-09-23 13:38:49,029 [Worker-107: Building] WARN  o.e.m.c.i.embedder.EclipseLogger - Using platform encoding (MS949 actually) to copy filtered resources, i.e. build is platform dependent!
2025-09-23 13:38:49,030 [Worker-107: Building] INFO  o.e.m.c.i.embedder.EclipseLogger - Copying 0 resource
2025-09-23 13:38:49,030 [Worker-107: Building] WARN  o.e.m.c.i.embedder.EclipseLogger - Using platform encoding (MS949 actually) to copy filtered resources, i.e. build is platform dependent!
2025-09-23 13:38:49,032 [Worker-107: Building] INFO  o.e.m.c.i.embedder.EclipseLogger - Copying 0 resource
2025-09-23 13:42:00,995 [Worker-107: Building] WARN  o.e.m.c.i.embedder.EclipseLogger - Using platform encoding (MS949 actually) to copy filtered resources, i.e. build is platform dependent!
2025-09-23 13:42:00,995 [Worker-107: Building] INFO  o.e.m.c.i.embedder.EclipseLogger - Copying 0 resource
2025-09-23 13:42:00,996 [Worker-107: Building] WARN  o.e.m.c.i.embedder.EclipseLogger - Using platform encoding (MS949 actually) to copy filtered resources, i.e. build is platform dependent!
2025-09-23 13:42:00,996 [Worker-107: Building] INFO  o.e.m.c.i.embedder.EclipseLogger - Copying 0 resource
2025-09-23 14:06:20,243 [Worker-115: Building] WARN  o.e.m.c.i.embedder.EclipseLogger - Using platform encoding (MS949 actually) to copy filtered resources, i.e. build is platform dependent!
2025-09-23 14:06:20,244 [Worker-115: Building] INFO  o.e.m.c.i.embedder.EclipseLogger - Copying 0 resource
2025-09-23 14:06:20,244 [Worker-115: Building] WARN  o.e.m.c.i.embedder.EclipseLogger - Using platform encoding (MS949 actually) to copy filtered resources, i.e. build is platform dependent!
2025-09-23 14:06:20,245 [Worker-115: Building] INFO  o.e.m.c.i.embedder.EclipseLogger - Copying 0 resource
2025-09-23 14:17:54,362 [Worker-122: Building] WARN  o.e.m.c.i.embedder.EclipseLogger - Using platform encoding (MS949 actually) to copy filtered resources, i.e. build is platform dependent!
2025-09-23 14:17:54,363 [Worker-122: Building] INFO  o.e.m.c.i.embedder.EclipseLogger - Copying 1 resource
2025-09-23 14:17:54,364 [Worker-122: Building] WARN  o.e.m.c.i.embedder.EclipseLogger - Using platform encoding (MS949 actually) to copy filtered resources, i.e. build is platform dependent!
2025-09-23 14:17:54,364 [Worker-122: Building] INFO  o.e.m.c.i.embedder.EclipseLogger - Copying 0 resource
2025-09-23 14:19:09,535 [Worker-118: Building] WARN  o.e.m.c.i.embedder.EclipseLogger - Using platform encoding (MS949 actually) to copy filtered resources, i.e. build is platform dependent!
2025-09-23 14:19:09,536 [Worker-118: Building] INFO  o.e.m.c.i.embedder.EclipseLogger - Copying 1 resource
2025-09-23 14:19:09,537 [Worker-118: Building] WARN  o.e.m.c.i.embedder.EclipseLogger - Using platform encoding (MS949 actually) to copy filtered resources, i.e. build is platform dependent!
2025-09-23 14:19:09,538 [Worker-118: Building] INFO  o.e.m.c.i.embedder.EclipseLogger - Copying 0 resource
2025-09-23 14:22:08,444 [Worker-122: Building] WARN  o.e.m.c.i.embedder.EclipseLogger - Using platform encoding (MS949 actually) to copy filtered resources, i.e. build is platform dependent!
2025-09-23 14:22:08,445 [Worker-122: Building] INFO  o.e.m.c.i.embedder.EclipseLogger - Copying 0 resource
2025-09-23 14:22:08,446 [Worker-122: Building] WARN  o.e.m.c.i.embedder.EclipseLogger - Using platform encoding (MS949 actually) to copy filtered resources, i.e. build is platform dependent!
2025-09-23 14:22:08,446 [Worker-122: Building] INFO  o.e.m.c.i.embedder.EclipseLogger - Copying 0 resource
2025-09-23 14:25:32,167 [Worker-128: Building] WARN  o.e.m.c.i.embedder.EclipseLogger - Using platform encoding (MS949 actually) to copy filtered resources, i.e. build is platform dependent!
2025-09-23 14:25:32,169 [Worker-128: Building] INFO  o.e.m.c.i.embedder.EclipseLogger - Copying 1 resource
2025-09-23 14:25:32,170 [Worker-128: Building] WARN  o.e.m.c.i.embedder.EclipseLogger - Using platform encoding (MS949 actually) to copy filtered resources, i.e. build is platform dependent!
2025-09-23 14:25:32,170 [Worker-128: Building] INFO  o.e.m.c.i.embedder.EclipseLogger - Copying 0 resource
2025-09-23 14:29:03,637 [Worker-123: Building] WARN  o.e.m.c.i.embedder.EclipseLogger - Using platform encoding (MS949 actually) to copy filtered resources, i.e. build is platform dependent!
2025-09-23 14:29:03,638 [Worker-123: Building] INFO  o.e.m.c.i.embedder.EclipseLogger - Copying 0 resource
2025-09-23 14:29:03,639 [Worker-123: Building] WARN  o.e.m.c.i.embedder.EclipseLogger - Using platform encoding (MS949 actually) to copy filtered resources, i.e. build is platform dependent!
2025-09-23 14:29:03,639 [Worker-123: Building] INFO  o.e.m.c.i.embedder.EclipseLogger - Copying 0 resource
2025-09-23 14:29:22,844 [Worker-132: Building] WARN  o.e.m.c.i.embedder.EclipseLogger - Using platform encoding (MS949 actually) to copy filtered resources, i.e. build is platform dependent!
2025-09-23 14:29:22,845 [Worker-132: Building] INFO  o.e.m.c.i.embedder.EclipseLogger - Copying 0 resource
2025-09-23 14:29:22,845 [Worker-132: Building] WARN  o.e.m.c.i.embedder.EclipseLogger - Using platform encoding (MS949 actually) to copy filtered resources, i.e. build is platform dependent!
2025-09-23 14:29:22,845 [Worker-132: Building] INFO  o.e.m.c.i.embedder.EclipseLogger - Copying 0 resource
2025-09-23 14:38:14,663 [Worker-135: Building] WARN  o.e.m.c.i.embedder.EclipseLogger - Using platform encoding (MS949 actually) to copy filtered resources, i.e. build is platform dependent!
2025-09-23 14:38:14,665 [Worker-135: Building] INFO  o.e.m.c.i.embedder.EclipseLogger - Copying 1 resource
2025-09-23 14:38:14,666 [Worker-135: Building] WARN  o.e.m.c.i.embedder.EclipseLogger - Using platform encoding (MS949 actually) to copy filtered resources, i.e. build is platform dependent!
2025-09-23 14:38:14,667 [Worker-135: Building] INFO  o.e.m.c.i.embedder.EclipseLogger - Copying 0 resource
2025-09-23 14:42:04,599 [Worker-133: Building] WARN  o.e.m.c.i.embedder.EclipseLogger - Using platform encoding (MS949 actually) to copy filtered resources, i.e. build is platform dependent!
2025-09-23 14:42:04,600 [Worker-133: Building] INFO  o.e.m.c.i.embedder.EclipseLogger - Copying 0 resource
2025-09-23 14:42:04,601 [Worker-133: Building] WARN  o.e.m.c.i.embedder.EclipseLogger - Using platform encoding (MS949 actually) to copy filtered resources, i.e. build is platform dependent!
2025-09-23 14:42:04,602 [Worker-133: Building] INFO  o.e.m.c.i.embedder.EclipseLogger - Copying 0 resource
2025-09-23 14:44:20,859 [Worker-135: Building] WARN  o.e.m.c.i.embedder.EclipseLogger - Using platform encoding (MS949 actually) to copy filtered resources, i.e. build is platform dependent!
2025-09-23 14:44:20,860 [Worker-135: Building] INFO  o.e.m.c.i.embedder.EclipseLogger - Copying 0 resource
2025-09-23 14:44:20,860 [Worker-135: Building] WARN  o.e.m.c.i.embedder.EclipseLogger - Using platform encoding (MS949 actually) to copy filtered resources, i.e. build is platform dependent!
2025-09-23 14:44:20,861 [Worker-135: Building] INFO  o.e.m.c.i.embedder.EclipseLogger - Copying 0 resource
2025-09-23 15:04:12,072 [Worker-123: Building] WARN  o.e.m.c.i.embedder.EclipseLogger - Using platform encoding (MS949 actually) to copy filtered resources, i.e. build is platform dependent!
2025-09-23 15:04:12,072 [Worker-123: Building] INFO  o.e.m.c.i.embedder.EclipseLogger - Copying 0 resource
2025-09-23 15:04:12,073 [Worker-123: Building] WARN  o.e.m.c.i.embedder.EclipseLogger - Using platform encoding (MS949 actually) to copy filtered resources, i.e. build is platform dependent!
2025-09-23 15:04:12,073 [Worker-123: Building] INFO  o.e.m.c.i.embedder.EclipseLogger - Copying 0 resource
2025-09-23 15:08:30,898 [Worker-131: Building] WARN  o.e.m.c.i.embedder.EclipseLogger - Using platform encoding (MS949 actually) to copy filtered resources, i.e. build is platform dependent!
2025-09-23 15:08:30,899 [Worker-131: Building] INFO  o.e.m.c.i.embedder.EclipseLogger - Copying 0 resource
2025-09-23 15:08:30,900 [Worker-131: Building] WARN  o.e.m.c.i.embedder.EclipseLogger - Using platform encoding (MS949 actually) to copy filtered resources, i.e. build is platform dependent!
2025-09-23 15:08:30,900 [Worker-131: Building] INFO  o.e.m.c.i.embedder.EclipseLogger - Copying 0 resource
2025-09-23 15:11:34,425 [Worker-142: Building] WARN  o.e.m.c.i.embedder.EclipseLogger - Using platform encoding (MS949 actually) to copy filtered resources, i.e. build is platform dependent!
2025-09-23 15:11:34,425 [Worker-142: Building] INFO  o.e.m.c.i.embedder.EclipseLogger - Copying 0 resource
2025-09-23 15:11:34,426 [Worker-142: Building] WARN  o.e.m.c.i.embedder.EclipseLogger - Using platform encoding (MS949 actually) to copy filtered resources, i.e. build is platform dependent!
2025-09-23 15:11:34,426 [Worker-142: Building] INFO  o.e.m.c.i.embedder.EclipseLogger - Copying 0 resource
2025-09-23 15:11:37,573 [Worker-143: Building] WARN  o.e.m.c.i.embedder.EclipseLogger - Using platform encoding (MS949 actually) to copy filtered resources, i.e. build is platform dependent!
2025-09-23 15:11:37,574 [Worker-143: Building] INFO  o.e.m.c.i.embedder.EclipseLogger - Copying 1 resource
2025-09-23 15:11:37,574 [Worker-143: Building] WARN  o.e.m.c.i.embedder.EclipseLogger - Using platform encoding (MS949 actually) to copy filtered resources, i.e. build is platform dependent!
2025-09-23 15:11:37,575 [Worker-143: Building] INFO  o.e.m.c.i.embedder.EclipseLogger - Copying 0 resource
2025-09-23 15:21:19,016 [Worker-150: Building] WARN  o.e.m.c.i.embedder.EclipseLogger - Using platform encoding (MS949 actually) to copy filtered resources, i.e. build is platform dependent!
2025-09-23 15:21:19,017 [Worker-150: Building] INFO  o.e.m.c.i.embedder.EclipseLogger - Copying 1 resource
2025-09-23 15:21:19,017 [Worker-150: Building] WARN  o.e.m.c.i.embedder.EclipseLogger - Using platform encoding (MS949 actually) to copy filtered resources, i.e. build is platform dependent!
2025-09-23 15:21:19,018 [Worker-150: Building] INFO  o.e.m.c.i.embedder.EclipseLogger - Copying 0 resource
2025-09-23 15:30:55,664 [Worker-157: Building] WARN  o.e.m.c.i.embedder.EclipseLogger - Using platform encoding (MS949 actually) to copy filtered resources, i.e. build is platform dependent!
2025-09-23 15:30:55,665 [Worker-157: Building] INFO  o.e.m.c.i.embedder.EclipseLogger - Copying 1 resource
2025-09-23 15:30:55,667 [Worker-157: Building] WARN  o.e.m.c.i.embedder.EclipseLogger - Using platform encoding (MS949 actually) to copy filtered resources, i.e. build is platform dependent!
2025-09-23 15:30:55,667 [Worker-157: Building] INFO  o.e.m.c.i.embedder.EclipseLogger - Copying 0 resource
2025-09-23 15:32:16,818 [Worker-160: Building] WARN  o.e.m.c.i.embedder.EclipseLogger - Using platform encoding (MS949 actually) to copy filtered resources, i.e. build is platform dependent!
2025-09-23 15:32:16,819 [Worker-160: Building] INFO  o.e.m.c.i.embedder.EclipseLogger - Copying 0 resource
2025-09-23 15:32:16,819 [Worker-160: Building] WARN  o.e.m.c.i.embedder.EclipseLogger - Using platform encoding (MS949 actually) to copy filtered resources, i.e. build is platform dependent!
2025-09-23 15:32:16,820 [Worker-160: Building] INFO  o.e.m.c.i.embedder.EclipseLogger - Copying 0 resource
2025-09-23 15:37:52,691 [Worker-162: Building] WARN  o.e.m.c.i.embedder.EclipseLogger - Using platform encoding (MS949 actually) to copy filtered resources, i.e. build is platform dependent!
2025-09-23 15:37:52,692 [Worker-162: Building] INFO  o.e.m.c.i.embedder.EclipseLogger - Copying 0 resource
2025-09-23 15:37:52,692 [Worker-162: Building] WARN  o.e.m.c.i.embedder.EclipseLogger - Using platform encoding (MS949 actually) to copy filtered resources, i.e. build is platform dependent!
2025-09-23 15:37:52,693 [Worker-162: Building] INFO  o.e.m.c.i.embedder.EclipseLogger - Copying 0 resource
2025-09-23 15:40:03,914 [Worker-165: Building] WARN  o.e.m.c.i.embedder.EclipseLogger - Using platform encoding (MS949 actually) to copy filtered resources, i.e. build is platform dependent!
2025-09-23 15:40:03,914 [Worker-165: Building] INFO  o.e.m.c.i.embedder.EclipseLogger - Copying 0 resource
2025-09-23 15:40:03,915 [Worker-165: Building] WARN  o.e.m.c.i.embedder.EclipseLogger - Using platform encoding (MS949 actually) to copy filtered resources, i.e. build is platform dependent!
2025-09-23 15:40:03,915 [Worker-165: Building] INFO  o.e.m.c.i.embedder.EclipseLogger - Copying 0 resource
2025-09-23 15:40:37,380 [Worker-163: Building] WARN  o.e.m.c.i.embedder.EclipseLogger - Using platform encoding (MS949 actually) to copy filtered resources, i.e. build is platform dependent!
2025-09-23 15:40:37,382 [Worker-163: Building] INFO  o.e.m.c.i.embedder.EclipseLogger - Copying 1 resource
2025-09-23 15:40:37,382 [Worker-163: Building] WARN  o.e.m.c.i.embedder.EclipseLogger - Using platform encoding (MS949 actually) to copy filtered resources, i.e. build is platform dependent!
2025-09-23 15:40:37,383 [Worker-163: Building] INFO  o.e.m.c.i.embedder.EclipseLogger - Copying 0 resource
2025-09-23 15:45:56,791 [Worker-162: Building] WARN  o.e.m.c.i.embedder.EclipseLogger - Using platform encoding (MS949 actually) to copy filtered resources, i.e. build is platform dependent!
2025-09-23 15:45:56,792 [Worker-162: Building] INFO  o.e.m.c.i.embedder.EclipseLogger - Copying 1 resource
2025-09-23 15:45:56,792 [Worker-162: Building] WARN  o.e.m.c.i.embedder.EclipseLogger - Using platform encoding (MS949 actually) to copy filtered resources, i.e. build is platform dependent!
2025-09-23 15:45:56,793 [Worker-162: Building] INFO  o.e.m.c.i.embedder.EclipseLogger - Copying 0 resource
2025-09-23 15:47:43,760 [Worker-162: Building] WARN  o.e.m.c.i.embedder.EclipseLogger - Using platform encoding (MS949 actually) to copy filtered resources, i.e. build is platform dependent!
2025-09-23 15:47:43,760 [Worker-162: Building] INFO  o.e.m.c.i.embedder.EclipseLogger - Copying 0 resource
2025-09-23 15:47:43,761 [Worker-162: Building] WARN  o.e.m.c.i.embedder.EclipseLogger - Using platform encoding (MS949 actually) to copy filtered resources, i.e. build is platform dependent!
2025-09-23 15:47:43,761 [Worker-162: Building] INFO  o.e.m.c.i.embedder.EclipseLogger - Copying 0 resource
2025-09-23 15:48:11,899 [Worker-170: Building] WARN  o.e.m.c.i.embedder.EclipseLogger - Using platform encoding (MS949 actually) to copy filtered resources, i.e. build is platform dependent!
2025-09-23 15:48:11,900 [Worker-170: Building] INFO  o.e.m.c.i.embedder.EclipseLogger - Copying 1 resource
2025-09-23 15:48:11,900 [Worker-170: Building] WARN  o.e.m.c.i.embedder.EclipseLogger - Using platform encoding (MS949 actually) to copy filtered resources, i.e. build is platform dependent!
2025-09-23 15:48:11,901 [Worker-170: Building] INFO  o.e.m.c.i.embedder.EclipseLogger - Copying 0 resource
2025-09-23 15:49:02,511 [Worker-170: Building] WARN  o.e.m.c.i.embedder.EclipseLogger - Using platform encoding (MS949 actually) to copy filtered resources, i.e. build is platform dependent!
2025-09-23 15:49:02,511 [Worker-170: Building] INFO  o.e.m.c.i.embedder.EclipseLogger - Copying 0 resource
2025-09-23 15:49:02,512 [Worker-170: Building] WARN  o.e.m.c.i.embedder.EclipseLogger - Using platform encoding (MS949 actually) to copy filtered resources, i.e. build is platform dependent!
2025-09-23 15:49:02,512 [Worker-170: Building] INFO  o.e.m.c.i.embedder.EclipseLogger - Copying 0 resource
2025-09-23 16:09:34,942 [Worker-176: Building] WARN  o.e.m.c.i.embedder.EclipseLogger - Using platform encoding (MS949 actually) to copy filtered resources, i.e. build is platform dependent!
2025-09-23 16:09:34,943 [Worker-176: Building] INFO  o.e.m.c.i.embedder.EclipseLogger - Copying 0 resource
2025-09-23 16:09:34,944 [Worker-176: Building] WARN  o.e.m.c.i.embedder.EclipseLogger - Using platform encoding (MS949 actually) to copy filtered resources, i.e. build is platform dependent!
2025-09-23 16:09:34,944 [Worker-176: Building] INFO  o.e.m.c.i.embedder.EclipseLogger - Copying 0 resource
2025-09-23 16:11:30,933 [Worker-177: Building] WARN  o.e.m.c.i.embedder.EclipseLogger - Using platform encoding (MS949 actually) to copy filtered resources, i.e. build is platform dependent!
2025-09-23 16:11:30,933 [Worker-177: Building] INFO  o.e.m.c.i.embedder.EclipseLogger - Copying 1 resource
2025-09-23 16:11:30,934 [Worker-177: Building] WARN  o.e.m.c.i.embedder.EclipseLogger - Using platform encoding (MS949 actually) to copy filtered resources, i.e. build is platform dependent!
2025-09-23 16:11:30,934 [Worker-177: Building] INFO  o.e.m.c.i.embedder.EclipseLogger - Copying 0 resource
2025-09-23 16:16:52,982 [Worker-179: Building] WARN  o.e.m.c.i.embedder.EclipseLogger - Using platform encoding (MS949 actually) to copy filtered resources, i.e. build is platform dependent!
2025-09-23 16:16:52,983 [Worker-179: Building] INFO  o.e.m.c.i.embedder.EclipseLogger - Copying 1 resource
2025-09-23 16:16:52,984 [Worker-179: Building] WARN  o.e.m.c.i.embedder.EclipseLogger - Using platform encoding (MS949 actually) to copy filtered resources, i.e. build is platform dependent!
2025-09-23 16:16:52,984 [Worker-179: Building] INFO  o.e.m.c.i.embedder.EclipseLogger - Copying 0 resource
2025-09-23 16:20:06,393 [Worker-183: Building] WARN  o.e.m.c.i.embedder.EclipseLogger - Using platform encoding (MS949 actually) to copy filtered resources, i.e. build is platform dependent!
2025-09-23 16:20:06,394 [Worker-183: Building] INFO  o.e.m.c.i.embedder.EclipseLogger - Copying 1 resource
2025-09-23 16:20:06,395 [Worker-183: Building] WARN  o.e.m.c.i.embedder.EclipseLogger - Using platform encoding (MS949 actually) to copy filtered resources, i.e. build is platform dependent!
2025-09-23 16:20:06,396 [Worker-183: Building] INFO  o.e.m.c.i.embedder.EclipseLogger - Copying 0 resource
2025-09-23 16:22:34,758 [Worker-177: Building] WARN  o.e.m.c.i.embedder.EclipseLogger - Using platform encoding (MS949 actually) to copy filtered resources, i.e. build is platform dependent!
2025-09-23 16:22:34,759 [Worker-177: Building] INFO  o.e.m.c.i.embedder.EclipseLogger - Copying 1 resource
2025-09-23 16:22:34,761 [Worker-177: Building] WARN  o.e.m.c.i.embedder.EclipseLogger - Using platform encoding (MS949 actually) to copy filtered resources, i.e. build is platform dependent!
2025-09-23 16:22:34,762 [Worker-177: Building] INFO  o.e.m.c.i.embedder.EclipseLogger - Copying 0 resource
2025-09-23 16:22:40,432 [Worker-182: Building] WARN  o.e.m.c.i.embedder.EclipseLogger - Using platform encoding (MS949 actually) to copy filtered resources, i.e. build is platform dependent!
2025-09-23 16:22:40,433 [Worker-182: Building] INFO  o.e.m.c.i.embedder.EclipseLogger - Copying 1 resource
2025-09-23 16:22:40,434 [Worker-182: Building] WARN  o.e.m.c.i.embedder.EclipseLogger - Using platform encoding (MS949 actually) to copy filtered resources, i.e. build is platform dependent!
2025-09-23 16:22:40,434 [Worker-182: Building] INFO  o.e.m.c.i.embedder.EclipseLogger - Copying 0 resource
2025-09-23 16:28:01,459 [Worker-177: Building] WARN  o.e.m.c.i.embedder.EclipseLogger - Using platform encoding (MS949 actually) to copy filtered resources, i.e. build is platform dependent!
2025-09-23 16:28:01,461 [Worker-177: Building] INFO  o.e.m.c.i.embedder.EclipseLogger - Copying 1 resource
2025-09-23 16:28:01,461 [Worker-177: Building] WARN  o.e.m.c.i.embedder.EclipseLogger - Using platform encoding (MS949 actually) to copy filtered resources, i.e. build is platform dependent!
2025-09-23 16:28:01,462 [Worker-177: Building] INFO  o.e.m.c.i.embedder.EclipseLogger - Copying 0 resource
2025-09-23 16:28:31,925 [Worker-185: Building] WARN  o.e.m.c.i.embedder.EclipseLogger - Using platform encoding (MS949 actually) to copy filtered resources, i.e. build is platform dependent!
2025-09-23 16:28:31,925 [Worker-185: Building] INFO  o.e.m.c.i.embedder.EclipseLogger - Copying 0 resource
2025-09-23 16:28:31,925 [Worker-185: Building] WARN  o.e.m.c.i.embedder.EclipseLogger - Using platform encoding (MS949 actually) to copy filtered resources, i.e. build is platform dependent!
2025-09-23 16:28:31,926 [Worker-185: Building] INFO  o.e.m.c.i.embedder.EclipseLogger - Copying 0 resource
2025-09-23 16:28:58,810 [Worker-177: Building] WARN  o.e.m.c.i.embedder.EclipseLogger - Using platform encoding (MS949 actually) to copy filtered resources, i.e. build is platform dependent!
2025-09-23 16:28:58,811 [Worker-177: Building] INFO  o.e.m.c.i.embedder.EclipseLogger - Copying 0 resource
2025-09-23 16:28:58,812 [Worker-177: Building] WARN  o.e.m.c.i.embedder.EclipseLogger - Using platform encoding (MS949 actually) to copy filtered resources, i.e. build is platform dependent!
2025-09-23 16:28:58,812 [Worker-177: Building] INFO  o.e.m.c.i.embedder.EclipseLogger - Copying 0 resource
2025-09-23 16:29:25,377 [Worker-186: Building] WARN  o.e.m.c.i.embedder.EclipseLogger - Using platform encoding (MS949 actually) to copy filtered resources, i.e. build is platform dependent!
2025-09-23 16:29:25,378 [Worker-186: Building] INFO  o.e.m.c.i.embedder.EclipseLogger - Copying 1 resource
2025-09-23 16:29:25,379 [Worker-186: Building] WARN  o.e.m.c.i.embedder.EclipseLogger - Using platform encoding (MS949 actually) to copy filtered resources, i.e. build is platform dependent!
2025-09-23 16:29:25,380 [Worker-186: Building] INFO  o.e.m.c.i.embedder.EclipseLogger - Copying 0 resource
2025-09-23 16:30:29,275 [Worker-182: Building] WARN  o.e.m.c.i.embedder.EclipseLogger - Using platform encoding (MS949 actually) to copy filtered resources, i.e. build is platform dependent!
2025-09-23 16:30:29,276 [Worker-182: Building] INFO  o.e.m.c.i.embedder.EclipseLogger - Copying 0 resource
2025-09-23 16:30:29,277 [Worker-182: Building] WARN  o.e.m.c.i.embedder.EclipseLogger - Using platform encoding (MS949 actually) to copy filtered resources, i.e. build is platform dependent!
2025-09-23 16:30:29,278 [Worker-182: Building] INFO  o.e.m.c.i.embedder.EclipseLogger - Copying 0 resource
2025-09-23 16:30:51,807 [Worker-182: Building] WARN  o.e.m.c.i.embedder.EclipseLogger - Using platform encoding (MS949 actually) to copy filtered resources, i.e. build is platform dependent!
2025-09-23 16:30:51,808 [Worker-182: Building] INFO  o.e.m.c.i.embedder.EclipseLogger - Copying 1 resource
2025-09-23 16:30:51,809 [Worker-182: Building] WARN  o.e.m.c.i.embedder.EclipseLogger - Using platform encoding (MS949 actually) to copy filtered resources, i.e. build is platform dependent!
2025-09-23 16:30:51,810 [Worker-182: Building] INFO  o.e.m.c.i.embedder.EclipseLogger - Copying 0 resource
2025-09-23 16:40:37,445 [Worker-190: Building workspace] INFO  o.e.m.c.i.l.LifecycleMappingFactory - Using org.maven.ide.eclipse.wtp.WarLifecycleMapping lifecycle mapping for MavenProject: com.spring:mvcProject:1.0.0-BUILD-SNAPSHOT @ D:\Spring\springWorkspace\spring_mvc_jdbc\pom.xml.
2025-09-23 16:40:38,464 [Worker-190: Building workspace] WARN  o.e.m.c.i.embedder.EclipseLogger - Using platform encoding (MS949 actually) to copy filtered resources, i.e. build is platform dependent!
2025-09-23 16:40:38,465 [Worker-190: Building workspace] INFO  o.e.m.c.i.embedder.EclipseLogger - Copying 1 resource
2025-09-23 16:40:38,469 [Worker-190: Building workspace] WARN  o.e.m.c.i.embedder.EclipseLogger - Using platform encoding (MS949 actually) to copy filtered resources, i.e. build is platform dependent!
2025-09-23 16:40:38,470 [Worker-190: Building workspace] INFO  o.e.m.c.i.embedder.EclipseLogger - Copying 1 resource
2025-09-23 16:40:39,649 [Worker-192: Building] WARN  o.e.m.c.i.embedder.EclipseLogger - Using platform encoding (MS949 actually) to copy filtered resources, i.e. build is platform dependent!
2025-09-23 16:40:39,651 [Worker-192: Building] INFO  o.e.m.c.i.embedder.EclipseLogger - Copying 1 resource
2025-09-23 16:40:39,654 [Worker-192: Building] WARN  o.e.m.c.i.embedder.EclipseLogger - Using platform encoding (MS949 actually) to copy filtered resources, i.e. build is platform dependent!
2025-09-23 16:40:39,654 [Worker-192: Building] INFO  o.e.m.c.i.embedder.EclipseLogger - Copying 1 resource
2025-09-23 16:41:58,995 [Worker-191: Building] INFO  o.e.m.c.i.l.LifecycleMappingFactory - Using org.maven.ide.eclipse.wtp.WarLifecycleMapping lifecycle mapping for MavenProject: com.spring:mvcProject:1.0.0-BUILD-SNAPSHOT @ D:\Spring\springWorkspace\spring_mvc_jdbc\pom.xml.
2025-09-23 16:41:59,165 [Worker-191: Building] WARN  o.e.m.c.i.embedder.EclipseLogger - Using platform encoding (MS949 actually) to copy filtered resources, i.e. build is platform dependent!
2025-09-23 16:41:59,165 [Worker-191: Building] INFO  o.e.m.c.i.embedder.EclipseLogger - Copying 0 resource
2025-09-23 16:41:59,166 [Worker-191: Building] WARN  o.e.m.c.i.embedder.EclipseLogger - Using platform encoding (MS949 actually) to copy filtered resources, i.e. build is platform dependent!
2025-09-23 16:41:59,167 [Worker-191: Building] INFO  o.e.m.c.i.embedder.EclipseLogger - Copying 0 resource
2025-09-23 16:41:59,169 [Worker-191: Building] INFO  o.e.m.w.i.f.ResourceFilteringBuildParticipant - Changed resources require a complete clean of filtered resources of spring_mvc_jdbc
2025-09-23 16:41:59,170 [Worker-191: Building] INFO  o.e.m.w.i.f.ResourceFilteringBuildParticipant - Executing resource filtering for spring_mvc_jdbc
2025-09-23 16:41:59,176 [Worker-191: Building] WARN  o.e.m.c.i.embedder.EclipseLogger - Using platform encoding (MS949 actually) to copy filtered resources, i.e. build is platform dependent!
2025-09-23 16:42:00,610 [Worker-192: Building] WARN  o.e.m.c.i.embedder.EclipseLogger - Using platform encoding (MS949 actually) to copy filtered resources, i.e. build is platform dependent!
2025-09-23 16:42:00,612 [Worker-192: Building] INFO  o.e.m.c.i.embedder.EclipseLogger - Copying 1 resource
2025-09-23 16:42:00,614 [Worker-192: Building] WARN  o.e.m.c.i.embedder.EclipseLogger - Using platform encoding (MS949 actually) to copy filtered resources, i.e. build is platform dependent!
2025-09-23 16:42:00,615 [Worker-192: Building] INFO  o.e.m.c.i.embedder.EclipseLogger - Copying 1 resource
2025-09-23 16:42:11,277 [Worker-191: Building] WARN  o.e.m.c.i.embedder.EclipseLogger - Using platform encoding (MS949 actually) to copy filtered resources, i.e. build is platform dependent!
2025-09-23 16:42:11,278 [Worker-191: Building] INFO  o.e.m.c.i.embedder.EclipseLogger - Copying 1 resource
2025-09-23 16:42:11,279 [Worker-191: Building] WARN  o.e.m.c.i.embedder.EclipseLogger - Using platform encoding (MS949 actually) to copy filtered resources, i.e. build is platform dependent!
2025-09-23 16:42:11,279 [Worker-191: Building] INFO  o.e.m.c.i.embedder.EclipseLogger - Copying 0 resource
2025-09-23 16:43:51,342 [Worker-191: Updating Maven Project] INFO  o.e.m.c.i.p.ProjectConfigurationManager - Update started
2025-09-23 16:43:51,481 [Worker-191: Updating Maven Project] INFO  o.e.m.c.i.l.LifecycleMappingFactory - Using org.maven.ide.eclipse.wtp.WarLifecycleMapping lifecycle mapping for MavenProject: com.spring:mvcProject:1.0.0-BUILD-SNAPSHOT @ D:\Spring\springWorkspace\spring_mvc_jdbc\pom.xml.
2025-09-23 16:43:51,606 [Worker-191: Updating Maven Project] INFO  o.e.m.j.i.AbstractJavaProjectConfigurator - Adding source folder /spring_mvc_jdbc/src/main/java
2025-09-23 16:43:51,607 [Worker-191: Updating Maven Project] INFO  o.e.m.j.i.AbstractJavaProjectConfigurator - Adding resource folder /spring_mvc_jdbc/src/main/resources
2025-09-23 16:43:51,607 [Worker-191: Updating Maven Project] INFO  o.e.m.j.i.AbstractJavaProjectConfigurator - Adding source folder /spring_mvc_jdbc/src/test/java
2025-09-23 16:43:51,607 [Worker-191: Updating Maven Project] INFO  o.e.m.j.i.AbstractJavaProjectConfigurator - Adding resource folder /spring_mvc_jdbc/src/test/resources
2025-09-23 16:43:52,093 [Worker-191: Updating Maven Project] INFO  o.e.m.w.i.f.ResourceFilteringBuildParticipant - Cleaning filtered folder for spring_mvc_jdbc
2025-09-23 16:43:52,096 [Worker-191: Updating Maven Project] INFO  o.e.m.c.i.p.ProjectConfigurationManager - Update completed: 0 sec
2025-09-23 16:43:52,803 [Worker-191: Building Project spring_mvc_jdbc] WARN  o.e.m.c.i.embedder.EclipseLogger - Using platform encoding (MS949 actually) to copy filtered resources, i.e. build is platform dependent!
2025-09-23 16:43:52,804 [Worker-191: Building Project spring_mvc_jdbc] INFO  o.e.m.c.i.embedder.EclipseLogger - Copying 1 resource
2025-09-23 16:43:52,806 [Worker-191: Building Project spring_mvc_jdbc] WARN  o.e.m.c.i.embedder.EclipseLogger - Using platform encoding (MS949 actually) to copy filtered resources, i.e. build is platform dependent!
2025-09-23 16:43:52,806 [Worker-191: Building Project spring_mvc_jdbc] INFO  o.e.m.c.i.embedder.EclipseLogger - Copying 1 resource
2025-09-23 16:43:52,807 [Worker-191: Building Project spring_mvc_jdbc] INFO  o.e.m.w.i.f.ResourceFilteringBuildParticipant - Changed resources require a complete clean of filtered resources of spring_mvc_jdbc
2025-09-23 16:43:52,807 [Worker-191: Building Project spring_mvc_jdbc] INFO  o.e.m.w.i.f.ResourceFilteringBuildParticipant - Executing resource filtering for spring_mvc_jdbc
2025-09-23 16:43:52,810 [Worker-191: Building Project spring_mvc_jdbc] WARN  o.e.m.c.i.embedder.EclipseLogger - Using platform encoding (MS949 actually) to copy filtered resources, i.e. build is platform dependent!
2025-09-23 17:01:57,074 [Worker-197: Building] INFO  o.e.m.c.i.l.LifecycleMappingFactory - Using org.maven.ide.eclipse.wtp.WarLifecycleMapping lifecycle mapping for MavenProject: com.spring:mvcProject:1.0.0-BUILD-SNAPSHOT @ D:\Spring\springWorkspace\spring_mvc_jdbc\pom.xml.
2025-09-23 17:01:57,282 [Worker-197: Building] INFO  o.e.m.c.i.e.AbstractTransferListenerAdapter - Downloading https://repo.maven.apache.org/maven2/org/springframework/spring-jdbc/5.2.25.RELEASE/spring-jdbc-5.2.25.RELEASE.pom
2025-09-23 17:01:57,326 [Worker-197: Building] INFO  o.e.m.c.i.e.AbstractTransferListenerAdapter - Downloaded https://repo.maven.apache.org/maven2/org/springframework/spring-jdbc/5.2.25.RELEASE/spring-jdbc-5.2.25.RELEASE.pom
2025-09-23 17:01:57,343 [Worker-197: Building] INFO  o.e.m.c.i.e.AbstractTransferListenerAdapter - Downloading https://repo.maven.apache.org/maven2/org/springframework/spring-tx/5.2.25.RELEASE/spring-tx-5.2.25.RELEASE.pom
2025-09-23 17:01:57,382 [Worker-197: Building] INFO  o.e.m.c.i.e.AbstractTransferListenerAdapter - Downloaded https://repo.maven.apache.org/maven2/org/springframework/spring-tx/5.2.25.RELEASE/spring-tx-5.2.25.RELEASE.pom
2025-09-23 17:01:57,397 [Worker-197: Building] INFO  o.e.m.c.i.e.AbstractTransferListenerAdapter - Downloading https://repo.maven.apache.org/maven2/commons-dbcp/commons-dbcp/1.4/commons-dbcp-1.4.pom
2025-09-23 17:01:57,436 [Worker-197: Building] INFO  o.e.m.c.i.e.AbstractTransferListenerAdapter - Downloaded https://repo.maven.apache.org/maven2/commons-dbcp/commons-dbcp/1.4/commons-dbcp-1.4.pom
2025-09-23 17:01:57,451 [Worker-197: Building] INFO  o.e.m.c.i.e.AbstractTransferListenerAdapter - Downloading https://repo.maven.apache.org/maven2/org/apache/commons/commons-parent/12/commons-parent-12.pom
2025-09-23 17:01:57,495 [Worker-197: Building] INFO  o.e.m.c.i.e.AbstractTransferListenerAdapter - Downloaded https://repo.maven.apache.org/maven2/org/apache/commons/commons-parent/12/commons-parent-12.pom
2025-09-23 17:01:57,510 [Worker-197: Building] INFO  o.e.m.c.i.e.AbstractTransferListenerAdapter - Downloading https://repo.maven.apache.org/maven2/commons-pool/commons-pool/1.5.4/commons-pool-1.5.4.pom
2025-09-23 17:01:57,544 [Worker-197: Building] INFO  o.e.m.c.i.e.AbstractTransferListenerAdapter - Downloaded https://repo.maven.apache.org/maven2/commons-pool/commons-pool/1.5.4/commons-pool-1.5.4.pom
2025-09-23 17:01:57,561 [Worker-197: Building] INFO  o.e.m.c.i.e.AbstractTransferListenerAdapter - Downloading https://repo.maven.apache.org/maven2/com/oracle/database/jdbc/ojdbc11/23.5.0.24.07/ojdbc11-23.5.0.24.07.pom
2025-09-23 17:01:57,601 [Worker-197: Building] INFO  o.e.m.c.i.e.AbstractTransferListenerAdapter - Downloaded https://repo.maven.apache.org/maven2/com/oracle/database/jdbc/ojdbc11/23.5.0.24.07/ojdbc11-23.5.0.24.07.pom
2025-09-23 17:01:57,621 [AetherRepositoryConnector-repo.maven.apache.org-0-1] INFO  o.e.m.c.i.e.AbstractTransferListenerAdapter - Downloading https://repo.maven.apache.org/maven2/org/springframework/spring-tx/5.2.25.RELEASE/spring-tx-5.2.25.RELEASE.jar
2025-09-23 17:01:57,632 [AetherRepositoryConnector-repo.maven.apache.org-0-0] INFO  o.e.m.c.i.e.AbstractTransferListenerAdapter - Downloading https://repo.maven.apache.org/maven2/org/springframework/spring-jdbc/5.2.25.RELEASE/spring-jdbc-5.2.25.RELEASE.jar
2025-09-23 17:01:57,638 [AetherRepositoryConnector-repo.maven.apache.org-0-2] INFO  o.e.m.c.i.e.AbstractTransferListenerAdapter - Downloading https://repo.maven.apache.org/maven2/commons-dbcp/commons-dbcp/1.4/commons-dbcp-1.4.jar
2025-09-23 17:01:57,638 [AetherRepositoryConnector-repo.maven.apache.org-0-3] INFO  o.e.m.c.i.e.AbstractTransferListenerAdapter - Downloading https://repo.maven.apache.org/maven2/commons-pool/commons-pool/1.5.4/commons-pool-1.5.4.jar
2025-09-23 17:01:57,638 [AetherRepositoryConnector-repo.maven.apache.org-0-4] INFO  o.e.m.c.i.e.AbstractTransferListenerAdapter - Downloading https://repo.maven.apache.org/maven2/com/oracle/database/jdbc/ojdbc11/23.5.0.24.07/ojdbc11-23.5.0.24.07.jar
2025-09-23 17:01:57,736 [AetherRepositoryConnector-repo.maven.apache.org-0-3] INFO  o.e.m.c.i.e.AbstractTransferListenerAdapter - Downloaded https://repo.maven.apache.org/maven2/commons-pool/commons-pool/1.5.4/commons-pool-1.5.4.jar
2025-09-23 17:01:57,737 [AetherRepositoryConnector-repo.maven.apache.org-0-2] INFO  o.e.m.c.i.e.AbstractTransferListenerAdapter - Downloaded https://repo.maven.apache.org/maven2/commons-dbcp/commons-dbcp/1.4/commons-dbcp-1.4.jar
2025-09-23 17:01:57,747 [AetherRepositoryConnector-repo.maven.apache.org-0-1] INFO  o.e.m.c.i.e.AbstractTransferListenerAdapter - Downloaded https://repo.maven.apache.org/maven2/org/springframework/spring-tx/5.2.25.RELEASE/spring-tx-5.2.25.RELEASE.jar
2025-09-23 17:01:57,769 [AetherRepositoryConnector-repo.maven.apache.org-0-0] INFO  o.e.m.c.i.e.AbstractTransferListenerAdapter - Downloaded https://repo.maven.apache.org/maven2/org/springframework/spring-jdbc/5.2.25.RELEASE/spring-jdbc-5.2.25.RELEASE.jar
2025-09-23 17:01:58,428 [AetherRepositoryConnector-repo.maven.apache.org-0-4] INFO  o.e.m.c.i.e.AbstractTransferListenerAdapter - Downloaded https://repo.maven.apache.org/maven2/com/oracle/database/jdbc/ojdbc11/23.5.0.24.07/ojdbc11-23.5.0.24.07.jar
2025-09-23 17:01:59,057 [Worker-197: Building] WARN  o.e.m.c.i.embedder.EclipseLogger - Using platform encoding (MS949 actually) to copy filtered resources, i.e. build is platform dependent!
2025-09-23 17:01:59,058 [Worker-197: Building] INFO  o.e.m.c.i.embedder.EclipseLogger - Copying 0 resource
2025-09-23 17:01:59,058 [Worker-197: Building] WARN  o.e.m.c.i.embedder.EclipseLogger - Using platform encoding (MS949 actually) to copy filtered resources, i.e. build is platform dependent!
2025-09-23 17:01:59,060 [Worker-197: Building] INFO  o.e.m.c.i.embedder.EclipseLogger - Copying 0 resource
2025-09-23 17:01:59,060 [Worker-197: Building] INFO  o.e.m.w.i.f.ResourceFilteringBuildParticipant - Changed resources require a complete clean of filtered resources of spring_mvc_jdbc
2025-09-23 17:01:59,060 [Worker-197: Building] INFO  o.e.m.w.i.f.ResourceFilteringBuildParticipant - Executing resource filtering for spring_mvc_jdbc
2025-09-23 17:01:59,063 [Worker-197: Building] WARN  o.e.m.c.i.embedder.EclipseLogger - Using platform encoding (MS949 actually) to copy filtered resources, i.e. build is platform dependent!
2025-09-23 17:02:00,181 [Worker-201: Download sources and javadoc] INFO  o.e.m.c.i.e.AbstractTransferListenerAdapter - Downloading https://repo.maven.apache.org/maven2/org/springframework/spring-jdbc/5.2.25.RELEASE/spring-jdbc-5.2.25.RELEASE-sources.jar
2025-09-23 17:02:00,298 [Worker-201: Download sources and javadoc] INFO  o.e.m.c.i.e.AbstractTransferListenerAdapter - Downloaded https://repo.maven.apache.org/maven2/org/springframework/spring-jdbc/5.2.25.RELEASE/spring-jdbc-5.2.25.RELEASE-sources.jar
2025-09-23 17:02:00,366 [Worker-201: Download sources and javadoc] INFO  o.e.m.j.internal.DownloadSourcesJob - Downloaded sources for org.springframework:spring-jdbc:5.2.25.RELEASE
2025-09-23 17:02:00,408 [Worker-202: Building] WARN  o.e.m.c.i.embedder.EclipseLogger - Using platform encoding (MS949 actually) to copy filtered resources, i.e. build is platform dependent!
2025-09-23 17:02:00,409 [Worker-202: Building] INFO  o.e.m.c.i.embedder.EclipseLogger - Copying 1 resource
2025-09-23 17:02:00,412 [Worker-202: Building] WARN  o.e.m.c.i.embedder.EclipseLogger - Using platform encoding (MS949 actually) to copy filtered resources, i.e. build is platform dependent!
2025-09-23 17:02:00,414 [Worker-202: Building] INFO  o.e.m.c.i.embedder.EclipseLogger - Copying 1 resource
2025-09-23 17:02:00,414 [Worker-201: Download sources and javadoc] INFO  o.e.m.c.i.e.AbstractTransferListenerAdapter - Downloading https://repo.maven.apache.org/maven2/org/springframework/spring-tx/5.2.25.RELEASE/spring-tx-5.2.25.RELEASE-sources.jar
2025-09-23 17:02:00,509 [Worker-201: Download sources and javadoc] INFO  o.e.m.c.i.e.AbstractTransferListenerAdapter - Downloaded https://repo.maven.apache.org/maven2/org/springframework/spring-tx/5.2.25.RELEASE/spring-tx-5.2.25.RELEASE-sources.jar
2025-09-23 17:02:00,576 [Worker-201: Download sources and javadoc] INFO  o.e.m.j.internal.DownloadSourcesJob - Downloaded sources for org.springframework:spring-tx:5.2.25.RELEASE
2025-09-23 17:02:00,652 [Worker-201: Download sources and javadoc] INFO  o.e.m.c.i.e.AbstractTransferListenerAdapter - Downloading https://repo.maven.apache.org/maven2/commons-dbcp/commons-dbcp/1.4/commons-dbcp-1.4-sources.jar
2025-09-23 17:02:00,733 [Worker-201: Download sources and javadoc] INFO  o.e.m.c.i.e.AbstractTransferListenerAdapter - Downloaded https://repo.maven.apache.org/maven2/commons-dbcp/commons-dbcp/1.4/commons-dbcp-1.4-sources.jar
2025-09-23 17:02:00,805 [Worker-201: Download sources and javadoc] INFO  o.e.m.j.internal.DownloadSourcesJob - Downloaded sources for commons-dbcp:commons-dbcp:1.4
2025-09-23 17:02:00,860 [Worker-201: Download sources and javadoc] INFO  o.e.m.c.i.e.AbstractTransferListenerAdapter - Downloading https://repo.maven.apache.org/maven2/commons-pool/commons-pool/1.5.4/commons-pool-1.5.4-sources.jar
2025-09-23 17:02:00,935 [Worker-201: Download sources and javadoc] INFO  o.e.m.c.i.e.AbstractTransferListenerAdapter - Downloaded https://repo.maven.apache.org/maven2/commons-pool/commons-pool/1.5.4/commons-pool-1.5.4-sources.jar
2025-09-23 17:02:00,977 [Worker-201: Download sources and javadoc] INFO  o.e.m.j.internal.DownloadSourcesJob - Downloaded sources for commons-pool:commons-pool:1.5.4
2025-09-23 17:02:01,037 [Worker-201: Download sources and javadoc] INFO  o.e.m.c.i.e.AbstractTransferListenerAdapter - Downloading https://repo.maven.apache.org/maven2/com/oracle/database/jdbc/ojdbc11/23.5.0.24.07/ojdbc11-23.5.0.24.07-sources.jar
2025-09-23 17:02:01,079 [Worker-201: Download sources and javadoc] INFO  o.e.m.c.i.e.AbstractTransferListenerAdapter - Downloaded https://repo.maven.apache.org/maven2/com/oracle/database/jdbc/ojdbc11/23.5.0.24.07/ojdbc11-23.5.0.24.07-sources.jar
2025-09-23 17:02:01,117 [Worker-201: Download sources and javadoc] INFO  o.e.m.j.internal.DownloadSourcesJob - Downloaded sources for com.oracle.database.jdbc:ojdbc11:23.5.0.24.07
2025-09-23 17:02:01,502 [Worker-202: Building] WARN  o.e.m.c.i.embedder.EclipseLogger - Using platform encoding (MS949 actually) to copy filtered resources, i.e. build is platform dependent!
2025-09-23 17:02:01,503 [Worker-202: Building] INFO  o.e.m.c.i.embedder.EclipseLogger - Copying 0 resource
2025-09-23 17:02:01,503 [Worker-202: Building] WARN  o.e.m.c.i.embedder.EclipseLogger - Using platform encoding (MS949 actually) to copy filtered resources, i.e. build is platform dependent!
2025-09-23 17:02:01,504 [Worker-202: Building] INFO  o.e.m.c.i.embedder.EclipseLogger - Copying 0 resource
2025-09-23 17:05:58,236 [Worker-205: Building] INFO  o.e.m.c.i.l.LifecycleMappingFactory - Using org.maven.ide.eclipse.wtp.WarLifecycleMapping lifecycle mapping for MavenProject: com.spring:mvcProject:1.0.0-BUILD-SNAPSHOT @ D:\Spring\springWorkspace\spring_mvc_jdbc\pom.xml.
2025-09-23 17:05:58,426 [Worker-205: Building] WARN  o.e.m.c.i.embedder.EclipseLogger - Using platform encoding (MS949 actually) to copy filtered resources, i.e. build is platform dependent!
2025-09-23 17:05:58,426 [Worker-205: Building] INFO  o.e.m.c.i.embedder.EclipseLogger - Copying 0 resource
2025-09-23 17:05:58,427 [Worker-205: Building] WARN  o.e.m.c.i.embedder.EclipseLogger - Using platform encoding (MS949 actually) to copy filtered resources, i.e. build is platform dependent!
2025-09-23 17:05:58,428 [Worker-205: Building] INFO  o.e.m.c.i.embedder.EclipseLogger - Copying 0 resource
2025-09-23 17:05:58,428 [Worker-205: Building] INFO  o.e.m.w.i.f.ResourceFilteringBuildParticipant - Changed resources require a complete clean of filtered resources of spring_mvc_jdbc
2025-09-23 17:05:58,428 [Worker-205: Building] INFO  o.e.m.w.i.f.ResourceFilteringBuildParticipant - Executing resource filtering for spring_mvc_jdbc
2025-09-23 17:05:58,431 [Worker-205: Building] WARN  o.e.m.c.i.embedder.EclipseLogger - Using platform encoding (MS949 actually) to copy filtered resources, i.e. build is platform dependent!
2025-09-23 17:05:59,599 [Worker-204: Building] WARN  o.e.m.c.i.embedder.EclipseLogger - Using platform encoding (MS949 actually) to copy filtered resources, i.e. build is platform dependent!
2025-09-23 17:05:59,600 [Worker-204: Building] INFO  o.e.m.c.i.embedder.EclipseLogger - Copying 1 resource
2025-09-23 17:05:59,602 [Worker-204: Building] WARN  o.e.m.c.i.embedder.EclipseLogger - Using platform encoding (MS949 actually) to copy filtered resources, i.e. build is platform dependent!
2025-09-23 17:05:59,602 [Worker-204: Building] INFO  o.e.m.c.i.embedder.EclipseLogger - Copying 1 resource
2025-09-23 17:06:21,689 [Worker-203: Building] INFO  o.e.m.c.i.l.LifecycleMappingFactory - Using org.maven.ide.eclipse.wtp.WarLifecycleMapping lifecycle mapping for MavenProject: com.spring:mvcProject:1.0.0-BUILD-SNAPSHOT @ D:\Spring\springWorkspace\spring_mvc_jdbc\pom.xml.
2025-09-23 17:06:22,010 [Worker-203: Building] INFO  o.e.m.c.i.e.AbstractTransferListenerAdapter - Downloaded https://repo.maven.apache.org/maven2/commons-dbcp/common-dbcp/1.4/common-dbcp-1.4.pom
2025-09-23 17:06:22,012 [Worker-203: Building] WARN  o.e.m.c.i.embedder.EclipseLogger - The POM for commons-dbcp:common-dbcp:jar:1.4 is missing, no dependency information available
2025-09-23 17:06:22,254 [Worker-203: Building] INFO  o.e.m.c.i.e.AbstractTransferListenerAdapter - Downloaded https://repo.maven.apache.org/maven2/commons-dbcp/common-dbcp/1.4/common-dbcp-1.4.jar
2025-09-23 17:06:22,277 [Worker-203: Building] WARN  o.e.m.c.i.embedder.EclipseLogger - The POM for commons-dbcp:common-dbcp:jar:1.4 is missing, no dependency information available
2025-09-23 17:06:22,388 [Worker-203: Building] WARN  o.e.m.c.i.embedder.EclipseLogger - Using platform encoding (MS949 actually) to copy filtered resources, i.e. build is platform dependent!
2025-09-23 17:06:22,388 [Worker-203: Building] INFO  o.e.m.c.i.embedder.EclipseLogger - Copying 0 resource
2025-09-23 17:06:22,389 [Worker-203: Building] WARN  o.e.m.c.i.embedder.EclipseLogger - Using platform encoding (MS949 actually) to copy filtered resources, i.e. build is platform dependent!
2025-09-23 17:06:22,389 [Worker-203: Building] INFO  o.e.m.c.i.embedder.EclipseLogger - Copying 0 resource
2025-09-23 17:06:22,389 [Worker-203: Building] INFO  o.e.m.w.i.f.ResourceFilteringBuildParticipant - Changed resources require a complete clean of filtered resources of spring_mvc_jdbc
2025-09-23 17:06:22,389 [Worker-203: Building] INFO  o.e.m.w.i.f.ResourceFilteringBuildParticipant - Executing resource filtering for spring_mvc_jdbc
2025-09-23 17:06:22,392 [Worker-203: Building] WARN  o.e.m.c.i.embedder.EclipseLogger - Using platform encoding (MS949 actually) to copy filtered resources, i.e. build is platform dependent!
2025-09-23 17:06:23,396 [Worker-207: Download sources and javadoc] WARN  o.e.m.c.i.embedder.EclipseLogger - The POM for commons-dbcp:common-dbcp:jar:1.4 is missing, no dependency information available
2025-09-23 17:06:23,686 [Worker-207: Download sources and javadoc] INFO  o.e.m.c.i.e.AbstractTransferListenerAdapter - Downloaded https://repo.maven.apache.org/maven2/commons-dbcp/common-dbcp/1.4/common-dbcp-1.4-sources.jar
2025-09-23 17:06:23,691 [Worker-207: Download sources and javadoc] ERROR o.e.m.j.internal.DownloadSourcesJob - Could not download sources for commons-dbcp:common-dbcp:1.4
org.eclipse.core.runtime.CoreException: Could not resolve artifact commons-dbcp:common-dbcp:jar:sources:1.4
	at org.eclipse.m2e.core.internal.embedder.MavenImpl.lambda$4(MavenImpl.java:804)
	at org.eclipse.m2e.core.internal.embedder.MavenExecutionContext.executeBare(MavenExecutionContext.java:179)
	at org.eclipse.m2e.core.internal.embedder.MavenExecutionContext.execute(MavenExecutionContext.java:114)
	at org.eclipse.m2e.core.internal.embedder.MavenExecutionContext.execute(MavenExecutionContext.java:101)
	at org.eclipse.m2e.core.internal.embedder.MavenImpl.resolve(MavenImpl.java:772)
	at org.eclipse.m2e.core.internal.embedder.MavenImpl.resolve(MavenImpl.java:749)
	at org.eclipse.m2e.jdt.internal.DownloadSourcesJob.download(DownloadSourcesJob.java:330)
	at org.eclipse.m2e.jdt.internal.DownloadSourcesJob.downloadAttachments(DownloadSourcesJob.java:304)
	at org.eclipse.m2e.jdt.internal.DownloadSourcesJob.downloadMaven(DownloadSourcesJob.java:269)
	at org.eclipse.m2e.jdt.internal.DownloadSourcesJob.downloadFilesAndPopulateToUpdate(DownloadSourcesJob.java:233)
	at org.eclipse.m2e.jdt.internal.DownloadSourcesJob.lambda$0(DownloadSourcesJob.java:161)
	at org.eclipse.m2e.core.internal.embedder.MavenExecutionContext.executeBare(MavenExecutionContext.java:179)
	at org.eclipse.m2e.core.internal.embedder.MavenExecutionContext.execute(MavenExecutionContext.java:153)
	at org.eclipse.m2e.core.internal.embedder.MavenExecutionContext.execute(MavenExecutionContext.java:101)
	at org.eclipse.m2e.core.internal.embedder.MavenImpl.execute(MavenImpl.java:1374)
	at org.eclipse.m2e.jdt.internal.DownloadSourcesJob.run(DownloadSourcesJob.java:161)
	at org.eclipse.core.internal.jobs.Worker.run(Worker.java:63)
2025-09-23 17:06:28,771 [Worker-206: Building] INFO  o.e.m.c.i.l.LifecycleMappingFactory - Using org.maven.ide.eclipse.wtp.WarLifecycleMapping lifecycle mapping for MavenProject: com.spring:mvcProject:1.0.0-BUILD-SNAPSHOT @ D:\Spring\springWorkspace\spring_mvc_jdbc\pom.xml.
2025-09-23 17:06:28,948 [Worker-206: Building] WARN  o.e.m.c.i.embedder.EclipseLogger - Using platform encoding (MS949 actually) to copy filtered resources, i.e. build is platform dependent!
2025-09-23 17:06:28,948 [Worker-206: Building] INFO  o.e.m.c.i.embedder.EclipseLogger - Copying 0 resource
2025-09-23 17:06:28,950 [Worker-206: Building] WARN  o.e.m.c.i.embedder.EclipseLogger - Using platform encoding (MS949 actually) to copy filtered resources, i.e. build is platform dependent!
2025-09-23 17:06:28,950 [Worker-206: Building] INFO  o.e.m.c.i.embedder.EclipseLogger - Copying 0 resource
2025-09-23 17:06:28,950 [Worker-206: Building] INFO  o.e.m.w.i.f.ResourceFilteringBuildParticipant - Changed resources require a complete clean of filtered resources of spring_mvc_jdbc
2025-09-23 17:06:28,950 [Worker-206: Building] INFO  o.e.m.w.i.f.ResourceFilteringBuildParticipant - Executing resource filtering for spring_mvc_jdbc
2025-09-23 17:06:28,953 [Worker-206: Building] WARN  o.e.m.c.i.embedder.EclipseLogger - Using platform encoding (MS949 actually) to copy filtered resources, i.e. build is platform dependent!
2025-09-23 17:06:30,263 [Worker-198: Building] WARN  o.e.m.c.i.embedder.EclipseLogger - Using platform encoding (MS949 actually) to copy filtered resources, i.e. build is platform dependent!
2025-09-23 17:06:30,264 [Worker-198: Building] INFO  o.e.m.c.i.embedder.EclipseLogger - Copying 1 resource
2025-09-23 17:06:30,266 [Worker-198: Building] WARN  o.e.m.c.i.embedder.EclipseLogger - Using platform encoding (MS949 actually) to copy filtered resources, i.e. build is platform dependent!
2025-09-23 17:06:30,267 [Worker-198: Building] INFO  o.e.m.c.i.embedder.EclipseLogger - Copying 1 resource
2025-09-23 17:06:43,389 [Worker-206: Updating Maven Project] INFO  o.e.m.c.i.p.ProjectConfigurationManager - Update started
2025-09-23 17:06:43,508 [Worker-206: Updating Maven Project] INFO  o.e.m.c.i.l.LifecycleMappingFactory - Using org.maven.ide.eclipse.wtp.WarLifecycleMapping lifecycle mapping for MavenProject: com.spring:mvcProject:1.0.0-BUILD-SNAPSHOT @ D:\Spring\springWorkspace\spring_mvc_jdbc\pom.xml.
2025-09-23 17:06:43,638 [Worker-206: Updating Maven Project] INFO  o.e.m.j.i.AbstractJavaProjectConfigurator - Adding source folder /spring_mvc_jdbc/src/main/java
2025-09-23 17:06:43,638 [Worker-206: Updating Maven Project] INFO  o.e.m.j.i.AbstractJavaProjectConfigurator - Adding resource folder /spring_mvc_jdbc/src/main/resources
2025-09-23 17:06:43,638 [Worker-206: Updating Maven Project] INFO  o.e.m.j.i.AbstractJavaProjectConfigurator - Adding source folder /spring_mvc_jdbc/src/test/java
2025-09-23 17:06:43,640 [Worker-206: Updating Maven Project] INFO  o.e.m.j.i.AbstractJavaProjectConfigurator - Adding resource folder /spring_mvc_jdbc/src/test/resources
2025-09-23 17:06:43,774 [Worker-206: Updating Maven Project] INFO  o.e.m.w.i.f.ResourceFilteringBuildParticipant - Cleaning filtered folder for spring_mvc_jdbc
2025-09-23 17:06:43,777 [Worker-206: Updating Maven Project] INFO  o.e.m.c.i.p.ProjectConfigurationManager - Update completed: 0 sec
2025-09-23 17:06:44,447 [Worker-203: Building] WARN  o.e.m.c.i.embedder.EclipseLogger - Using platform encoding (MS949 actually) to copy filtered resources, i.e. build is platform dependent!
2025-09-23 17:06:44,448 [Worker-203: Building] INFO  o.e.m.c.i.embedder.EclipseLogger - Copying 1 resource
2025-09-23 17:06:44,451 [Worker-203: Building] WARN  o.e.m.c.i.embedder.EclipseLogger - Using platform encoding (MS949 actually) to copy filtered resources, i.e. build is platform dependent!
2025-09-23 17:06:44,451 [Worker-203: Building] INFO  o.e.m.c.i.embedder.EclipseLogger - Copying 1 resource
2025-09-23 17:06:44,453 [Worker-203: Building] INFO  o.e.m.w.i.f.ResourceFilteringBuildParticipant - Changed resources require a complete clean of filtered resources of spring_mvc_jdbc
2025-09-23 17:06:44,453 [Worker-203: Building] INFO  o.e.m.w.i.f.ResourceFilteringBuildParticipant - Executing resource filtering for spring_mvc_jdbc
2025-09-23 17:06:44,456 [Worker-203: Building] WARN  o.e.m.c.i.embedder.EclipseLogger - Using platform encoding (MS949 actually) to copy filtered resources, i.e. build is platform dependent!
2025-09-23 17:08:55,984 [Worker-205: Building] WARN  o.e.m.c.i.embedder.EclipseLogger - Using platform encoding (MS949 actually) to copy filtered resources, i.e. build is platform dependent!
2025-09-23 17:08:55,985 [Worker-205: Building] INFO  o.e.m.c.i.embedder.EclipseLogger - Copying 0 resource
2025-09-23 17:08:55,985 [Worker-205: Building] WARN  o.e.m.c.i.embedder.EclipseLogger - Using platform encoding (MS949 actually) to copy filtered resources, i.e. build is platform dependent!
2025-09-23 17:08:55,985 [Worker-205: Building] INFO  o.e.m.c.i.embedder.EclipseLogger - Copying 0 resource
2025-09-23 17:15:52,350 [Worker-209: Building] WARN  o.e.m.c.i.embedder.EclipseLogger - Using platform encoding (MS949 actually) to copy filtered resources, i.e. build is platform dependent!
2025-09-23 17:15:52,353 [Worker-209: Building] INFO  o.e.m.c.i.embedder.EclipseLogger - Copying 0 resource
2025-09-23 17:15:52,353 [Worker-209: Building] WARN  o.e.m.c.i.embedder.EclipseLogger - Using platform encoding (MS949 actually) to copy filtered resources, i.e. build is platform dependent!
2025-09-23 17:15:52,354 [Worker-209: Building] INFO  o.e.m.c.i.embedder.EclipseLogger - Copying 0 resource
2025-09-23 17:16:23,335 [Worker-209: Building] WARN  o.e.m.c.i.embedder.EclipseLogger - Using platform encoding (MS949 actually) to copy filtered resources, i.e. build is platform dependent!
2025-09-23 17:16:23,336 [Worker-209: Building] INFO  o.e.m.c.i.embedder.EclipseLogger - Copying 1 resource
2025-09-23 17:16:23,339 [Worker-209: Building] WARN  o.e.m.c.i.embedder.EclipseLogger - Using platform encoding (MS949 actually) to copy filtered resources, i.e. build is platform dependent!
2025-09-23 17:16:23,340 [Worker-209: Building] INFO  o.e.m.c.i.embedder.EclipseLogger - Copying 0 resource
2025-09-23 17:20:03,872 [Worker-208: Building] WARN  o.e.m.c.i.embedder.EclipseLogger - Using platform encoding (MS949 actually) to copy filtered resources, i.e. build is platform dependent!
2025-09-23 17:20:03,872 [Worker-208: Building] INFO  o.e.m.c.i.embedder.EclipseLogger - Copying 1 resource
2025-09-23 17:20:03,874 [Worker-208: Building] WARN  o.e.m.c.i.embedder.EclipseLogger - Using platform encoding (MS949 actually) to copy filtered resources, i.e. build is platform dependent!
2025-09-23 17:20:03,874 [Worker-208: Building] INFO  o.e.m.c.i.embedder.EclipseLogger - Copying 0 resource
2025-09-23 17:20:45,723 [Worker-213: Building] WARN  o.e.m.c.i.embedder.EclipseLogger - Using platform encoding (MS949 actually) to copy filtered resources, i.e. build is platform dependent!
2025-09-23 17:20:45,724 [Worker-213: Building] INFO  o.e.m.c.i.embedder.EclipseLogger - Copying 0 resource
2025-09-23 17:20:45,724 [Worker-213: Building] WARN  o.e.m.c.i.embedder.EclipseLogger - Using platform encoding (MS949 actually) to copy filtered resources, i.e. build is platform dependent!
2025-09-23 17:20:45,725 [Worker-213: Building] INFO  o.e.m.c.i.embedder.EclipseLogger - Copying 0 resource
2025-09-23 17:22:10,044 [Worker-216: Building] WARN  o.e.m.c.i.embedder.EclipseLogger - Using platform encoding (MS949 actually) to copy filtered resources, i.e. build is platform dependent!
2025-09-23 17:22:10,045 [Worker-216: Building] INFO  o.e.m.c.i.embedder.EclipseLogger - Copying 1 resource
2025-09-23 17:22:10,055 [Worker-216: Building] WARN  o.e.m.c.i.embedder.EclipseLogger - Using platform encoding (MS949 actually) to copy filtered resources, i.e. build is platform dependent!
2025-09-23 17:22:10,056 [Worker-216: Building] INFO  o.e.m.c.i.embedder.EclipseLogger - Copying 0 resource
2025-09-23 17:35:52,421 [Worker-213: Building] WARN  o.e.m.c.i.embedder.EclipseLogger - Using platform encoding (MS949 actually) to copy filtered resources, i.e. build is platform dependent!
2025-09-23 17:35:52,422 [Worker-213: Building] INFO  o.e.m.c.i.embedder.EclipseLogger - Copying 1 resource
2025-09-23 17:35:52,424 [Worker-213: Building] WARN  o.e.m.c.i.embedder.EclipseLogger - Using platform encoding (MS949 actually) to copy filtered resources, i.e. build is platform dependent!
2025-09-23 17:35:52,425 [Worker-213: Building] INFO  o.e.m.c.i.embedder.EclipseLogger - Copying 0 resource
2025-09-23 17:41:39,190 [Worker-220: Building] WARN  o.e.m.c.i.embedder.EclipseLogger - Using platform encoding (MS949 actually) to copy filtered resources, i.e. build is platform dependent!
2025-09-23 17:41:39,191 [Worker-220: Building] INFO  o.e.m.c.i.embedder.EclipseLogger - Copying 0 resource
2025-09-23 17:41:39,191 [Worker-220: Building] WARN  o.e.m.c.i.embedder.EclipseLogger - Using platform encoding (MS949 actually) to copy filtered resources, i.e. build is platform dependent!
2025-09-23 17:41:39,193 [Worker-220: Building] INFO  o.e.m.c.i.embedder.EclipseLogger - Copying 0 resource
2025-09-24 09:13:19,417 [Worker-7: Loading available Gradle versions] INFO  o.e.b.c.i.u.g.PublishedGradleVersions - Gradle version information cache is up-to-date. Trying to read.
2025-09-24 09:13:56,192 [Worker-6: Building] WARN  o.e.m.c.i.embedder.EclipseLogger - Using platform encoding (MS949 actually) to copy filtered resources, i.e. build is platform dependent!
2025-09-24 09:13:56,196 [Worker-6: Building] INFO  o.e.m.c.i.embedder.EclipseLogger - Copying 1 resource
2025-09-24 09:13:56,201 [Worker-6: Building] WARN  o.e.m.c.i.embedder.EclipseLogger - Using platform encoding (MS949 actually) to copy filtered resources, i.e. build is platform dependent!
2025-09-24 09:13:56,202 [Worker-6: Building] INFO  o.e.m.c.i.embedder.EclipseLogger - Copying 1 resource
2025-09-24 09:13:58,695 [Worker-4: Building] WARN  o.e.m.c.i.embedder.EclipseLogger - Using platform encoding (MS949 actually) to copy filtered resources, i.e. build is platform dependent!
2025-09-24 09:13:58,696 [Worker-4: Building] INFO  o.e.m.c.i.embedder.EclipseLogger - Copying 1 resource
2025-09-24 09:13:58,699 [Worker-4: Building] WARN  o.e.m.c.i.embedder.EclipseLogger - Using platform encoding (MS949 actually) to copy filtered resources, i.e. build is platform dependent!
2025-09-24 09:13:58,699 [Worker-4: Building] INFO  o.e.m.c.i.embedder.EclipseLogger - Copying 1 resource
2025-09-24 09:13:58,880 [Worker-4: Building] WARN  o.e.m.c.i.embedder.EclipseLogger - Using platform encoding (MS949 actually) to copy filtered resources, i.e. build is platform dependent!
2025-09-24 09:13:58,881 [Worker-4: Building] INFO  o.e.m.c.i.embedder.EclipseLogger - Copying 3 resources
2025-09-24 09:13:58,882 [Worker-4: Building] WARN  o.e.m.c.i.embedder.EclipseLogger - Using platform encoding (MS949 actually) to copy filtered resources, i.e. build is platform dependent!
2025-09-24 09:13:58,882 [Worker-4: Building] INFO  o.e.m.c.i.embedder.EclipseLogger - Copying 1 resource
2025-09-24 09:49:01,344 [Worker-27: Building] WARN  o.e.m.c.i.embedder.EclipseLogger - Using platform encoding (MS949 actually) to copy filtered resources, i.e. build is platform dependent!
2025-09-24 09:49:01,348 [Worker-27: Building] INFO  o.e.m.c.i.embedder.EclipseLogger - Copying 0 resource
2025-09-24 09:49:01,349 [Worker-27: Building] WARN  o.e.m.c.i.embedder.EclipseLogger - Using platform encoding (MS949 actually) to copy filtered resources, i.e. build is platform dependent!
2025-09-24 09:49:01,349 [Worker-27: Building] INFO  o.e.m.c.i.embedder.EclipseLogger - Copying 0 resource
2025-09-24 09:49:08,894 [Worker-30: Building] WARN  o.e.m.c.i.embedder.EclipseLogger - Using platform encoding (MS949 actually) to copy filtered resources, i.e. build is platform dependent!
2025-09-24 09:49:08,899 [Worker-30: Building] INFO  o.e.m.c.i.embedder.EclipseLogger - Copying 3 resources
2025-09-24 09:49:08,902 [Worker-30: Building] WARN  o.e.m.c.i.embedder.EclipseLogger - Using platform encoding (MS949 actually) to copy filtered resources, i.e. build is platform dependent!
2025-09-24 09:49:08,902 [Worker-30: Building] INFO  o.e.m.c.i.embedder.EclipseLogger - Copying 0 resource
2025-09-24 09:49:22,816 [Worker-31: Building] WARN  o.e.m.c.i.embedder.EclipseLogger - Using platform encoding (MS949 actually) to copy filtered resources, i.e. build is platform dependent!
2025-09-24 09:49:22,817 [Worker-31: Building] INFO  o.e.m.c.i.embedder.EclipseLogger - Copying 3 resources
2025-09-24 09:49:22,819 [Worker-31: Building] WARN  o.e.m.c.i.embedder.EclipseLogger - Using platform encoding (MS949 actually) to copy filtered resources, i.e. build is platform dependent!
2025-09-24 09:49:22,820 [Worker-31: Building] INFO  o.e.m.c.i.embedder.EclipseLogger - Copying 0 resource
2025-09-24 09:49:34,183 [Worker-31: Building] WARN  o.e.m.c.i.embedder.EclipseLogger - Using platform encoding (MS949 actually) to copy filtered resources, i.e. build is platform dependent!
2025-09-24 09:49:34,184 [Worker-31: Building] INFO  o.e.m.c.i.embedder.EclipseLogger - Copying 3 resources
2025-09-24 09:49:34,186 [Worker-31: Building] WARN  o.e.m.c.i.embedder.EclipseLogger - Using platform encoding (MS949 actually) to copy filtered resources, i.e. build is platform dependent!
2025-09-24 09:49:34,186 [Worker-31: Building] INFO  o.e.m.c.i.embedder.EclipseLogger - Copying 0 resource
2025-09-24 09:49:43,040 [Worker-28: Building] WARN  o.e.m.c.i.embedder.EclipseLogger - Using platform encoding (MS949 actually) to copy filtered resources, i.e. build is platform dependent!
2025-09-24 09:49:43,042 [Worker-28: Building] INFO  o.e.m.c.i.embedder.EclipseLogger - Copying 3 resources
2025-09-24 09:49:43,043 [Worker-28: Building] WARN  o.e.m.c.i.embedder.EclipseLogger - Using platform encoding (MS949 actually) to copy filtered resources, i.e. build is platform dependent!
2025-09-24 09:49:43,044 [Worker-28: Building] INFO  o.e.m.c.i.embedder.EclipseLogger - Copying 0 resource
2025-09-24 10:02:50,575 [Worker-30: Building] WARN  o.e.m.c.i.embedder.EclipseLogger - Using platform encoding (MS949 actually) to copy filtered resources, i.e. build is platform dependent!
2025-09-24 10:02:50,577 [Worker-30: Building] INFO  o.e.m.c.i.embedder.EclipseLogger - Copying 3 resources
2025-09-24 10:02:50,578 [Worker-30: Building] WARN  o.e.m.c.i.embedder.EclipseLogger - Using platform encoding (MS949 actually) to copy filtered resources, i.e. build is platform dependent!
2025-09-24 10:02:50,578 [Worker-30: Building] INFO  o.e.m.c.i.embedder.EclipseLogger - Copying 0 resource
2025-09-24 10:03:11,497 [Worker-30: Building] WARN  o.e.m.c.i.embedder.EclipseLogger - Using platform encoding (MS949 actually) to copy filtered resources, i.e. build is platform dependent!
2025-09-24 10:03:11,498 [Worker-30: Building] INFO  o.e.m.c.i.embedder.EclipseLogger - Copying 3 resources
2025-09-24 10:03:11,499 [Worker-30: Building] WARN  o.e.m.c.i.embedder.EclipseLogger - Using platform encoding (MS949 actually) to copy filtered resources, i.e. build is platform dependent!
2025-09-24 10:03:11,499 [Worker-30: Building] INFO  o.e.m.c.i.embedder.EclipseLogger - Copying 0 resource
2025-09-24 10:03:16,293 [Worker-32: Building] WARN  o.e.m.c.i.embedder.EclipseLogger - Using platform encoding (MS949 actually) to copy filtered resources, i.e. build is platform dependent!
2025-09-24 10:03:16,297 [Worker-32: Building] INFO  o.e.m.c.i.embedder.EclipseLogger - Copying 3 resources
2025-09-24 10:03:16,302 [Worker-32: Building] WARN  o.e.m.c.i.embedder.EclipseLogger - Using platform encoding (MS949 actually) to copy filtered resources, i.e. build is platform dependent!
2025-09-24 10:03:16,302 [Worker-32: Building] INFO  o.e.m.c.i.embedder.EclipseLogger - Copying 0 resource
2025-09-24 10:04:18,076 [Worker-35: Building] WARN  o.e.m.c.i.embedder.EclipseLogger - Using platform encoding (MS949 actually) to copy filtered resources, i.e. build is platform dependent!
2025-09-24 10:04:18,077 [Worker-35: Building] INFO  o.e.m.c.i.embedder.EclipseLogger - Copying 3 resources
2025-09-24 10:04:18,078 [Worker-35: Building] WARN  o.e.m.c.i.embedder.EclipseLogger - Using platform encoding (MS949 actually) to copy filtered resources, i.e. build is platform dependent!
2025-09-24 10:04:18,079 [Worker-35: Building] INFO  o.e.m.c.i.embedder.EclipseLogger - Copying 0 resource
2025-09-24 10:05:10,175 [Worker-33: Building] WARN  o.e.m.c.i.embedder.EclipseLogger - Using platform encoding (MS949 actually) to copy filtered resources, i.e. build is platform dependent!
2025-09-24 10:05:10,177 [Worker-33: Building] INFO  o.e.m.c.i.embedder.EclipseLogger - Copying 3 resources
2025-09-24 10:05:10,178 [Worker-33: Building] WARN  o.e.m.c.i.embedder.EclipseLogger - Using platform encoding (MS949 actually) to copy filtered resources, i.e. build is platform dependent!
2025-09-24 10:05:10,178 [Worker-33: Building] INFO  o.e.m.c.i.embedder.EclipseLogger - Copying 0 resource
2025-09-24 10:05:23,921 [Worker-29: Building] WARN  o.e.m.c.i.embedder.EclipseLogger - Using platform encoding (MS949 actually) to copy filtered resources, i.e. build is platform dependent!
2025-09-24 10:05:23,922 [Worker-29: Building] INFO  o.e.m.c.i.embedder.EclipseLogger - Copying 3 resources
2025-09-24 10:05:23,923 [Worker-29: Building] WARN  o.e.m.c.i.embedder.EclipseLogger - Using platform encoding (MS949 actually) to copy filtered resources, i.e. build is platform dependent!
2025-09-24 10:05:23,924 [Worker-29: Building] INFO  o.e.m.c.i.embedder.EclipseLogger - Copying 0 resource
2025-09-24 10:06:28,867 [Worker-34: Building] WARN  o.e.m.c.i.embedder.EclipseLogger - Using platform encoding (MS949 actually) to copy filtered resources, i.e. build is platform dependent!
2025-09-24 10:06:28,868 [Worker-34: Building] INFO  o.e.m.c.i.embedder.EclipseLogger - Copying 3 resources
2025-09-24 10:06:28,869 [Worker-34: Building] WARN  o.e.m.c.i.embedder.EclipseLogger - Using platform encoding (MS949 actually) to copy filtered resources, i.e. build is platform dependent!
2025-09-24 10:06:28,870 [Worker-34: Building] INFO  o.e.m.c.i.embedder.EclipseLogger - Copying 0 resource
2025-09-24 10:07:13,301 [Worker-35: Building] WARN  o.e.m.c.i.embedder.EclipseLogger - Using platform encoding (MS949 actually) to copy filtered resources, i.e. build is platform dependent!
2025-09-24 10:07:13,302 [Worker-35: Building] INFO  o.e.m.c.i.embedder.EclipseLogger - Copying 3 resources
2025-09-24 10:07:13,304 [Worker-35: Building] WARN  o.e.m.c.i.embedder.EclipseLogger - Using platform encoding (MS949 actually) to copy filtered resources, i.e. build is platform dependent!
2025-09-24 10:07:13,304 [Worker-35: Building] INFO  o.e.m.c.i.embedder.EclipseLogger - Copying 0 resource
2025-09-24 10:12:20,060 [Worker-34: Building] WARN  o.e.m.c.i.embedder.EclipseLogger - Using platform encoding (MS949 actually) to copy filtered resources, i.e. build is platform dependent!
2025-09-24 10:12:20,062 [Worker-34: Building] INFO  o.e.m.c.i.embedder.EclipseLogger - Copying 3 resources
2025-09-24 10:12:20,063 [Worker-34: Building] WARN  o.e.m.c.i.embedder.EclipseLogger - Using platform encoding (MS949 actually) to copy filtered resources, i.e. build is platform dependent!
2025-09-24 10:12:20,064 [Worker-34: Building] INFO  o.e.m.c.i.embedder.EclipseLogger - Copying 0 resource
2025-09-24 10:12:38,704 [Worker-35: Building] WARN  o.e.m.c.i.embedder.EclipseLogger - Using platform encoding (MS949 actually) to copy filtered resources, i.e. build is platform dependent!
2025-09-24 10:12:38,706 [Worker-35: Building] INFO  o.e.m.c.i.embedder.EclipseLogger - Copying 3 resources
2025-09-24 10:12:38,707 [Worker-35: Building] WARN  o.e.m.c.i.embedder.EclipseLogger - Using platform encoding (MS949 actually) to copy filtered resources, i.e. build is platform dependent!
2025-09-24 10:12:38,708 [Worker-35: Building] INFO  o.e.m.c.i.embedder.EclipseLogger - Copying 0 resource
2025-09-24 10:14:26,849 [Worker-38: Building] WARN  o.e.m.c.i.embedder.EclipseLogger - Using platform encoding (MS949 actually) to copy filtered resources, i.e. build is platform dependent!
2025-09-24 10:14:26,850 [Worker-38: Building] INFO  o.e.m.c.i.embedder.EclipseLogger - Copying 3 resources
2025-09-24 10:14:26,851 [Worker-38: Building] WARN  o.e.m.c.i.embedder.EclipseLogger - Using platform encoding (MS949 actually) to copy filtered resources, i.e. build is platform dependent!
2025-09-24 10:14:26,852 [Worker-38: Building] INFO  o.e.m.c.i.embedder.EclipseLogger - Copying 0 resource
2025-09-24 10:14:30,294 [Worker-37: Building] WARN  o.e.m.c.i.embedder.EclipseLogger - Using platform encoding (MS949 actually) to copy filtered resources, i.e. build is platform dependent!
2025-09-24 10:14:30,294 [Worker-37: Building] INFO  o.e.m.c.i.embedder.EclipseLogger - Copying 3 resources
2025-09-24 10:14:30,295 [Worker-37: Building] WARN  o.e.m.c.i.embedder.EclipseLogger - Using platform encoding (MS949 actually) to copy filtered resources, i.e. build is platform dependent!
2025-09-24 10:14:30,296 [Worker-37: Building] INFO  o.e.m.c.i.embedder.EclipseLogger - Copying 0 resource
2025-09-24 10:18:32,964 [Worker-41: Building] WARN  o.e.m.c.i.embedder.EclipseLogger - Using platform encoding (MS949 actually) to copy filtered resources, i.e. build is platform dependent!
2025-09-24 10:18:32,968 [Worker-41: Building] INFO  o.e.m.c.i.embedder.EclipseLogger - Copying 3 resources
2025-09-24 10:18:32,970 [Worker-41: Building] WARN  o.e.m.c.i.embedder.EclipseLogger - Using platform encoding (MS949 actually) to copy filtered resources, i.e. build is platform dependent!
2025-09-24 10:18:32,970 [Worker-41: Building] INFO  o.e.m.c.i.embedder.EclipseLogger - Copying 0 resource
2025-09-24 10:18:53,844 [Worker-44: Building] WARN  o.e.m.c.i.embedder.EclipseLogger - Using platform encoding (MS949 actually) to copy filtered resources, i.e. build is platform dependent!
2025-09-24 10:18:53,845 [Worker-44: Building] INFO  o.e.m.c.i.embedder.EclipseLogger - Copying 0 resource
2025-09-24 10:18:53,845 [Worker-44: Building] WARN  o.e.m.c.i.embedder.EclipseLogger - Using platform encoding (MS949 actually) to copy filtered resources, i.e. build is platform dependent!
2025-09-24 10:18:53,846 [Worker-44: Building] INFO  o.e.m.c.i.embedder.EclipseLogger - Copying 0 resource
2025-09-24 10:29:55,856 [Worker-47: Building] WARN  o.e.m.c.i.embedder.EclipseLogger - Using platform encoding (MS949 actually) to copy filtered resources, i.e. build is platform dependent!
2025-09-24 10:29:55,858 [Worker-47: Building] INFO  o.e.m.c.i.embedder.EclipseLogger - Copying 3 resources
2025-09-24 10:29:55,859 [Worker-47: Building] WARN  o.e.m.c.i.embedder.EclipseLogger - Using platform encoding (MS949 actually) to copy filtered resources, i.e. build is platform dependent!
2025-09-24 10:29:55,860 [Worker-47: Building] INFO  o.e.m.c.i.embedder.EclipseLogger - Copying 0 resource
2025-09-24 10:31:51,314 [Worker-50: Building] WARN  o.e.m.c.i.embedder.EclipseLogger - Using platform encoding (MS949 actually) to copy filtered resources, i.e. build is platform dependent!
2025-09-24 10:31:51,315 [Worker-50: Building] INFO  o.e.m.c.i.embedder.EclipseLogger - Copying 0 resource
2025-09-24 10:31:51,333 [Worker-50: Building] WARN  o.e.m.c.i.embedder.EclipseLogger - Using platform encoding (MS949 actually) to copy filtered resources, i.e. build is platform dependent!
2025-09-24 10:31:51,333 [Worker-50: Building] INFO  o.e.m.c.i.embedder.EclipseLogger - Copying 0 resource
2025-09-24 10:32:00,791 [Worker-54: Building] WARN  o.e.m.c.i.embedder.EclipseLogger - Using platform encoding (MS949 actually) to copy filtered resources, i.e. build is platform dependent!
2025-09-24 10:32:00,792 [Worker-54: Building] INFO  o.e.m.c.i.embedder.EclipseLogger - Copying 3 resources
2025-09-24 10:32:00,793 [Worker-54: Building] WARN  o.e.m.c.i.embedder.EclipseLogger - Using platform encoding (MS949 actually) to copy filtered resources, i.e. build is platform dependent!
2025-09-24 10:32:00,793 [Worker-54: Building] INFO  o.e.m.c.i.embedder.EclipseLogger - Copying 0 resource
2025-09-24 10:35:20,306 [Worker-56: Building] WARN  o.e.m.c.i.embedder.EclipseLogger - Using platform encoding (MS949 actually) to copy filtered resources, i.e. build is platform dependent!
2025-09-24 10:35:20,309 [Worker-56: Building] INFO  o.e.m.c.i.embedder.EclipseLogger - Copying 3 resources
2025-09-24 10:35:20,311 [Worker-56: Building] WARN  o.e.m.c.i.embedder.EclipseLogger - Using platform encoding (MS949 actually) to copy filtered resources, i.e. build is platform dependent!
2025-09-24 10:35:20,311 [Worker-56: Building] INFO  o.e.m.c.i.embedder.EclipseLogger - Copying 0 resource
2025-09-24 10:37:52,841 [Worker-58: Building workspace] INFO  o.e.m.c.i.l.LifecycleMappingFactory - Using org.maven.ide.eclipse.wtp.WarLifecycleMapping lifecycle mapping for MavenProject: com.spring:mvcProject2:1.0.0-BUILD-SNAPSHOT @ D:\Spring\springWorkspace\mvcJdbc2\pom.xml.
2025-09-24 10:37:53,621 [Worker-58: Building workspace] WARN  o.e.m.c.i.embedder.EclipseLogger - Using platform encoding (MS949 actually) to copy filtered resources, i.e. build is platform dependent!
2025-09-24 10:37:53,622 [Worker-58: Building workspace] INFO  o.e.m.c.i.embedder.EclipseLogger - Copying 1 resource
2025-09-24 10:37:53,626 [Worker-58: Building workspace] WARN  o.e.m.c.i.embedder.EclipseLogger - Using platform encoding (MS949 actually) to copy filtered resources, i.e. build is platform dependent!
2025-09-24 10:37:53,627 [Worker-58: Building workspace] INFO  o.e.m.c.i.embedder.EclipseLogger - Copying 1 resource
2025-09-24 10:37:54,040 [Worker-55: Building] WARN  o.e.m.c.i.embedder.EclipseLogger - Using platform encoding (MS949 actually) to copy filtered resources, i.e. build is platform dependent!
2025-09-24 10:37:54,041 [Worker-55: Building] INFO  o.e.m.c.i.embedder.EclipseLogger - Copying 1 resource
2025-09-24 10:37:54,044 [Worker-55: Building] WARN  o.e.m.c.i.embedder.EclipseLogger - Using platform encoding (MS949 actually) to copy filtered resources, i.e. build is platform dependent!
2025-09-24 10:37:54,045 [Worker-55: Building] INFO  o.e.m.c.i.embedder.EclipseLogger - Copying 1 resource
2025-09-24 10:44:36,624 [Worker-65: Building] INFO  o.e.m.c.i.l.LifecycleMappingFactory - Using org.maven.ide.eclipse.wtp.WarLifecycleMapping lifecycle mapping for MavenProject: com.spring:mvcProject2:1.0.0-BUILD-SNAPSHOT @ D:\Spring\springWorkspace\mvcJdbc2\pom.xml.
2025-09-24 10:44:36,742 [Worker-65: Building] WARN  o.e.m.c.i.embedder.EclipseLogger - Using platform encoding (MS949 actually) to copy filtered resources, i.e. build is platform dependent!
2025-09-24 10:44:36,743 [Worker-65: Building] INFO  o.e.m.c.i.embedder.EclipseLogger - Copying 0 resource
2025-09-24 10:44:36,743 [Worker-65: Building] WARN  o.e.m.c.i.embedder.EclipseLogger - Using platform encoding (MS949 actually) to copy filtered resources, i.e. build is platform dependent!
2025-09-24 10:44:36,745 [Worker-65: Building] INFO  o.e.m.c.i.embedder.EclipseLogger - Copying 0 resource
2025-09-24 10:44:36,747 [Worker-65: Building] INFO  o.e.m.w.i.f.ResourceFilteringBuildParticipant - Changed resources require a complete clean of filtered resources of mvcJdbc2
2025-09-24 10:44:36,747 [Worker-65: Building] INFO  o.e.m.w.i.f.ResourceFilteringBuildParticipant - Executing resource filtering for mvcJdbc2
2025-09-24 10:44:36,752 [Worker-65: Building] WARN  o.e.m.c.i.embedder.EclipseLogger - Using platform encoding (MS949 actually) to copy filtered resources, i.e. build is platform dependent!
2025-09-24 10:44:38,198 [Worker-64: Building] WARN  o.e.m.c.i.embedder.EclipseLogger - Using platform encoding (MS949 actually) to copy filtered resources, i.e. build is platform dependent!
2025-09-24 10:44:38,199 [Worker-64: Building] INFO  o.e.m.c.i.embedder.EclipseLogger - Copying 1 resource
2025-09-24 10:44:38,201 [Worker-64: Building] WARN  o.e.m.c.i.embedder.EclipseLogger - Using platform encoding (MS949 actually) to copy filtered resources, i.e. build is platform dependent!
2025-09-24 10:44:38,201 [Worker-64: Building] INFO  o.e.m.c.i.embedder.EclipseLogger - Copying 1 resource
2025-09-24 10:44:51,050 [Worker-67: Updating Maven Project] INFO  o.e.m.c.i.p.ProjectConfigurationManager - Update started
2025-09-24 10:44:51,170 [Worker-67: Updating Maven Project] INFO  o.e.m.c.i.l.LifecycleMappingFactory - Using org.maven.ide.eclipse.wtp.WarLifecycleMapping lifecycle mapping for MavenProject: com.spring:mvcProject2:1.0.0-BUILD-SNAPSHOT @ D:\Spring\springWorkspace\mvcJdbc2\pom.xml.
2025-09-24 10:44:51,253 [Worker-67: Updating Maven Project] INFO  o.e.m.j.i.AbstractJavaProjectConfigurator - Adding source folder /mvcJdbc2/src/main/java
2025-09-24 10:44:51,253 [Worker-67: Updating Maven Project] INFO  o.e.m.j.i.AbstractJavaProjectConfigurator - Adding resource folder /mvcJdbc2/src/main/resources
2025-09-24 10:44:51,253 [Worker-67: Updating Maven Project] INFO  o.e.m.j.i.AbstractJavaProjectConfigurator - Adding source folder /mvcJdbc2/src/test/java
2025-09-24 10:44:51,255 [Worker-67: Updating Maven Project] INFO  o.e.m.j.i.AbstractJavaProjectConfigurator - Adding resource folder /mvcJdbc2/src/test/resources
2025-09-24 10:44:51,818 [Worker-67: Updating Maven Project] INFO  o.e.m.w.i.f.ResourceFilteringBuildParticipant - Cleaning filtered folder for mvcJdbc2
2025-09-24 10:44:51,822 [Worker-67: Updating Maven Project] INFO  o.e.m.c.i.p.ProjectConfigurationManager - Update completed: 0 sec
2025-09-24 10:44:52,558 [Worker-67: Building Project mvcJdbc2] WARN  o.e.m.c.i.embedder.EclipseLogger - Using platform encoding (MS949 actually) to copy filtered resources, i.e. build is platform dependent!
2025-09-24 10:44:52,558 [Worker-67: Building Project mvcJdbc2] INFO  o.e.m.c.i.embedder.EclipseLogger - Copying 1 resource
2025-09-24 10:44:52,562 [Worker-67: Building Project mvcJdbc2] WARN  o.e.m.c.i.embedder.EclipseLogger - Using platform encoding (MS949 actually) to copy filtered resources, i.e. build is platform dependent!
2025-09-24 10:44:52,562 [Worker-67: Building Project mvcJdbc2] INFO  o.e.m.c.i.embedder.EclipseLogger - Copying 1 resource
2025-09-24 10:44:52,564 [Worker-67: Building Project mvcJdbc2] INFO  o.e.m.w.i.f.ResourceFilteringBuildParticipant - Changed resources require a complete clean of filtered resources of mvcJdbc2
2025-09-24 10:44:52,564 [Worker-67: Building Project mvcJdbc2] INFO  o.e.m.w.i.f.ResourceFilteringBuildParticipant - Executing resource filtering for mvcJdbc2
2025-09-24 10:44:52,567 [Worker-67: Building Project mvcJdbc2] WARN  o.e.m.c.i.embedder.EclipseLogger - Using platform encoding (MS949 actually) to copy filtered resources, i.e. build is platform dependent!
2025-09-24 10:45:22,579 [Worker-69: Building] WARN  o.e.m.c.i.embedder.EclipseLogger - Using platform encoding (MS949 actually) to copy filtered resources, i.e. build is platform dependent!
2025-09-24 10:45:22,580 [Worker-69: Building] INFO  o.e.m.c.i.embedder.EclipseLogger - Copying 0 resource
2025-09-24 10:45:22,581 [Worker-69: Building] WARN  o.e.m.c.i.embedder.EclipseLogger - Using platform encoding (MS949 actually) to copy filtered resources, i.e. build is platform dependent!
2025-09-24 10:45:22,582 [Worker-69: Building] INFO  o.e.m.c.i.embedder.EclipseLogger - Copying 0 resource
2025-09-24 10:45:51,613 [Worker-67: Building] WARN  o.e.m.c.i.embedder.EclipseLogger - Using platform encoding (MS949 actually) to copy filtered resources, i.e. build is platform dependent!
2025-09-24 10:45:51,615 [Worker-67: Building] INFO  o.e.m.c.i.embedder.EclipseLogger - Copying 0 resource
2025-09-24 10:45:51,616 [Worker-67: Building] WARN  o.e.m.c.i.embedder.EclipseLogger - Using platform encoding (MS949 actually) to copy filtered resources, i.e. build is platform dependent!
2025-09-24 10:45:51,616 [Worker-67: Building] INFO  o.e.m.c.i.embedder.EclipseLogger - Copying 0 resource
2025-09-24 10:46:01,500 [Worker-68: Building] WARN  o.e.m.c.i.embedder.EclipseLogger - Using platform encoding (MS949 actually) to copy filtered resources, i.e. build is platform dependent!
2025-09-24 10:46:01,501 [Worker-68: Building] INFO  o.e.m.c.i.embedder.EclipseLogger - Copying 1 resource
2025-09-24 10:46:01,503 [Worker-68: Building] WARN  o.e.m.c.i.embedder.EclipseLogger - Using platform encoding (MS949 actually) to copy filtered resources, i.e. build is platform dependent!
2025-09-24 10:46:01,504 [Worker-68: Building] INFO  o.e.m.c.i.embedder.EclipseLogger - Copying 0 resource
2025-09-24 10:46:12,990 [Worker-65: Building] WARN  o.e.m.c.i.embedder.EclipseLogger - Using platform encoding (MS949 actually) to copy filtered resources, i.e. build is platform dependent!
2025-09-24 10:46:12,991 [Worker-65: Building] INFO  o.e.m.c.i.embedder.EclipseLogger - Copying 0 resource
2025-09-24 10:46:12,992 [Worker-65: Building] WARN  o.e.m.c.i.embedder.EclipseLogger - Using platform encoding (MS949 actually) to copy filtered resources, i.e. build is platform dependent!
2025-09-24 10:46:12,993 [Worker-65: Building] INFO  o.e.m.c.i.embedder.EclipseLogger - Copying 0 resource
2025-09-24 10:46:22,530 [Worker-68: Building] WARN  o.e.m.c.i.embedder.EclipseLogger - Using platform encoding (MS949 actually) to copy filtered resources, i.e. build is platform dependent!
2025-09-24 10:46:22,531 [Worker-68: Building] INFO  o.e.m.c.i.embedder.EclipseLogger - Copying 1 resource
2025-09-24 10:46:22,533 [Worker-68: Building] WARN  o.e.m.c.i.embedder.EclipseLogger - Using platform encoding (MS949 actually) to copy filtered resources, i.e. build is platform dependent!
2025-09-24 10:46:22,534 [Worker-68: Building] INFO  o.e.m.c.i.embedder.EclipseLogger - Copying 0 resource
2025-09-24 10:47:48,136 [Worker-55: Building] WARN  o.e.m.c.i.embedder.EclipseLogger - Using platform encoding (MS949 actually) to copy filtered resources, i.e. build is platform dependent!
2025-09-24 10:47:48,136 [Worker-55: Building] INFO  o.e.m.c.i.embedder.EclipseLogger - Copying 1 resource
2025-09-24 10:47:48,139 [Worker-55: Building] WARN  o.e.m.c.i.embedder.EclipseLogger - Using platform encoding (MS949 actually) to copy filtered resources, i.e. build is platform dependent!
2025-09-24 10:47:48,140 [Worker-55: Building] INFO  o.e.m.c.i.embedder.EclipseLogger - Copying 0 resource
2025-09-24 10:49:23,109 [Worker-64: Building] WARN  o.e.m.c.i.embedder.EclipseLogger - Using platform encoding (MS949 actually) to copy filtered resources, i.e. build is platform dependent!
2025-09-24 10:49:23,110 [Worker-64: Building] INFO  o.e.m.c.i.embedder.EclipseLogger - Copying 0 resource
2025-09-24 10:49:23,110 [Worker-64: Building] WARN  o.e.m.c.i.embedder.EclipseLogger - Using platform encoding (MS949 actually) to copy filtered resources, i.e. build is platform dependent!
2025-09-24 10:49:23,111 [Worker-64: Building] INFO  o.e.m.c.i.embedder.EclipseLogger - Copying 0 resource
2025-09-24 10:50:17,797 [Worker-69: Building] WARN  o.e.m.c.i.embedder.EclipseLogger - Using platform encoding (MS949 actually) to copy filtered resources, i.e. build is platform dependent!
2025-09-24 10:50:17,798 [Worker-69: Building] INFO  o.e.m.c.i.embedder.EclipseLogger - Copying 0 resource
2025-09-24 10:50:17,798 [Worker-69: Building] WARN  o.e.m.c.i.embedder.EclipseLogger - Using platform encoding (MS949 actually) to copy filtered resources, i.e. build is platform dependent!
2025-09-24 10:50:17,799 [Worker-69: Building] INFO  o.e.m.c.i.embedder.EclipseLogger - Copying 0 resource
2025-09-24 10:50:25,713 [Worker-55: Building] WARN  o.e.m.c.i.embedder.EclipseLogger - Using platform encoding (MS949 actually) to copy filtered resources, i.e. build is platform dependent!
2025-09-24 10:50:25,714 [Worker-55: Building] INFO  o.e.m.c.i.embedder.EclipseLogger - Copying 3 resources
2025-09-24 10:50:25,716 [Worker-55: Building] WARN  o.e.m.c.i.embedder.EclipseLogger - Using platform encoding (MS949 actually) to copy filtered resources, i.e. build is platform dependent!
2025-09-24 10:50:25,716 [Worker-55: Building] INFO  o.e.m.c.i.embedder.EclipseLogger - Copying 0 resource
2025-09-24 10:50:36,565 [Worker-68: Building] WARN  o.e.m.c.i.embedder.EclipseLogger - Using platform encoding (MS949 actually) to copy filtered resources, i.e. build is platform dependent!
2025-09-24 10:50:36,566 [Worker-68: Building] INFO  o.e.m.c.i.embedder.EclipseLogger - Copying 3 resources
2025-09-24 10:50:36,568 [Worker-68: Building] WARN  o.e.m.c.i.embedder.EclipseLogger - Using platform encoding (MS949 actually) to copy filtered resources, i.e. build is platform dependent!
2025-09-24 10:50:36,568 [Worker-68: Building] INFO  o.e.m.c.i.embedder.EclipseLogger - Copying 0 resource
2025-09-24 10:51:02,066 [Worker-67: Building] WARN  o.e.m.c.i.embedder.EclipseLogger - Using platform encoding (MS949 actually) to copy filtered resources, i.e. build is platform dependent!
2025-09-24 10:51:02,067 [Worker-67: Building] INFO  o.e.m.c.i.embedder.EclipseLogger - Copying 3 resources
2025-09-24 10:51:02,069 [Worker-67: Building] WARN  o.e.m.c.i.embedder.EclipseLogger - Using platform encoding (MS949 actually) to copy filtered resources, i.e. build is platform dependent!
2025-09-24 10:51:02,069 [Worker-67: Building] INFO  o.e.m.c.i.embedder.EclipseLogger - Copying 0 resource
2025-09-24 10:51:09,840 [Worker-65: Building] WARN  o.e.m.c.i.embedder.EclipseLogger - Using platform encoding (MS949 actually) to copy filtered resources, i.e. build is platform dependent!
2025-09-24 10:51:09,841 [Worker-65: Building] INFO  o.e.m.c.i.embedder.EclipseLogger - Copying 3 resources
2025-09-24 10:51:09,841 [Worker-65: Building] WARN  o.e.m.c.i.embedder.EclipseLogger - Using platform encoding (MS949 actually) to copy filtered resources, i.e. build is platform dependent!
2025-09-24 10:51:09,842 [Worker-65: Building] INFO  o.e.m.c.i.embedder.EclipseLogger - Copying 0 resource
2025-09-24 11:01:00,276 [Worker-71: Building] WARN  o.e.m.c.i.embedder.EclipseLogger - Using platform encoding (MS949 actually) to copy filtered resources, i.e. build is platform dependent!
2025-09-24 11:01:00,278 [Worker-71: Building] INFO  o.e.m.c.i.embedder.EclipseLogger - Copying 3 resources
2025-09-24 11:01:00,278 [Worker-71: Building] WARN  o.e.m.c.i.embedder.EclipseLogger - Using platform encoding (MS949 actually) to copy filtered resources, i.e. build is platform dependent!
2025-09-24 11:01:00,279 [Worker-71: Building] INFO  o.e.m.c.i.embedder.EclipseLogger - Copying 0 resource
2025-09-24 11:02:19,167 [Worker-74: Building Workspace] WARN  o.e.m.c.i.embedder.EclipseLogger - Using platform encoding (MS949 actually) to copy filtered resources, i.e. build is platform dependent!
2025-09-24 11:02:19,168 [Worker-74: Building Workspace] INFO  o.e.m.c.i.embedder.EclipseLogger - Copying 3 resources
2025-09-24 11:02:19,170 [Worker-74: Building Workspace] WARN  o.e.m.c.i.embedder.EclipseLogger - Using platform encoding (MS949 actually) to copy filtered resources, i.e. build is platform dependent!
2025-09-24 11:02:19,170 [Worker-74: Building Workspace] INFO  o.e.m.c.i.embedder.EclipseLogger - Copying 0 resource
2025-09-24 11:02:33,905 [Worker-72: Building] WARN  o.e.m.c.i.embedder.EclipseLogger - Using platform encoding (MS949 actually) to copy filtered resources, i.e. build is platform dependent!
2025-09-24 11:02:33,906 [Worker-72: Building] INFO  o.e.m.c.i.embedder.EclipseLogger - Copying 3 resources
2025-09-24 11:02:33,908 [Worker-72: Building] WARN  o.e.m.c.i.embedder.EclipseLogger - Using platform encoding (MS949 actually) to copy filtered resources, i.e. build is platform dependent!
2025-09-24 11:02:33,909 [Worker-72: Building] INFO  o.e.m.c.i.embedder.EclipseLogger - Copying 0 resource
2025-09-24 11:06:20,296 [Worker-76: Building] WARN  o.e.m.c.i.embedder.EclipseLogger - Using platform encoding (MS949 actually) to copy filtered resources, i.e. build is platform dependent!
2025-09-24 11:06:20,297 [Worker-76: Building] INFO  o.e.m.c.i.embedder.EclipseLogger - Copying 3 resources
2025-09-24 11:06:20,299 [Worker-76: Building] WARN  o.e.m.c.i.embedder.EclipseLogger - Using platform encoding (MS949 actually) to copy filtered resources, i.e. build is platform dependent!
2025-09-24 11:06:20,299 [Worker-76: Building] INFO  o.e.m.c.i.embedder.EclipseLogger - Copying 0 resource
2025-09-24 11:06:37,826 [Worker-77: Building] WARN  o.e.m.c.i.embedder.EclipseLogger - Using platform encoding (MS949 actually) to copy filtered resources, i.e. build is platform dependent!
2025-09-24 11:06:37,827 [Worker-77: Building] INFO  o.e.m.c.i.embedder.EclipseLogger - Copying 3 resources
2025-09-24 11:06:37,828 [Worker-77: Building] WARN  o.e.m.c.i.embedder.EclipseLogger - Using platform encoding (MS949 actually) to copy filtered resources, i.e. build is platform dependent!
2025-09-24 11:06:37,829 [Worker-77: Building] INFO  o.e.m.c.i.embedder.EclipseLogger - Copying 0 resource
2025-09-24 11:06:50,246 [Worker-76: Building] WARN  o.e.m.c.i.embedder.EclipseLogger - Using platform encoding (MS949 actually) to copy filtered resources, i.e. build is platform dependent!
2025-09-24 11:06:50,247 [Worker-76: Building] INFO  o.e.m.c.i.embedder.EclipseLogger - Copying 3 resources
2025-09-24 11:06:50,248 [Worker-76: Building] WARN  o.e.m.c.i.embedder.EclipseLogger - Using platform encoding (MS949 actually) to copy filtered resources, i.e. build is platform dependent!
2025-09-24 11:06:50,249 [Worker-76: Building] INFO  o.e.m.c.i.embedder.EclipseLogger - Copying 0 resource
2025-09-24 11:11:18,370 [Worker-78: Building] WARN  o.e.m.c.i.embedder.EclipseLogger - Using platform encoding (MS949 actually) to copy filtered resources, i.e. build is platform dependent!
2025-09-24 11:11:18,371 [Worker-78: Building] INFO  o.e.m.c.i.embedder.EclipseLogger - Copying 3 resources
2025-09-24 11:11:18,372 [Worker-78: Building] WARN  o.e.m.c.i.embedder.EclipseLogger - Using platform encoding (MS949 actually) to copy filtered resources, i.e. build is platform dependent!
2025-09-24 11:11:18,373 [Worker-78: Building] INFO  o.e.m.c.i.embedder.EclipseLogger - Copying 0 resource
2025-09-24 11:11:27,245 [Worker-77: Building] WARN  o.e.m.c.i.embedder.EclipseLogger - Using platform encoding (MS949 actually) to copy filtered resources, i.e. build is platform dependent!
2025-09-24 11:11:27,246 [Worker-77: Building] INFO  o.e.m.c.i.embedder.EclipseLogger - Copying 3 resources
2025-09-24 11:11:27,248 [Worker-77: Building] WARN  o.e.m.c.i.embedder.EclipseLogger - Using platform encoding (MS949 actually) to copy filtered resources, i.e. build is platform dependent!
2025-09-24 11:11:27,248 [Worker-77: Building] INFO  o.e.m.c.i.embedder.EclipseLogger - Copying 0 resource
2025-09-24 11:14:49,141 [Worker-73: Building] WARN  o.e.m.c.i.embedder.EclipseLogger - Using platform encoding (MS949 actually) to copy filtered resources, i.e. build is platform dependent!
2025-09-24 11:14:49,143 [Worker-73: Building] INFO  o.e.m.c.i.embedder.EclipseLogger - Copying 3 resources
2025-09-24 11:14:49,144 [Worker-73: Building] WARN  o.e.m.c.i.embedder.EclipseLogger - Using platform encoding (MS949 actually) to copy filtered resources, i.e. build is platform dependent!
2025-09-24 11:14:49,144 [Worker-73: Building] INFO  o.e.m.c.i.embedder.EclipseLogger - Copying 0 resource
2025-09-24 11:15:01,980 [Worker-67: Building] WARN  o.e.m.c.i.embedder.EclipseLogger - Using platform encoding (MS949 actually) to copy filtered resources, i.e. build is platform dependent!
2025-09-24 11:15:01,981 [Worker-67: Building] INFO  o.e.m.c.i.embedder.EclipseLogger - Copying 0 resource
2025-09-24 11:15:01,981 [Worker-67: Building] WARN  o.e.m.c.i.embedder.EclipseLogger - Using platform encoding (MS949 actually) to copy filtered resources, i.e. build is platform dependent!
2025-09-24 11:15:01,982 [Worker-67: Building] INFO  o.e.m.c.i.embedder.EclipseLogger - Copying 0 resource
2025-09-24 11:15:13,070 [Worker-67: Building] WARN  o.e.m.c.i.embedder.EclipseLogger - Using platform encoding (MS949 actually) to copy filtered resources, i.e. build is platform dependent!
2025-09-24 11:15:13,071 [Worker-67: Building] INFO  o.e.m.c.i.embedder.EclipseLogger - Copying 0 resource
2025-09-24 11:15:13,071 [Worker-67: Building] WARN  o.e.m.c.i.embedder.EclipseLogger - Using platform encoding (MS949 actually) to copy filtered resources, i.e. build is platform dependent!
2025-09-24 11:15:13,072 [Worker-67: Building] INFO  o.e.m.c.i.embedder.EclipseLogger - Copying 0 resource
2025-09-24 11:15:21,128 [Worker-73: Building] WARN  o.e.m.c.i.embedder.EclipseLogger - Using platform encoding (MS949 actually) to copy filtered resources, i.e. build is platform dependent!
2025-09-24 11:15:21,128 [Worker-73: Building] INFO  o.e.m.c.i.embedder.EclipseLogger - Copying 0 resource
2025-09-24 11:15:21,129 [Worker-73: Building] WARN  o.e.m.c.i.embedder.EclipseLogger - Using platform encoding (MS949 actually) to copy filtered resources, i.e. build is platform dependent!
2025-09-24 11:15:21,129 [Worker-73: Building] INFO  o.e.m.c.i.embedder.EclipseLogger - Copying 0 resource
2025-09-24 11:15:56,720 [Worker-76: Building] WARN  o.e.m.c.i.embedder.EclipseLogger - Using platform encoding (MS949 actually) to copy filtered resources, i.e. build is platform dependent!
2025-09-24 11:15:56,721 [Worker-76: Building] INFO  o.e.m.c.i.embedder.EclipseLogger - Copying 0 resource
2025-09-24 11:15:56,722 [Worker-76: Building] WARN  o.e.m.c.i.embedder.EclipseLogger - Using platform encoding (MS949 actually) to copy filtered resources, i.e. build is platform dependent!
2025-09-24 11:15:56,722 [Worker-76: Building] INFO  o.e.m.c.i.embedder.EclipseLogger - Copying 0 resource
2025-09-24 11:18:11,448 [Worker-75: Building] WARN  o.e.m.c.i.embedder.EclipseLogger - Using platform encoding (MS949 actually) to copy filtered resources, i.e. build is platform dependent!
2025-09-24 11:18:11,449 [Worker-75: Building] INFO  o.e.m.c.i.embedder.EclipseLogger - Copying 0 resource
2025-09-24 11:18:11,450 [Worker-75: Building] WARN  o.e.m.c.i.embedder.EclipseLogger - Using platform encoding (MS949 actually) to copy filtered resources, i.e. build is platform dependent!
2025-09-24 11:18:11,450 [Worker-75: Building] INFO  o.e.m.c.i.embedder.EclipseLogger - Copying 0 resource
2025-09-24 11:26:11,236 [Worker-78: Building] WARN  o.e.m.c.i.embedder.EclipseLogger - Using platform encoding (MS949 actually) to copy filtered resources, i.e. build is platform dependent!
2025-09-24 11:26:11,237 [Worker-78: Building] INFO  o.e.m.c.i.embedder.EclipseLogger - Copying 1 resource
2025-09-24 11:26:11,239 [Worker-78: Building] WARN  o.e.m.c.i.embedder.EclipseLogger - Using platform encoding (MS949 actually) to copy filtered resources, i.e. build is platform dependent!
2025-09-24 11:26:11,240 [Worker-78: Building] INFO  o.e.m.c.i.embedder.EclipseLogger - Copying 0 resource
2025-09-24 11:47:47,957 [Worker-82: Building workspace] INFO  o.e.m.c.i.l.LifecycleMappingFactory - Using org.maven.ide.eclipse.wtp.WarLifecycleMapping lifecycle mapping for MavenProject: com.spring_mvc:mybatis:1.0.0-BUILD-SNAPSHOT @ D:\Spring\springWorkspace\spring_mvc_mybatis\pom.xml.
2025-09-24 11:47:48,309 [Worker-82: Building workspace] WARN  o.e.m.c.i.embedder.EclipseLogger - Using platform encoding (MS949 actually) to copy filtered resources, i.e. build is platform dependent!
2025-09-24 11:47:48,309 [Worker-82: Building workspace] INFO  o.e.m.c.i.embedder.EclipseLogger - Copying 1 resource
2025-09-24 11:47:48,312 [Worker-82: Building workspace] WARN  o.e.m.c.i.embedder.EclipseLogger - Using platform encoding (MS949 actually) to copy filtered resources, i.e. build is platform dependent!
2025-09-24 11:47:48,312 [Worker-82: Building workspace] INFO  o.e.m.c.i.embedder.EclipseLogger - Copying 1 resource
2025-09-24 11:47:48,726 [Worker-96: Building] WARN  o.e.m.c.i.embedder.EclipseLogger - Using platform encoding (MS949 actually) to copy filtered resources, i.e. build is platform dependent!
2025-09-24 11:47:48,727 [Worker-96: Building] INFO  o.e.m.c.i.embedder.EclipseLogger - Copying 1 resource
2025-09-24 11:47:48,729 [Worker-96: Building] WARN  o.e.m.c.i.embedder.EclipseLogger - Using platform encoding (MS949 actually) to copy filtered resources, i.e. build is platform dependent!
2025-09-24 11:47:48,730 [Worker-96: Building] INFO  o.e.m.c.i.embedder.EclipseLogger - Copying 1 resource
2025-09-24 11:48:25,384 [Worker-94: Building] INFO  o.e.m.c.i.l.LifecycleMappingFactory - Using org.maven.ide.eclipse.wtp.WarLifecycleMapping lifecycle mapping for MavenProject: com.spring_mvc:mybatis:1.0.0-BUILD-SNAPSHOT @ D:\Spring\springWorkspace\spring_mvc_mybatis\pom.xml.
2025-09-24 11:48:25,604 [Worker-94: Building] WARN  o.e.m.c.i.embedder.EclipseLogger - Using platform encoding (MS949 actually) to copy filtered resources, i.e. build is platform dependent!
2025-09-24 11:48:25,605 [Worker-94: Building] INFO  o.e.m.c.i.embedder.EclipseLogger - Copying 0 resource
2025-09-24 11:48:25,606 [Worker-94: Building] WARN  o.e.m.c.i.embedder.EclipseLogger - Using platform encoding (MS949 actually) to copy filtered resources, i.e. build is platform dependent!
2025-09-24 11:48:25,606 [Worker-94: Building] INFO  o.e.m.c.i.embedder.EclipseLogger - Copying 0 resource
2025-09-24 11:48:25,606 [Worker-94: Building] INFO  o.e.m.w.i.f.ResourceFilteringBuildParticipant - Changed resources require a complete clean of filtered resources of spring_mvc_mybatis
2025-09-24 11:48:25,606 [Worker-94: Building] INFO  o.e.m.w.i.f.ResourceFilteringBuildParticipant - Executing resource filtering for spring_mvc_mybatis
2025-09-24 11:48:25,609 [Worker-94: Building] WARN  o.e.m.c.i.embedder.EclipseLogger - Using platform encoding (MS949 actually) to copy filtered resources, i.e. build is platform dependent!
2025-09-24 11:48:27,039 [Worker-81: Building] WARN  o.e.m.c.i.embedder.EclipseLogger - Using platform encoding (MS949 actually) to copy filtered resources, i.e. build is platform dependent!
2025-09-24 11:48:27,040 [Worker-81: Building] INFO  o.e.m.c.i.embedder.EclipseLogger - Copying 1 resource
2025-09-24 11:48:27,042 [Worker-81: Building] WARN  o.e.m.c.i.embedder.EclipseLogger - Using platform encoding (MS949 actually) to copy filtered resources, i.e. build is platform dependent!
2025-09-24 11:48:27,043 [Worker-81: Building] INFO  o.e.m.c.i.embedder.EclipseLogger - Copying 1 resource
2025-09-24 11:48:39,229 [Worker-95: Updating Maven Project] INFO  o.e.m.c.i.p.ProjectConfigurationManager - Update started
2025-09-24 11:48:39,336 [Worker-95: Updating Maven Project] INFO  o.e.m.c.i.l.LifecycleMappingFactory - Using org.maven.ide.eclipse.wtp.WarLifecycleMapping lifecycle mapping for MavenProject: com.spring_mvc:mybatis:1.0.0-BUILD-SNAPSHOT @ D:\Spring\springWorkspace\spring_mvc_mybatis\pom.xml.
2025-09-24 11:48:39,398 [Worker-95: Updating Maven Project] INFO  o.e.m.j.i.AbstractJavaProjectConfigurator - Adding source folder /spring_mvc_mybatis/src/main/java
2025-09-24 11:48:39,398 [Worker-95: Updating Maven Project] INFO  o.e.m.j.i.AbstractJavaProjectConfigurator - Adding resource folder /spring_mvc_mybatis/src/main/resources
2025-09-24 11:48:39,398 [Worker-95: Updating Maven Project] INFO  o.e.m.j.i.AbstractJavaProjectConfigurator - Adding source folder /spring_mvc_mybatis/src/test/java
2025-09-24 11:48:39,398 [Worker-95: Updating Maven Project] INFO  o.e.m.j.i.AbstractJavaProjectConfigurator - Adding resource folder /spring_mvc_mybatis/src/test/resources
2025-09-24 11:48:39,861 [Worker-95: Updating Maven Project] INFO  o.e.m.w.i.f.ResourceFilteringBuildParticipant - Cleaning filtered folder for spring_mvc_mybatis
2025-09-24 11:48:39,864 [Worker-95: Updating Maven Project] INFO  o.e.m.c.i.p.ProjectConfigurationManager - Update completed: 0 sec
2025-09-24 11:48:40,543 [Worker-97: Building Project spring_mvc_mybatis] WARN  o.e.m.c.i.embedder.EclipseLogger - Using platform encoding (MS949 actually) to copy filtered resources, i.e. build is platform dependent!
2025-09-24 11:48:40,544 [Worker-97: Building Project spring_mvc_mybatis] INFO  o.e.m.c.i.embedder.EclipseLogger - Copying 1 resource
2025-09-24 11:48:40,545 [Worker-97: Building Project spring_mvc_mybatis] WARN  o.e.m.c.i.embedder.EclipseLogger - Using platform encoding (MS949 actually) to copy filtered resources, i.e. build is platform dependent!
2025-09-24 11:48:40,546 [Worker-97: Building Project spring_mvc_mybatis] INFO  o.e.m.c.i.embedder.EclipseLogger - Copying 1 resource
2025-09-24 11:48:40,547 [Worker-97: Building Project spring_mvc_mybatis] INFO  o.e.m.w.i.f.ResourceFilteringBuildParticipant - Changed resources require a complete clean of filtered resources of spring_mvc_mybatis
2025-09-24 11:48:40,547 [Worker-97: Building Project spring_mvc_mybatis] INFO  o.e.m.w.i.f.ResourceFilteringBuildParticipant - Executing resource filtering for spring_mvc_mybatis
2025-09-24 11:48:40,548 [Worker-97: Building Project spring_mvc_mybatis] WARN  o.e.m.c.i.embedder.EclipseLogger - Using platform encoding (MS949 actually) to copy filtered resources, i.e. build is platform dependent!
2025-09-24 11:51:00,554 [Worker-99: Building] INFO  o.e.m.c.i.l.LifecycleMappingFactory - Using org.maven.ide.eclipse.wtp.WarLifecycleMapping lifecycle mapping for MavenProject: com.spring_mvc:mybatis:1.0.0-BUILD-SNAPSHOT @ D:\Spring\springWorkspace\spring_mvc_mybatis\pom.xml.
2025-09-24 11:51:00,751 [Worker-99: Building] WARN  o.e.m.c.i.embedder.EclipseLogger - Using platform encoding (MS949 actually) to copy filtered resources, i.e. build is platform dependent!
2025-09-24 11:51:00,752 [Worker-99: Building] INFO  o.e.m.c.i.embedder.EclipseLogger - Copying 0 resource
2025-09-24 11:51:00,752 [Worker-99: Building] WARN  o.e.m.c.i.embedder.EclipseLogger - Using platform encoding (MS949 actually) to copy filtered resources, i.e. build is platform dependent!
2025-09-24 11:51:00,753 [Worker-99: Building] INFO  o.e.m.c.i.embedder.EclipseLogger - Copying 0 resource
2025-09-24 11:51:00,753 [Worker-99: Building] INFO  o.e.m.w.i.f.ResourceFilteringBuildParticipant - Changed resources require a complete clean of filtered resources of spring_mvc_mybatis
2025-09-24 11:51:00,753 [Worker-99: Building] INFO  o.e.m.w.i.f.ResourceFilteringBuildParticipant - Executing resource filtering for spring_mvc_mybatis
2025-09-24 11:51:00,755 [Worker-99: Building] WARN  o.e.m.c.i.embedder.EclipseLogger - Using platform encoding (MS949 actually) to copy filtered resources, i.e. build is platform dependent!
2025-09-24 11:51:02,101 [Worker-98: Building] WARN  o.e.m.c.i.embedder.EclipseLogger - Using platform encoding (MS949 actually) to copy filtered resources, i.e. build is platform dependent!
2025-09-24 11:51:02,102 [Worker-98: Building] INFO  o.e.m.c.i.embedder.EclipseLogger - Copying 1 resource
2025-09-24 11:51:02,104 [Worker-98: Building] WARN  o.e.m.c.i.embedder.EclipseLogger - Using platform encoding (MS949 actually) to copy filtered resources, i.e. build is platform dependent!
2025-09-24 11:51:02,105 [Worker-98: Building] INFO  o.e.m.c.i.embedder.EclipseLogger - Copying 1 resource
2025-09-24 11:59:36,134 [Worker-102: Download sources and javadoc] INFO  o.e.m.c.i.e.AbstractTransferListenerAdapter - Downloading https://repo.maven.apache.org/maven2/org/springframework/spring-context/5.2.25.RELEASE/spring-context-5.2.25.RELEASE-javadoc.jar
2025-09-24 11:59:36,500 [Worker-102: Download sources and javadoc] INFO  o.e.m.c.i.e.AbstractTransferListenerAdapter - Downloaded https://repo.maven.apache.org/maven2/org/springframework/spring-context/5.2.25.RELEASE/spring-context-5.2.25.RELEASE-javadoc.jar
2025-09-24 11:59:36,503 [Worker-102: Download sources and javadoc] INFO  o.e.m.j.internal.DownloadSourcesJob - Downloaded javadoc for org.springframework:spring-context:5.2.25.RELEASE
2025-09-24 11:59:36,517 [Worker-102: Download sources and javadoc] INFO  o.e.m.c.i.e.AbstractTransferListenerAdapter - Downloading https://repo.maven.apache.org/maven2/org/springframework/spring-aop/5.2.25.RELEASE/spring-aop-5.2.25.RELEASE-javadoc.jar
2025-09-24 11:59:36,842 [Worker-102: Download sources and javadoc] INFO  o.e.m.c.i.e.AbstractTransferListenerAdapter - Downloaded https://repo.maven.apache.org/maven2/org/springframework/spring-aop/5.2.25.RELEASE/spring-aop-5.2.25.RELEASE-javadoc.jar
2025-09-24 11:59:36,844 [Worker-102: Download sources and javadoc] INFO  o.e.m.j.internal.DownloadSourcesJob - Downloaded javadoc for org.springframework:spring-aop:5.2.25.RELEASE
2025-09-24 11:59:36,858 [Worker-102: Download sources and javadoc] INFO  o.e.m.c.i.e.AbstractTransferListenerAdapter - Downloading https://repo.maven.apache.org/maven2/org/springframework/spring-beans/5.2.25.RELEASE/spring-beans-5.2.25.RELEASE-javadoc.jar
2025-09-24 11:59:37,274 [Worker-102: Download sources and javadoc] INFO  o.e.m.c.i.e.AbstractTransferListenerAdapter - Downloaded https://repo.maven.apache.org/maven2/org/springframework/spring-beans/5.2.25.RELEASE/spring-beans-5.2.25.RELEASE-javadoc.jar
2025-09-24 11:59:37,277 [Worker-102: Download sources and javadoc] INFO  o.e.m.j.internal.DownloadSourcesJob - Downloaded javadoc for org.springframework:spring-beans:5.2.25.RELEASE
2025-09-24 11:59:37,290 [Worker-102: Download sources and javadoc] INFO  o.e.m.c.i.e.AbstractTransferListenerAdapter - Downloading https://repo.maven.apache.org/maven2/org/springframework/spring-core/5.2.25.RELEASE/spring-core-5.2.25.RELEASE-javadoc.jar
2025-09-24 11:59:37,739 [Worker-102: Download sources and javadoc] INFO  o.e.m.c.i.e.AbstractTransferListenerAdapter - Downloaded https://repo.maven.apache.org/maven2/org/springframework/spring-core/5.2.25.RELEASE/spring-core-5.2.25.RELEASE-javadoc.jar
2025-09-24 11:59:37,742 [Worker-102: Download sources and javadoc] INFO  o.e.m.j.internal.DownloadSourcesJob - Downloaded javadoc for org.springframework:spring-core:5.2.25.RELEASE
2025-09-24 11:59:37,940 [Worker-102: Download sources and javadoc] INFO  o.e.m.c.i.e.AbstractTransferListenerAdapter - Downloading https://repo.maven.apache.org/maven2/org/springframework/spring-jcl/5.2.25.RELEASE/spring-jcl-5.2.25.RELEASE-javadoc.jar
2025-09-24 11:59:37,990 [Worker-102: Download sources and javadoc] INFO  o.e.m.c.i.e.AbstractTransferListenerAdapter - Downloaded https://repo.maven.apache.org/maven2/org/springframework/spring-jcl/5.2.25.RELEASE/spring-jcl-5.2.25.RELEASE-javadoc.jar
2025-09-24 11:59:37,992 [Worker-102: Download sources and javadoc] INFO  o.e.m.j.internal.DownloadSourcesJob - Downloaded javadoc for org.springframework:spring-jcl:5.2.25.RELEASE
2025-09-24 11:59:38,006 [Worker-102: Download sources and javadoc] INFO  o.e.m.c.i.e.AbstractTransferListenerAdapter - Downloading https://repo.maven.apache.org/maven2/org/springframework/spring-expression/5.2.25.RELEASE/spring-expression-5.2.25.RELEASE-javadoc.jar
2025-09-24 11:59:38,108 [Worker-102: Download sources and javadoc] INFO  o.e.m.c.i.e.AbstractTransferListenerAdapter - Downloaded https://repo.maven.apache.org/maven2/org/springframework/spring-expression/5.2.25.RELEASE/spring-expression-5.2.25.RELEASE-javadoc.jar
2025-09-24 11:59:38,110 [Worker-102: Download sources and javadoc] INFO  o.e.m.j.internal.DownloadSourcesJob - Downloaded javadoc for org.springframework:spring-expression:5.2.25.RELEASE
2025-09-24 11:59:38,129 [Worker-102: Download sources and javadoc] INFO  o.e.m.c.i.e.AbstractTransferListenerAdapter - Downloading https://repo.maven.apache.org/maven2/javax/annotation/javax.annotation-api/1.3.2/javax.annotation-api-1.3.2-javadoc.jar
2025-09-24 11:59:38,183 [Worker-102: Download sources and javadoc] INFO  o.e.m.c.i.e.AbstractTransferListenerAdapter - Downloaded https://repo.maven.apache.org/maven2/javax/annotation/javax.annotation-api/1.3.2/javax.annotation-api-1.3.2-javadoc.jar
2025-09-24 11:59:38,185 [Worker-102: Download sources and javadoc] INFO  o.e.m.j.internal.DownloadSourcesJob - Downloaded javadoc for javax.annotation:javax.annotation-api:1.3.2
2025-09-24 11:59:38,283 [Worker-102: Download sources and javadoc] INFO  o.e.m.c.i.e.AbstractTransferListenerAdapter - Downloading https://repo.maven.apache.org/maven2/org/aspectj/aspectjweaver/1.9.22.1/aspectjweaver-1.9.22.1-javadoc.jar
2025-09-24 11:59:38,775 [Worker-102: Download sources and javadoc] INFO  o.e.m.c.i.e.AbstractTransferListenerAdapter - Downloaded https://repo.maven.apache.org/maven2/org/aspectj/aspectjweaver/1.9.22.1/aspectjweaver-1.9.22.1-javadoc.jar
2025-09-24 11:59:38,777 [Worker-102: Download sources and javadoc] INFO  o.e.m.j.internal.DownloadSourcesJob - Downloaded javadoc for org.aspectj:aspectjweaver:1.9.22.1
2025-09-24 11:59:38,887 [Worker-102: Download sources and javadoc] INFO  o.e.m.c.i.e.AbstractTransferListenerAdapter - Downloading https://repo.maven.apache.org/maven2/org/springframework/spring-webmvc/5.2.25.RELEASE/spring-webmvc-5.2.25.RELEASE-javadoc.jar
2025-09-24 11:59:39,166 [Worker-102: Download sources and javadoc] INFO  o.e.m.c.i.e.AbstractTransferListenerAdapter - Downloaded https://repo.maven.apache.org/maven2/org/springframework/spring-webmvc/5.2.25.RELEASE/spring-webmvc-5.2.25.RELEASE-javadoc.jar
2025-09-24 11:59:39,169 [Worker-102: Download sources and javadoc] INFO  o.e.m.j.internal.DownloadSourcesJob - Downloaded javadoc for org.springframework:spring-webmvc:5.2.25.RELEASE
2025-09-24 11:59:39,372 [Worker-102: Download sources and javadoc] INFO  o.e.m.c.i.e.AbstractTransferListenerAdapter - Downloading https://repo.maven.apache.org/maven2/org/springframework/spring-web/5.2.25.RELEASE/spring-web-5.2.25.RELEASE-javadoc.jar
2025-09-24 11:59:39,840 [Worker-102: Download sources and javadoc] INFO  o.e.m.c.i.e.AbstractTransferListenerAdapter - Downloaded https://repo.maven.apache.org/maven2/org/springframework/spring-web/5.2.25.RELEASE/spring-web-5.2.25.RELEASE-javadoc.jar
2025-09-24 11:59:39,843 [Worker-102: Download sources and javadoc] INFO  o.e.m.j.internal.DownloadSourcesJob - Downloaded javadoc for org.springframework:spring-web:5.2.25.RELEASE
2025-09-24 11:59:39,858 [Worker-102: Download sources and javadoc] INFO  o.e.m.c.i.e.AbstractTransferListenerAdapter - Downloading https://repo.maven.apache.org/maven2/org/aspectj/aspectjrt/1.6.10/aspectjrt-1.6.10-javadoc.jar
2025-09-24 11:59:39,965 [Worker-102: Download sources and javadoc] INFO  o.e.m.c.i.e.AbstractTransferListenerAdapter - Downloaded https://repo.maven.apache.org/maven2/org/aspectj/aspectjrt/1.6.10/aspectjrt-1.6.10-javadoc.jar
2025-09-24 11:59:39,968 [Worker-102: Download sources and javadoc] INFO  o.e.m.j.internal.DownloadSourcesJob - Downloaded javadoc for org.aspectj:aspectjrt:1.6.10
2025-09-24 11:59:39,983 [Worker-102: Download sources and javadoc] INFO  o.e.m.c.i.e.AbstractTransferListenerAdapter - Downloading https://repo.maven.apache.org/maven2/org/slf4j/slf4j-api/1.6.6/slf4j-api-1.6.6-javadoc.jar
2025-09-24 11:59:40,045 [Worker-102: Download sources and javadoc] INFO  o.e.m.c.i.e.AbstractTransferListenerAdapter - Downloaded https://repo.maven.apache.org/maven2/org/slf4j/slf4j-api/1.6.6/slf4j-api-1.6.6-javadoc.jar
2025-09-24 11:59:40,048 [Worker-102: Download sources and javadoc] INFO  o.e.m.j.internal.DownloadSourcesJob - Downloaded javadoc for org.slf4j:slf4j-api:1.6.6
2025-09-24 11:59:40,063 [Worker-102: Download sources and javadoc] INFO  o.e.m.c.i.e.AbstractTransferListenerAdapter - Downloading https://repo.maven.apache.org/maven2/org/slf4j/jcl-over-slf4j/1.6.6/jcl-over-slf4j-1.6.6-javadoc.jar
2025-09-24 11:59:40,103 [Worker-102: Download sources and javadoc] INFO  o.e.m.c.i.e.AbstractTransferListenerAdapter - Downloaded https://repo.maven.apache.org/maven2/org/slf4j/jcl-over-slf4j/1.6.6/jcl-over-slf4j-1.6.6-javadoc.jar
2025-09-24 11:59:40,105 [Worker-102: Download sources and javadoc] INFO  o.e.m.j.internal.DownloadSourcesJob - Downloaded javadoc for org.slf4j:jcl-over-slf4j:1.6.6
2025-09-24 11:59:40,120 [Worker-102: Download sources and javadoc] INFO  o.e.m.c.i.e.AbstractTransferListenerAdapter - Downloading https://repo.maven.apache.org/maven2/org/slf4j/slf4j-log4j12/1.6.6/slf4j-log4j12-1.6.6-javadoc.jar
2025-09-24 11:59:40,186 [Worker-102: Download sources and javadoc] INFO  o.e.m.c.i.e.AbstractTransferListenerAdapter - Downloaded https://repo.maven.apache.org/maven2/org/slf4j/slf4j-log4j12/1.6.6/slf4j-log4j12-1.6.6-javadoc.jar
2025-09-24 11:59:40,189 [Worker-102: Download sources and javadoc] INFO  o.e.m.j.internal.DownloadSourcesJob - Downloaded javadoc for org.slf4j:slf4j-log4j12:1.6.6
2025-09-24 11:59:40,410 [Worker-102: Download sources and javadoc] INFO  o.e.m.c.i.e.AbstractTransferListenerAdapter - Downloaded https://repo.maven.apache.org/maven2/log4j/log4j/1.2.15/log4j-1.2.15-javadoc.jar
2025-09-24 11:59:40,430 [Worker-102: Download sources and javadoc] ERROR o.e.m.j.internal.DownloadSourcesJob - Could not download javadoc for log4j:log4j:1.2.15
org.eclipse.core.runtime.CoreException: Could not resolve artifact log4j:log4j:jar:javadoc:1.2.15
	at org.eclipse.m2e.core.internal.embedder.MavenImpl.lambda$4(MavenImpl.java:804)
	at org.eclipse.m2e.core.internal.embedder.MavenExecutionContext.executeBare(MavenExecutionContext.java:179)
	at org.eclipse.m2e.core.internal.embedder.MavenExecutionContext.execute(MavenExecutionContext.java:114)
	at org.eclipse.m2e.core.internal.embedder.MavenExecutionContext.execute(MavenExecutionContext.java:101)
	at org.eclipse.m2e.core.internal.embedder.MavenImpl.resolve(MavenImpl.java:772)
	at org.eclipse.m2e.core.internal.embedder.MavenImpl.resolve(MavenImpl.java:749)
	at org.eclipse.m2e.jdt.internal.DownloadSourcesJob.download(DownloadSourcesJob.java:330)
	at org.eclipse.m2e.jdt.internal.DownloadSourcesJob.downloadAttachments(DownloadSourcesJob.java:316)
	at org.eclipse.m2e.jdt.internal.DownloadSourcesJob.downloadMaven(DownloadSourcesJob.java:273)
	at org.eclipse.m2e.jdt.internal.DownloadSourcesJob.downloadFilesAndPopulateToUpdate(DownloadSourcesJob.java:233)
	at org.eclipse.m2e.jdt.internal.DownloadSourcesJob.lambda$0(DownloadSourcesJob.java:161)
	at org.eclipse.m2e.core.internal.embedder.MavenExecutionContext.executeBare(MavenExecutionContext.java:179)
	at org.eclipse.m2e.core.internal.embedder.MavenExecutionContext.execute(MavenExecutionContext.java:153)
	at org.eclipse.m2e.core.internal.embedder.MavenExecutionContext.execute(MavenExecutionContext.java:101)
	at org.eclipse.m2e.core.internal.embedder.MavenImpl.execute(MavenImpl.java:1374)
	at org.eclipse.m2e.jdt.internal.DownloadSourcesJob.run(DownloadSourcesJob.java:161)
	at org.eclipse.core.internal.jobs.Worker.run(Worker.java:63)
2025-09-24 11:59:40,445 [Worker-102: Download sources and javadoc] INFO  o.e.m.c.i.e.AbstractTransferListenerAdapter - Downloading https://repo.maven.apache.org/maven2/javax/inject/javax.inject/1/javax.inject-1-javadoc.jar
2025-09-24 11:59:40,499 [Worker-102: Download sources and javadoc] INFO  o.e.m.c.i.e.AbstractTransferListenerAdapter - Downloaded https://repo.maven.apache.org/maven2/javax/inject/javax.inject/1/javax.inject-1-javadoc.jar
2025-09-24 11:59:40,501 [Worker-102: Download sources and javadoc] INFO  o.e.m.j.internal.DownloadSourcesJob - Downloaded javadoc for javax.inject:javax.inject:1
2025-09-24 11:59:40,521 [Worker-102: Download sources and javadoc] INFO  o.e.m.c.i.e.AbstractTransferListenerAdapter - Downloaded https://repo.maven.apache.org/maven2/javax/servlet/servlet-api/2.5/servlet-api-2.5-javadoc.jar
2025-09-24 11:59:40,523 [Worker-102: Download sources and javadoc] ERROR o.e.m.j.internal.DownloadSourcesJob - Could not download javadoc for javax.servlet:servlet-api:2.5
org.eclipse.core.runtime.CoreException: Could not resolve artifact javax.servlet:servlet-api:jar:javadoc:2.5
	at org.eclipse.m2e.core.internal.embedder.MavenImpl.lambda$4(MavenImpl.java:804)
	at org.eclipse.m2e.core.internal.embedder.MavenExecutionContext.executeBare(MavenExecutionContext.java:179)
	at org.eclipse.m2e.core.internal.embedder.MavenExecutionContext.execute(MavenExecutionContext.java:114)
	at org.eclipse.m2e.core.internal.embedder.MavenExecutionContext.execute(MavenExecutionContext.java:101)
	at org.eclipse.m2e.core.internal.embedder.MavenImpl.resolve(MavenImpl.java:772)
	at org.eclipse.m2e.core.internal.embedder.MavenImpl.resolve(MavenImpl.java:749)
	at org.eclipse.m2e.jdt.internal.DownloadSourcesJob.download(DownloadSourcesJob.java:330)
	at org.eclipse.m2e.jdt.internal.DownloadSourcesJob.downloadAttachments(DownloadSourcesJob.java:316)
	at org.eclipse.m2e.jdt.internal.DownloadSourcesJob.downloadMaven(DownloadSourcesJob.java:273)
	at org.eclipse.m2e.jdt.internal.DownloadSourcesJob.downloadFilesAndPopulateToUpdate(DownloadSourcesJob.java:233)
	at org.eclipse.m2e.jdt.internal.DownloadSourcesJob.lambda$0(DownloadSourcesJob.java:161)
	at org.eclipse.m2e.core.internal.embedder.MavenExecutionContext.executeBare(MavenExecutionContext.java:179)
	at org.eclipse.m2e.core.internal.embedder.MavenExecutionContext.execute(MavenExecutionContext.java:153)
	at org.eclipse.m2e.core.internal.embedder.MavenExecutionContext.execute(MavenExecutionContext.java:101)
	at org.eclipse.m2e.core.internal.embedder.MavenImpl.execute(MavenImpl.java:1374)
	at org.eclipse.m2e.jdt.internal.DownloadSourcesJob.run(DownloadSourcesJob.java:161)
	at org.eclipse.core.internal.jobs.Worker.run(Worker.java:63)
2025-09-24 11:59:40,552 [Worker-102: Download sources and javadoc] INFO  o.e.m.c.i.e.AbstractTransferListenerAdapter - Downloaded https://repo.maven.apache.org/maven2/javax/servlet/jsp/jsp-api/2.1/jsp-api-2.1-javadoc.jar
2025-09-24 11:59:40,554 [Worker-102: Download sources and javadoc] ERROR o.e.m.j.internal.DownloadSourcesJob - Could not download javadoc for javax.servlet.jsp:jsp-api:2.1
org.eclipse.core.runtime.CoreException: Could not resolve artifact javax.servlet.jsp:jsp-api:jar:javadoc:2.1
	at org.eclipse.m2e.core.internal.embedder.MavenImpl.lambda$4(MavenImpl.java:804)
	at org.eclipse.m2e.core.internal.embedder.MavenExecutionContext.executeBare(MavenExecutionContext.java:179)
	at org.eclipse.m2e.core.internal.embedder.MavenExecutionContext.execute(MavenExecutionContext.java:114)
	at org.eclipse.m2e.core.internal.embedder.MavenExecutionContext.execute(MavenExecutionContext.java:101)
	at org.eclipse.m2e.core.internal.embedder.MavenImpl.resolve(MavenImpl.java:772)
	at org.eclipse.m2e.core.internal.embedder.MavenImpl.resolve(MavenImpl.java:749)
	at org.eclipse.m2e.jdt.internal.DownloadSourcesJob.download(DownloadSourcesJob.java:330)
	at org.eclipse.m2e.jdt.internal.DownloadSourcesJob.downloadAttachments(DownloadSourcesJob.java:316)
	at org.eclipse.m2e.jdt.internal.DownloadSourcesJob.downloadMaven(DownloadSourcesJob.java:273)
	at org.eclipse.m2e.jdt.internal.DownloadSourcesJob.downloadFilesAndPopulateToUpdate(DownloadSourcesJob.java:233)
	at org.eclipse.m2e.jdt.internal.DownloadSourcesJob.lambda$0(DownloadSourcesJob.java:161)
	at org.eclipse.m2e.core.internal.embedder.MavenExecutionContext.executeBare(MavenExecutionContext.java:179)
	at org.eclipse.m2e.core.internal.embedder.MavenExecutionContext.execute(MavenExecutionContext.java:153)
	at org.eclipse.m2e.core.internal.embedder.MavenExecutionContext.execute(MavenExecutionContext.java:101)
	at org.eclipse.m2e.core.internal.embedder.MavenImpl.execute(MavenImpl.java:1374)
	at org.eclipse.m2e.jdt.internal.DownloadSourcesJob.run(DownloadSourcesJob.java:161)
	at org.eclipse.core.internal.jobs.Worker.run(Worker.java:63)
2025-09-24 11:59:40,758 [Worker-102: Download sources and javadoc] INFO  o.e.m.c.i.e.AbstractTransferListenerAdapter - Downloaded https://repo.maven.apache.org/maven2/javax/servlet/jstl/1.2/jstl-1.2-javadoc.jar
2025-09-24 11:59:40,760 [Worker-102: Download sources and javadoc] ERROR o.e.m.j.internal.DownloadSourcesJob - Could not download javadoc for javax.servlet:jstl:1.2
org.eclipse.core.runtime.CoreException: Could not resolve artifact javax.servlet:jstl:jar:javadoc:1.2
	at org.eclipse.m2e.core.internal.embedder.MavenImpl.lambda$4(MavenImpl.java:804)
	at org.eclipse.m2e.core.internal.embedder.MavenExecutionContext.executeBare(MavenExecutionContext.java:179)
	at org.eclipse.m2e.core.internal.embedder.MavenExecutionContext.execute(MavenExecutionContext.java:114)
	at org.eclipse.m2e.core.internal.embedder.MavenExecutionContext.execute(MavenExecutionContext.java:101)
	at org.eclipse.m2e.core.internal.embedder.MavenImpl.resolve(MavenImpl.java:772)
	at org.eclipse.m2e.core.internal.embedder.MavenImpl.resolve(MavenImpl.java:749)
	at org.eclipse.m2e.jdt.internal.DownloadSourcesJob.download(DownloadSourcesJob.java:330)
	at org.eclipse.m2e.jdt.internal.DownloadSourcesJob.downloadAttachments(DownloadSourcesJob.java:316)
	at org.eclipse.m2e.jdt.internal.DownloadSourcesJob.downloadMaven(DownloadSourcesJob.java:273)
	at org.eclipse.m2e.jdt.internal.DownloadSourcesJob.downloadFilesAndPopulateToUpdate(DownloadSourcesJob.java:233)
	at org.eclipse.m2e.jdt.internal.DownloadSourcesJob.lambda$0(DownloadSourcesJob.java:161)
	at org.eclipse.m2e.core.internal.embedder.MavenExecutionContext.executeBare(MavenExecutionContext.java:179)
	at org.eclipse.m2e.core.internal.embedder.MavenExecutionContext.execute(MavenExecutionContext.java:153)
	at org.eclipse.m2e.core.internal.embedder.MavenExecutionContext.execute(MavenExecutionContext.java:101)
	at org.eclipse.m2e.core.internal.embedder.MavenImpl.execute(MavenImpl.java:1374)
	at org.eclipse.m2e.jdt.internal.DownloadSourcesJob.run(DownloadSourcesJob.java:161)
	at org.eclipse.core.internal.jobs.Worker.run(Worker.java:63)
2025-09-24 11:59:40,962 [Worker-102: Download sources and javadoc] INFO  o.e.m.c.i.e.AbstractTransferListenerAdapter - Downloaded https://repo.maven.apache.org/maven2/junit/junit/4.7/junit-4.7-javadoc.jar
2025-09-24 11:59:40,965 [Worker-102: Download sources and javadoc] ERROR o.e.m.j.internal.DownloadSourcesJob - Could not download javadoc for junit:junit:4.7
org.eclipse.core.runtime.CoreException: Could not resolve artifact junit:junit:jar:javadoc:4.7
	at org.eclipse.m2e.core.internal.embedder.MavenImpl.lambda$4(MavenImpl.java:804)
	at org.eclipse.m2e.core.internal.embedder.MavenExecutionContext.executeBare(MavenExecutionContext.java:179)
	at org.eclipse.m2e.core.internal.embedder.MavenExecutionContext.execute(MavenExecutionContext.java:114)
	at org.eclipse.m2e.core.internal.embedder.MavenExecutionContext.execute(MavenExecutionContext.java:101)
	at org.eclipse.m2e.core.internal.embedder.MavenImpl.resolve(MavenImpl.java:772)
	at org.eclipse.m2e.core.internal.embedder.MavenImpl.resolve(MavenImpl.java:749)
	at org.eclipse.m2e.jdt.internal.DownloadSourcesJob.download(DownloadSourcesJob.java:330)
	at org.eclipse.m2e.jdt.internal.DownloadSourcesJob.downloadAttachments(DownloadSourcesJob.java:316)
	at org.eclipse.m2e.jdt.internal.DownloadSourcesJob.downloadMaven(DownloadSourcesJob.java:273)
	at org.eclipse.m2e.jdt.internal.DownloadSourcesJob.downloadFilesAndPopulateToUpdate(DownloadSourcesJob.java:233)
	at org.eclipse.m2e.jdt.internal.DownloadSourcesJob.lambda$0(DownloadSourcesJob.java:161)
	at org.eclipse.m2e.core.internal.embedder.MavenExecutionContext.executeBare(MavenExecutionContext.java:179)
	at org.eclipse.m2e.core.internal.embedder.MavenExecutionContext.execute(MavenExecutionContext.java:153)
	at org.eclipse.m2e.core.internal.embedder.MavenExecutionContext.execute(MavenExecutionContext.java:101)
	at org.eclipse.m2e.core.internal.embedder.MavenImpl.execute(MavenImpl.java:1374)
	at org.eclipse.m2e.jdt.internal.DownloadSourcesJob.run(DownloadSourcesJob.java:161)
	at org.eclipse.core.internal.jobs.Worker.run(Worker.java:63)
2025-09-24 11:59:40,981 [Worker-102: Download sources and javadoc] INFO  o.e.m.c.i.e.AbstractTransferListenerAdapter - Downloading https://repo.maven.apache.org/maven2/org/springframework/spring-jdbc/5.2.25.RELEASE/spring-jdbc-5.2.25.RELEASE-javadoc.jar
2025-09-24 11:59:41,169 [Worker-102: Download sources and javadoc] INFO  o.e.m.c.i.e.AbstractTransferListenerAdapter - Downloaded https://repo.maven.apache.org/maven2/org/springframework/spring-jdbc/5.2.25.RELEASE/spring-jdbc-5.2.25.RELEASE-javadoc.jar
2025-09-24 11:59:41,171 [Worker-102: Download sources and javadoc] INFO  o.e.m.j.internal.DownloadSourcesJob - Downloaded javadoc for org.springframework:spring-jdbc:5.2.25.RELEASE
2025-09-24 11:59:41,187 [Worker-102: Download sources and javadoc] INFO  o.e.m.c.i.e.AbstractTransferListenerAdapter - Downloading https://repo.maven.apache.org/maven2/commons-dbcp/commons-dbcp/1.4/commons-dbcp-1.4-javadoc.jar
2025-09-24 11:59:41,324 [Worker-102: Download sources and javadoc] INFO  o.e.m.c.i.e.AbstractTransferListenerAdapter - Downloaded https://repo.maven.apache.org/maven2/commons-dbcp/commons-dbcp/1.4/commons-dbcp-1.4-javadoc.jar
2025-09-24 11:59:41,327 [Worker-102: Download sources and javadoc] INFO  o.e.m.j.internal.DownloadSourcesJob - Downloaded javadoc for commons-dbcp:commons-dbcp:1.4
2025-09-24 11:59:41,341 [Worker-102: Download sources and javadoc] INFO  o.e.m.c.i.e.AbstractTransferListenerAdapter - Downloading https://repo.maven.apache.org/maven2/commons-pool/commons-pool/1.5.4/commons-pool-1.5.4-javadoc.jar
2025-09-24 11:59:41,433 [Worker-102: Download sources and javadoc] INFO  o.e.m.c.i.e.AbstractTransferListenerAdapter - Downloaded https://repo.maven.apache.org/maven2/commons-pool/commons-pool/1.5.4/commons-pool-1.5.4-javadoc.jar
2025-09-24 11:59:41,435 [Worker-102: Download sources and javadoc] INFO  o.e.m.j.internal.DownloadSourcesJob - Downloaded javadoc for commons-pool:commons-pool:1.5.4
2025-09-24 11:59:41,451 [Worker-102: Download sources and javadoc] INFO  o.e.m.c.i.e.AbstractTransferListenerAdapter - Downloading https://repo.maven.apache.org/maven2/com/oracle/database/jdbc/ojdbc11/23.5.0.24.07/ojdbc11-23.5.0.24.07-javadoc.jar
2025-09-24 11:59:41,768 [Worker-102: Download sources and javadoc] INFO  o.e.m.c.i.e.AbstractTransferListenerAdapter - Downloaded https://repo.maven.apache.org/maven2/com/oracle/database/jdbc/ojdbc11/23.5.0.24.07/ojdbc11-23.5.0.24.07-javadoc.jar
2025-09-24 11:59:41,770 [Worker-102: Download sources and javadoc] INFO  o.e.m.j.internal.DownloadSourcesJob - Downloaded javadoc for com.oracle.database.jdbc:ojdbc11:23.5.0.24.07
2025-09-24 11:59:41,787 [Worker-102: Download sources and javadoc] INFO  o.e.m.c.i.e.AbstractTransferListenerAdapter - Downloading https://repo.maven.apache.org/maven2/org/springframework/spring-tx/5.2.25.RELEASE/spring-tx-5.2.25.RELEASE-javadoc.jar
2025-09-24 11:59:41,945 [Worker-102: Download sources and javadoc] INFO  o.e.m.c.i.e.AbstractTransferListenerAdapter - Downloaded https://repo.maven.apache.org/maven2/org/springframework/spring-tx/5.2.25.RELEASE/spring-tx-5.2.25.RELEASE-javadoc.jar
2025-09-24 11:59:41,948 [Worker-102: Download sources and javadoc] INFO  o.e.m.j.internal.DownloadSourcesJob - Downloaded javadoc for org.springframework:spring-tx:5.2.25.RELEASE
2025-09-24 11:59:43,619 [Worker-100: Building] WARN  o.e.m.c.i.embedder.EclipseLogger - Using platform encoding (MS949 actually) to copy filtered resources, i.e. build is platform dependent!
2025-09-24 11:59:43,620 [Worker-100: Building] INFO  o.e.m.c.i.embedder.EclipseLogger - Copying 4 resources
2025-09-24 11:59:43,625 [Worker-100: Building] WARN  o.e.m.c.i.embedder.EclipseLogger - Using platform encoding (MS949 actually) to copy filtered resources, i.e. build is platform dependent!
2025-09-24 11:59:43,625 [Worker-100: Building] INFO  o.e.m.c.i.embedder.EclipseLogger - Copying 0 resource
2025-09-24 11:59:44,086 [Worker-100: Building] WARN  o.e.m.c.i.embedder.EclipseLogger - Using platform encoding (MS949 actually) to copy filtered resources, i.e. build is platform dependent!
2025-09-24 11:59:44,086 [Worker-100: Building] INFO  o.e.m.c.i.embedder.EclipseLogger - Copying 6 resources
2025-09-24 11:59:44,088 [Worker-100: Building] WARN  o.e.m.c.i.embedder.EclipseLogger - Using platform encoding (MS949 actually) to copy filtered resources, i.e. build is platform dependent!
2025-09-24 11:59:44,089 [Worker-100: Building] INFO  o.e.m.c.i.embedder.EclipseLogger - Copying 0 resource
2025-09-24 11:59:44,102 [Worker-100: Building] WARN  o.e.m.c.i.embedder.EclipseLogger - Using platform encoding (MS949 actually) to copy filtered resources, i.e. build is platform dependent!
2025-09-24 11:59:44,104 [Worker-100: Building] INFO  o.e.m.c.i.embedder.EclipseLogger - Copying 0 resource
2025-09-24 11:59:44,105 [Worker-100: Building] WARN  o.e.m.c.i.embedder.EclipseLogger - Using platform encoding (MS949 actually) to copy filtered resources, i.e. build is platform dependent!
2025-09-24 11:59:44,105 [Worker-100: Building] INFO  o.e.m.c.i.embedder.EclipseLogger - Copying 0 resource
2025-09-24 12:00:53,766 [Worker-6: Loading available Gradle versions] INFO  o.e.b.c.i.u.g.PublishedGradleVersions - Gradle version information cache is out-of-date. Trying to update.
2025-09-24 12:00:59,486 [Worker-7: Building] WARN  o.e.m.c.i.embedder.EclipseLogger - Using platform encoding (MS949 actually) to copy filtered resources, i.e. build is platform dependent!
2025-09-24 12:00:59,489 [Worker-7: Building] INFO  o.e.m.c.i.embedder.EclipseLogger - Copying 3 resources
2025-09-24 12:00:59,495 [Worker-7: Building] WARN  o.e.m.c.i.embedder.EclipseLogger - Using platform encoding (MS949 actually) to copy filtered resources, i.e. build is platform dependent!
2025-09-24 12:00:59,496 [Worker-7: Building] INFO  o.e.m.c.i.embedder.EclipseLogger - Copying 1 resource
2025-09-24 12:01:00,139 [Worker-7: Building] WARN  o.e.m.c.i.embedder.EclipseLogger - Using platform encoding (MS949 actually) to copy filtered resources, i.e. build is platform dependent!
2025-09-24 12:01:00,139 [Worker-7: Building] INFO  o.e.m.c.i.embedder.EclipseLogger - Copying 1 resource
2025-09-24 12:01:00,141 [Worker-7: Building] WARN  o.e.m.c.i.embedder.EclipseLogger - Using platform encoding (MS949 actually) to copy filtered resources, i.e. build is platform dependent!
2025-09-24 12:01:00,141 [Worker-7: Building] INFO  o.e.m.c.i.embedder.EclipseLogger - Copying 1 resource
2025-09-24 12:01:00,227 [Worker-7: Building] WARN  o.e.m.c.i.embedder.EclipseLogger - Using platform encoding (MS949 actually) to copy filtered resources, i.e. build is platform dependent!
2025-09-24 12:01:00,228 [Worker-7: Building] INFO  o.e.m.c.i.embedder.EclipseLogger - Copying 1 resource
2025-09-24 12:01:00,229 [Worker-7: Building] WARN  o.e.m.c.i.embedder.EclipseLogger - Using platform encoding (MS949 actually) to copy filtered resources, i.e. build is platform dependent!
2025-09-24 12:01:00,229 [Worker-7: Building] INFO  o.e.m.c.i.embedder.EclipseLogger - Copying 1 resource
2025-09-24 12:01:00,297 [Worker-7: Building] WARN  o.e.m.c.i.embedder.EclipseLogger - Using platform encoding (MS949 actually) to copy filtered resources, i.e. build is platform dependent!
2025-09-24 12:01:00,298 [Worker-7: Building] INFO  o.e.m.c.i.embedder.EclipseLogger - Copying 3 resources
2025-09-24 12:01:00,299 [Worker-7: Building] WARN  o.e.m.c.i.embedder.EclipseLogger - Using platform encoding (MS949 actually) to copy filtered resources, i.e. build is platform dependent!
2025-09-24 12:01:00,299 [Worker-7: Building] INFO  o.e.m.c.i.embedder.EclipseLogger - Copying 1 resource
2025-09-24 12:01:00,351 [Worker-7: Building] WARN  o.e.m.c.i.embedder.EclipseLogger - Using platform encoding (MS949 actually) to copy filtered resources, i.e. build is platform dependent!
2025-09-24 12:01:00,352 [Worker-7: Building] INFO  o.e.m.c.i.embedder.EclipseLogger - Copying 1 resource
2025-09-24 12:01:00,353 [Worker-7: Building] WARN  o.e.m.c.i.embedder.EclipseLogger - Using platform encoding (MS949 actually) to copy filtered resources, i.e. build is platform dependent!
2025-09-24 12:01:00,353 [Worker-7: Building] INFO  o.e.m.c.i.embedder.EclipseLogger - Copying 1 resource
2025-09-24 13:04:48,508 [Worker-27: Building] INFO  o.e.m.c.i.l.LifecycleMappingFactory - Using org.maven.ide.eclipse.wtp.WarLifecycleMapping lifecycle mapping for MavenProject: com.spring_mvc:mybatis:1.0.0-BUILD-SNAPSHOT @ D:\Spring\springWorkspace\spring_mvc_mybatis\pom.xml.
2025-09-24 13:04:48,971 [Worker-27: Building] WARN  o.e.m.c.i.embedder.EclipseLogger - Using platform encoding (MS949 actually) to copy filtered resources, i.e. build is platform dependent!
2025-09-24 13:04:48,973 [Worker-27: Building] INFO  o.e.m.c.i.embedder.EclipseLogger - Copying 0 resource
2025-09-24 13:04:48,975 [Worker-27: Building] WARN  o.e.m.c.i.embedder.EclipseLogger - Using platform encoding (MS949 actually) to copy filtered resources, i.e. build is platform dependent!
2025-09-24 13:04:48,975 [Worker-27: Building] INFO  o.e.m.c.i.embedder.EclipseLogger - Copying 0 resource
2025-09-24 13:04:48,977 [Worker-27: Building] INFO  o.e.m.w.i.f.ResourceFilteringBuildParticipant - Changed resources require a complete clean of filtered resources of spring_mvc_mybatis
2025-09-24 13:04:48,977 [Worker-27: Building] INFO  o.e.m.w.i.f.ResourceFilteringBuildParticipant - Executing resource filtering for spring_mvc_mybatis
2025-09-24 13:04:48,983 [Worker-27: Building] WARN  o.e.m.c.i.embedder.EclipseLogger - Using platform encoding (MS949 actually) to copy filtered resources, i.e. build is platform dependent!
2025-09-24 13:04:51,581 [Worker-30: Building] WARN  o.e.m.c.i.embedder.EclipseLogger - Using platform encoding (MS949 actually) to copy filtered resources, i.e. build is platform dependent!
2025-09-24 13:04:51,583 [Worker-30: Building] INFO  o.e.m.c.i.embedder.EclipseLogger - Copying 1 resource
2025-09-24 13:04:51,586 [Worker-30: Building] WARN  o.e.m.c.i.embedder.EclipseLogger - Using platform encoding (MS949 actually) to copy filtered resources, i.e. build is platform dependent!
2025-09-24 13:04:51,587 [Worker-30: Building] INFO  o.e.m.c.i.embedder.EclipseLogger - Copying 1 resource
2025-09-24 13:07:31,787 [Worker-31: Building] INFO  o.e.m.c.i.l.LifecycleMappingFactory - Using org.maven.ide.eclipse.wtp.WarLifecycleMapping lifecycle mapping for MavenProject: com.spring_mvc:mybatis:1.0.0-BUILD-SNAPSHOT @ D:\Spring\springWorkspace\spring_mvc_mybatis\pom.xml.
2025-09-24 13:07:31,956 [Worker-31: Building] INFO  o.e.m.c.i.e.AbstractTransferListenerAdapter - Downloading https://repo.maven.apache.org/maven2/org/mybatis/mybatis-spring/3.0.0/mybatis-spring-3.0.0.pom
2025-09-24 13:07:31,994 [Worker-31: Building] INFO  o.e.m.c.i.e.AbstractTransferListenerAdapter - Downloaded https://repo.maven.apache.org/maven2/org/mybatis/mybatis-spring/3.0.0/mybatis-spring-3.0.0.pom
2025-09-24 13:07:32,009 [Worker-31: Building] INFO  o.e.m.c.i.e.AbstractTransferListenerAdapter - Downloading https://repo.maven.apache.org/maven2/org/mybatis/mybatis-parent/36/mybatis-parent-36.pom
2025-09-24 13:07:32,054 [Worker-31: Building] INFO  o.e.m.c.i.e.AbstractTransferListenerAdapter - Downloaded https://repo.maven.apache.org/maven2/org/mybatis/mybatis-parent/36/mybatis-parent-36.pom
2025-09-24 13:07:32,069 [Worker-31: Building] INFO  o.e.m.c.i.e.AbstractTransferListenerAdapter - Downloading https://repo.maven.apache.org/maven2/org/mybatis/mybatis/3.5.14/mybatis-3.5.14.pom
2025-09-24 13:07:32,110 [Worker-31: Building] INFO  o.e.m.c.i.e.AbstractTransferListenerAdapter - Downloaded https://repo.maven.apache.org/maven2/org/mybatis/mybatis/3.5.14/mybatis-3.5.14.pom
2025-09-24 13:07:32,124 [Worker-31: Building] INFO  o.e.m.c.i.e.AbstractTransferListenerAdapter - Downloading https://repo.maven.apache.org/maven2/org/mybatis/mybatis-parent/39/mybatis-parent-39.pom
2025-09-24 13:07:32,161 [Worker-31: Building] INFO  o.e.m.c.i.e.AbstractTransferListenerAdapter - Downloaded https://repo.maven.apache.org/maven2/org/mybatis/mybatis-parent/39/mybatis-parent-39.pom
2025-09-24 13:07:32,182 [AetherRepositoryConnector-repo.maven.apache.org-0-0] INFO  o.e.m.c.i.e.AbstractTransferListenerAdapter - Downloading https://repo.maven.apache.org/maven2/org/mybatis/mybatis-spring/3.0.0/mybatis-spring-3.0.0.jar
2025-09-24 13:07:32,191 [AetherRepositoryConnector-repo.maven.apache.org-0-1] INFO  o.e.m.c.i.e.AbstractTransferListenerAdapter - Downloading https://repo.maven.apache.org/maven2/org/mybatis/mybatis/3.5.14/mybatis-3.5.14.jar
2025-09-24 13:07:32,272 [AetherRepositoryConnector-repo.maven.apache.org-0-0] INFO  o.e.m.c.i.e.AbstractTransferListenerAdapter - Downloaded https://repo.maven.apache.org/maven2/org/mybatis/mybatis-spring/3.0.0/mybatis-spring-3.0.0.jar
2025-09-24 13:07:32,381 [AetherRepositoryConnector-repo.maven.apache.org-0-1] INFO  o.e.m.c.i.e.AbstractTransferListenerAdapter - Downloaded https://repo.maven.apache.org/maven2/org/mybatis/mybatis/3.5.14/mybatis-3.5.14.jar
2025-09-24 13:07:32,504 [Worker-31: Building] WARN  o.e.m.c.i.embedder.EclipseLogger - Using platform encoding (MS949 actually) to copy filtered resources, i.e. build is platform dependent!
2025-09-24 13:07:32,504 [Worker-31: Building] INFO  o.e.m.c.i.embedder.EclipseLogger - Copying 0 resource
2025-09-24 13:07:32,505 [Worker-31: Building] WARN  o.e.m.c.i.embedder.EclipseLogger - Using platform encoding (MS949 actually) to copy filtered resources, i.e. build is platform dependent!
2025-09-24 13:07:32,505 [Worker-31: Building] INFO  o.e.m.c.i.embedder.EclipseLogger - Copying 0 resource
2025-09-24 13:07:32,505 [Worker-31: Building] INFO  o.e.m.w.i.f.ResourceFilteringBuildParticipant - Changed resources require a complete clean of filtered resources of spring_mvc_mybatis
2025-09-24 13:07:32,505 [Worker-31: Building] INFO  o.e.m.w.i.f.ResourceFilteringBuildParticipant - Executing resource filtering for spring_mvc_mybatis
2025-09-24 13:07:32,507 [Worker-31: Building] WARN  o.e.m.c.i.embedder.EclipseLogger - Using platform encoding (MS949 actually) to copy filtered resources, i.e. build is platform dependent!
2025-09-24 13:07:33,647 [Worker-31: Download sources and javadoc] INFO  o.e.m.c.i.e.AbstractTransferListenerAdapter - Downloading https://repo.maven.apache.org/maven2/org/mybatis/mybatis-spring/3.0.0/mybatis-spring-3.0.0-sources.jar
2025-09-24 13:07:33,714 [Worker-31: Download sources and javadoc] INFO  o.e.m.c.i.e.AbstractTransferListenerAdapter - Downloaded https://repo.maven.apache.org/maven2/org/mybatis/mybatis-spring/3.0.0/mybatis-spring-3.0.0-sources.jar
2025-09-24 13:07:33,721 [Worker-31: Download sources and javadoc] INFO  o.e.m.j.internal.DownloadSourcesJob - Downloaded sources for org.mybatis:mybatis-spring:3.0.0
2025-09-24 13:07:33,734 [Worker-31: Download sources and javadoc] INFO  o.e.m.c.i.e.AbstractTransferListenerAdapter - Downloading https://repo.maven.apache.org/maven2/org/mybatis/mybatis-spring/3.0.0/mybatis-spring-3.0.0-javadoc.jar
2025-09-24 13:07:33,748 [Worker-33: Building] WARN  o.e.m.c.i.embedder.EclipseLogger - Using platform encoding (MS949 actually) to copy filtered resources, i.e. build is platform dependent!
2025-09-24 13:07:33,749 [Worker-33: Building] INFO  o.e.m.c.i.embedder.EclipseLogger - Copying 1 resource
2025-09-24 13:07:33,750 [Worker-33: Building] WARN  o.e.m.c.i.embedder.EclipseLogger - Using platform encoding (MS949 actually) to copy filtered resources, i.e. build is platform dependent!
2025-09-24 13:07:33,751 [Worker-33: Building] INFO  o.e.m.c.i.embedder.EclipseLogger - Copying 1 resource
2025-09-24 13:07:33,813 [Worker-31: Download sources and javadoc] INFO  o.e.m.c.i.e.AbstractTransferListenerAdapter - Downloaded https://repo.maven.apache.org/maven2/org/mybatis/mybatis-spring/3.0.0/mybatis-spring-3.0.0-javadoc.jar
2025-09-24 13:07:33,815 [Worker-31: Download sources and javadoc] INFO  o.e.m.j.internal.DownloadSourcesJob - Downloaded javadoc for org.mybatis:mybatis-spring:3.0.0
2025-09-24 13:07:33,863 [Worker-31: Download sources and javadoc] INFO  o.e.m.c.i.e.AbstractTransferListenerAdapter - Downloading https://repo.maven.apache.org/maven2/org/mybatis/mybatis/3.5.14/mybatis-3.5.14-sources.jar
2025-09-24 13:07:33,953 [Worker-31: Download sources and javadoc] INFO  o.e.m.c.i.e.AbstractTransferListenerAdapter - Downloaded https://repo.maven.apache.org/maven2/org/mybatis/mybatis/3.5.14/mybatis-3.5.14-sources.jar
2025-09-24 13:07:33,955 [Worker-31: Download sources and javadoc] INFO  o.e.m.j.internal.DownloadSourcesJob - Downloaded sources for org.mybatis:mybatis:3.5.14
2025-09-24 13:07:33,970 [Worker-31: Download sources and javadoc] INFO  o.e.m.c.i.e.AbstractTransferListenerAdapter - Downloading https://repo.maven.apache.org/maven2/org/mybatis/mybatis/3.5.14/mybatis-3.5.14-javadoc.jar
2025-09-24 13:07:34,249 [Worker-31: Download sources and javadoc] INFO  o.e.m.c.i.e.AbstractTransferListenerAdapter - Downloaded https://repo.maven.apache.org/maven2/org/mybatis/mybatis/3.5.14/mybatis-3.5.14-javadoc.jar
2025-09-24 13:07:34,251 [Worker-31: Download sources and javadoc] INFO  o.e.m.j.internal.DownloadSourcesJob - Downloaded javadoc for org.mybatis:mybatis:3.5.14
2025-09-24 13:07:34,900 [Worker-27: Building] WARN  o.e.m.c.i.embedder.EclipseLogger - Using platform encoding (MS949 actually) to copy filtered resources, i.e. build is platform dependent!
2025-09-24 13:07:34,901 [Worker-27: Building] INFO  o.e.m.c.i.embedder.EclipseLogger - Copying 0 resource
2025-09-24 13:07:34,901 [Worker-27: Building] WARN  o.e.m.c.i.embedder.EclipseLogger - Using platform encoding (MS949 actually) to copy filtered resources, i.e. build is platform dependent!
2025-09-24 13:07:34,901 [Worker-27: Building] INFO  o.e.m.c.i.embedder.EclipseLogger - Copying 0 resource
2025-09-24 13:07:43,599 [Worker-32: Updating Maven Project] INFO  o.e.m.c.i.p.ProjectConfigurationManager - Update started
2025-09-24 13:07:43,714 [Worker-32: Updating Maven Project] INFO  o.e.m.c.i.l.LifecycleMappingFactory - Using org.maven.ide.eclipse.wtp.WarLifecycleMapping lifecycle mapping for MavenProject: com.spring_mvc:mybatis:1.0.0-BUILD-SNAPSHOT @ D:\Spring\springWorkspace\spring_mvc_mybatis\pom.xml.
2025-09-24 13:07:43,849 [Worker-32: Updating Maven Project] INFO  o.e.m.j.i.AbstractJavaProjectConfigurator - Adding source folder /spring_mvc_mybatis/src/main/java
2025-09-24 13:07:43,849 [Worker-32: Updating Maven Project] INFO  o.e.m.j.i.AbstractJavaProjectConfigurator - Adding resource folder /spring_mvc_mybatis/src/main/resources
2025-09-24 13:07:43,850 [Worker-32: Updating Maven Project] INFO  o.e.m.j.i.AbstractJavaProjectConfigurator - Adding source folder /spring_mvc_mybatis/src/test/java
2025-09-24 13:07:43,850 [Worker-32: Updating Maven Project] INFO  o.e.m.j.i.AbstractJavaProjectConfigurator - Adding resource folder /spring_mvc_mybatis/src/test/resources
2025-09-24 13:07:44,299 [Worker-32: Updating Maven Project] INFO  o.e.m.w.i.f.ResourceFilteringBuildParticipant - Cleaning filtered folder for spring_mvc_mybatis
2025-09-24 13:07:44,302 [Worker-32: Updating Maven Project] INFO  o.e.m.c.i.p.ProjectConfigurationManager - Update completed: 0 sec
2025-09-24 13:07:44,506 [Worker-32: Building] WARN  o.e.m.c.i.embedder.EclipseLogger - Using platform encoding (MS949 actually) to copy filtered resources, i.e. build is platform dependent!
2025-09-24 13:07:44,506 [Worker-32: Building] INFO  o.e.m.c.i.embedder.EclipseLogger - Copying 1 resource
2025-09-24 13:07:44,509 [Worker-32: Building] WARN  o.e.m.c.i.embedder.EclipseLogger - Using platform encoding (MS949 actually) to copy filtered resources, i.e. build is platform dependent!
2025-09-24 13:07:44,509 [Worker-32: Building] INFO  o.e.m.c.i.embedder.EclipseLogger - Copying 1 resource
2025-09-24 13:07:44,511 [Worker-32: Building] INFO  o.e.m.w.i.f.ResourceFilteringBuildParticipant - Changed resources require a complete clean of filtered resources of spring_mvc_mybatis
2025-09-24 13:07:44,511 [Worker-32: Building] INFO  o.e.m.w.i.f.ResourceFilteringBuildParticipant - Executing resource filtering for spring_mvc_mybatis
2025-09-24 13:07:44,513 [Worker-32: Building] WARN  o.e.m.c.i.embedder.EclipseLogger - Using platform encoding (MS949 actually) to copy filtered resources, i.e. build is platform dependent!
2025-09-24 13:10:58,868 [Worker-35: Building] WARN  o.e.m.c.i.embedder.EclipseLogger - Using platform encoding (MS949 actually) to copy filtered resources, i.e. build is platform dependent!
2025-09-24 13:10:58,869 [Worker-35: Building] INFO  o.e.m.c.i.embedder.EclipseLogger - Copying 0 resource
2025-09-24 13:10:58,869 [Worker-35: Building] WARN  o.e.m.c.i.embedder.EclipseLogger - Using platform encoding (MS949 actually) to copy filtered resources, i.e. build is platform dependent!
2025-09-24 13:10:58,870 [Worker-35: Building] INFO  o.e.m.c.i.embedder.EclipseLogger - Copying 0 resource
2025-09-24 13:13:28,717 [Worker-37: Building] WARN  o.e.m.c.i.embedder.EclipseLogger - Using platform encoding (MS949 actually) to copy filtered resources, i.e. build is platform dependent!
2025-09-24 13:13:28,719 [Worker-37: Building] INFO  o.e.m.c.i.embedder.EclipseLogger - Copying 1 resource
2025-09-24 13:13:28,721 [Worker-37: Building] WARN  o.e.m.c.i.embedder.EclipseLogger - Using platform encoding (MS949 actually) to copy filtered resources, i.e. build is platform dependent!
2025-09-24 13:13:28,722 [Worker-37: Building] INFO  o.e.m.c.i.embedder.EclipseLogger - Copying 0 resource
2025-09-24 13:13:35,932 [Worker-37: Building] WARN  o.e.m.c.i.embedder.EclipseLogger - Using platform encoding (MS949 actually) to copy filtered resources, i.e. build is platform dependent!
2025-09-24 13:13:35,933 [Worker-37: Building] INFO  o.e.m.c.i.embedder.EclipseLogger - Copying 1 resource
2025-09-24 13:13:35,935 [Worker-37: Building] WARN  o.e.m.c.i.embedder.EclipseLogger - Using platform encoding (MS949 actually) to copy filtered resources, i.e. build is platform dependent!
2025-09-24 13:13:35,936 [Worker-37: Building] INFO  o.e.m.c.i.embedder.EclipseLogger - Copying 0 resource
2025-09-24 13:14:21,046 [Worker-37: Building] WARN  o.e.m.c.i.embedder.EclipseLogger - Using platform encoding (MS949 actually) to copy filtered resources, i.e. build is platform dependent!
2025-09-24 13:14:21,047 [Worker-37: Building] INFO  o.e.m.c.i.embedder.EclipseLogger - Copying 1 resource
2025-09-24 13:14:21,049 [Worker-37: Building] WARN  o.e.m.c.i.embedder.EclipseLogger - Using platform encoding (MS949 actually) to copy filtered resources, i.e. build is platform dependent!
2025-09-24 13:14:21,050 [Worker-37: Building] INFO  o.e.m.c.i.embedder.EclipseLogger - Copying 0 resource
2025-09-24 13:14:47,833 [Worker-34: Building] WARN  o.e.m.c.i.embedder.EclipseLogger - Using platform encoding (MS949 actually) to copy filtered resources, i.e. build is platform dependent!
2025-09-24 13:14:47,834 [Worker-34: Building] INFO  o.e.m.c.i.embedder.EclipseLogger - Copying 1 resource
2025-09-24 13:14:47,837 [Worker-34: Building] WARN  o.e.m.c.i.embedder.EclipseLogger - Using platform encoding (MS949 actually) to copy filtered resources, i.e. build is platform dependent!
2025-09-24 13:14:47,838 [Worker-34: Building] INFO  o.e.m.c.i.embedder.EclipseLogger - Copying 0 resource
2025-09-24 13:16:01,590 [Worker-37: Building] WARN  o.e.m.c.i.embedder.EclipseLogger - Using platform encoding (MS949 actually) to copy filtered resources, i.e. build is platform dependent!
2025-09-24 13:16:01,591 [Worker-37: Building] INFO  o.e.m.c.i.embedder.EclipseLogger - Copying 0 resource
2025-09-24 13:16:01,592 [Worker-37: Building] WARN  o.e.m.c.i.embedder.EclipseLogger - Using platform encoding (MS949 actually) to copy filtered resources, i.e. build is platform dependent!
2025-09-24 13:16:01,592 [Worker-37: Building] INFO  o.e.m.c.i.embedder.EclipseLogger - Copying 0 resource
2025-09-24 13:22:23,773 [Worker-43: Building] WARN  o.e.m.c.i.embedder.EclipseLogger - Using platform encoding (MS949 actually) to copy filtered resources, i.e. build is platform dependent!
2025-09-24 13:22:23,774 [Worker-43: Building] INFO  o.e.m.c.i.embedder.EclipseLogger - Copying 1 resource
2025-09-24 13:22:23,776 [Worker-43: Building] WARN  o.e.m.c.i.embedder.EclipseLogger - Using platform encoding (MS949 actually) to copy filtered resources, i.e. build is platform dependent!
2025-09-24 13:22:23,776 [Worker-43: Building] INFO  o.e.m.c.i.embedder.EclipseLogger - Copying 0 resource
2025-09-24 13:41:55,231 [Worker-43: Building] WARN  o.e.m.c.i.embedder.EclipseLogger - Using platform encoding (MS949 actually) to copy filtered resources, i.e. build is platform dependent!
2025-09-24 13:41:55,232 [Worker-43: Building] INFO  o.e.m.c.i.embedder.EclipseLogger - Copying 1 resource
2025-09-24 13:41:55,234 [Worker-43: Building] WARN  o.e.m.c.i.embedder.EclipseLogger - Using platform encoding (MS949 actually) to copy filtered resources, i.e. build is platform dependent!
2025-09-24 13:41:55,236 [Worker-43: Building] INFO  o.e.m.c.i.embedder.EclipseLogger - Copying 0 resource
2025-09-24 13:42:08,220 [Worker-49: Building] WARN  o.e.m.c.i.embedder.EclipseLogger - Using platform encoding (MS949 actually) to copy filtered resources, i.e. build is platform dependent!
2025-09-24 13:42:08,221 [Worker-49: Building] INFO  o.e.m.c.i.embedder.EclipseLogger - Copying 1 resource
2025-09-24 13:42:08,223 [Worker-49: Building] WARN  o.e.m.c.i.embedder.EclipseLogger - Using platform encoding (MS949 actually) to copy filtered resources, i.e. build is platform dependent!
2025-09-24 13:42:08,223 [Worker-49: Building] INFO  o.e.m.c.i.embedder.EclipseLogger - Copying 0 resource
2025-09-24 13:45:39,892 [Worker-51: Building] WARN  o.e.m.c.i.embedder.EclipseLogger - Using platform encoding (MS949 actually) to copy filtered resources, i.e. build is platform dependent!
2025-09-24 13:45:39,893 [Worker-51: Building] INFO  o.e.m.c.i.embedder.EclipseLogger - Copying 1 resource
2025-09-24 13:45:39,895 [Worker-51: Building] WARN  o.e.m.c.i.embedder.EclipseLogger - Using platform encoding (MS949 actually) to copy filtered resources, i.e. build is platform dependent!
2025-09-24 13:45:39,896 [Worker-51: Building] INFO  o.e.m.c.i.embedder.EclipseLogger - Copying 0 resource
2025-09-24 14:07:42,933 [Worker-54: Building workspace] INFO  o.e.m.c.i.l.LifecycleMappingFactory - Using org.maven.ide.eclipse.wtp.WarLifecycleMapping lifecycle mapping for MavenProject: com.spring_mvc:mybatis2:1.0.0-BUILD-SNAPSHOT @ D:\Spring\springWorkspace\spring_nvc_mybatis2\pom.xml.
2025-09-24 14:07:43,078 [Worker-54: Building workspace] WARN  o.e.m.c.i.embedder.EclipseLogger - Using platform encoding (MS949 actually) to copy filtered resources, i.e. build is platform dependent!
2025-09-24 14:07:43,078 [Worker-54: Building workspace] INFO  o.e.m.c.i.embedder.EclipseLogger - Copying 1 resource
2025-09-24 14:07:43,081 [Worker-54: Building workspace] WARN  o.e.m.c.i.embedder.EclipseLogger - Using platform encoding (MS949 actually) to copy filtered resources, i.e. build is platform dependent!
2025-09-24 14:07:43,082 [Worker-54: Building workspace] INFO  o.e.m.c.i.embedder.EclipseLogger - Copying 1 resource
2025-09-24 14:07:43,650 [Worker-55: Building] WARN  o.e.m.c.i.embedder.EclipseLogger - Using platform encoding (MS949 actually) to copy filtered resources, i.e. build is platform dependent!
2025-09-24 14:07:43,651 [Worker-55: Building] INFO  o.e.m.c.i.embedder.EclipseLogger - Copying 1 resource
2025-09-24 14:07:43,654 [Worker-55: Building] WARN  o.e.m.c.i.embedder.EclipseLogger - Using platform encoding (MS949 actually) to copy filtered resources, i.e. build is platform dependent!
2025-09-24 14:07:43,655 [Worker-55: Building] INFO  o.e.m.c.i.embedder.EclipseLogger - Copying 1 resource
2025-09-24 14:08:11,692 [Worker-60: Building] INFO  o.e.m.c.i.l.LifecycleMappingFactory - Using org.maven.ide.eclipse.wtp.WarLifecycleMapping lifecycle mapping for MavenProject: com.spring_mvc:mybatis2:1.0.0-BUILD-SNAPSHOT @ D:\Spring\springWorkspace\spring_nvc_mybatis2\pom.xml.
2025-09-24 14:08:11,811 [Worker-60: Building] WARN  o.e.m.c.i.embedder.EclipseLogger - Using platform encoding (MS949 actually) to copy filtered resources, i.e. build is platform dependent!
2025-09-24 14:08:11,812 [Worker-60: Building] INFO  o.e.m.c.i.embedder.EclipseLogger - Copying 0 resource
2025-09-24 14:08:11,812 [Worker-60: Building] WARN  o.e.m.c.i.embedder.EclipseLogger - Using platform encoding (MS949 actually) to copy filtered resources, i.e. build is platform dependent!
2025-09-24 14:08:11,812 [Worker-60: Building] INFO  o.e.m.c.i.embedder.EclipseLogger - Copying 0 resource
2025-09-24 14:08:11,814 [Worker-60: Building] INFO  o.e.m.w.i.f.ResourceFilteringBuildParticipant - Changed resources require a complete clean of filtered resources of spring_nvc_mybatis2
2025-09-24 14:08:11,814 [Worker-60: Building] INFO  o.e.m.w.i.f.ResourceFilteringBuildParticipant - Executing resource filtering for spring_nvc_mybatis2
2025-09-24 14:08:11,816 [Worker-60: Building] WARN  o.e.m.c.i.embedder.EclipseLogger - Using platform encoding (MS949 actually) to copy filtered resources, i.e. build is platform dependent!
2025-09-24 14:08:13,337 [Worker-52: Building] WARN  o.e.m.c.i.embedder.EclipseLogger - Using platform encoding (MS949 actually) to copy filtered resources, i.e. build is platform dependent!
2025-09-24 14:08:13,337 [Worker-52: Building] INFO  o.e.m.c.i.embedder.EclipseLogger - Copying 1 resource
2025-09-24 14:08:13,340 [Worker-52: Building] WARN  o.e.m.c.i.embedder.EclipseLogger - Using platform encoding (MS949 actually) to copy filtered resources, i.e. build is platform dependent!
2025-09-24 14:08:13,342 [Worker-52: Building] INFO  o.e.m.c.i.embedder.EclipseLogger - Copying 1 resource
2025-09-24 14:12:17,144 [Worker-58: Building] INFO  o.e.m.c.i.l.LifecycleMappingFactory - Using org.maven.ide.eclipse.wtp.WarLifecycleMapping lifecycle mapping for MavenProject: com.spring_mvc:mybatis2:1.0.0-BUILD-SNAPSHOT @ D:\Spring\springWorkspace\spring_nvc_mybatis2\pom.xml.
2025-09-24 14:12:17,309 [Worker-58: Building] WARN  o.e.m.c.i.embedder.EclipseLogger - Using platform encoding (MS949 actually) to copy filtered resources, i.e. build is platform dependent!
2025-09-24 14:12:17,309 [Worker-58: Building] INFO  o.e.m.c.i.embedder.EclipseLogger - Copying 0 resource
2025-09-24 14:12:17,310 [Worker-58: Building] WARN  o.e.m.c.i.embedder.EclipseLogger - Using platform encoding (MS949 actually) to copy filtered resources, i.e. build is platform dependent!
2025-09-24 14:12:17,311 [Worker-58: Building] INFO  o.e.m.c.i.embedder.EclipseLogger - Copying 0 resource
2025-09-24 14:12:17,311 [Worker-58: Building] INFO  o.e.m.w.i.f.ResourceFilteringBuildParticipant - Changed resources require a complete clean of filtered resources of spring_nvc_mybatis2
2025-09-24 14:12:17,311 [Worker-58: Building] INFO  o.e.m.w.i.f.ResourceFilteringBuildParticipant - Executing resource filtering for spring_nvc_mybatis2
2025-09-24 14:12:17,314 [Worker-58: Building] WARN  o.e.m.c.i.embedder.EclipseLogger - Using platform encoding (MS949 actually) to copy filtered resources, i.e. build is platform dependent!
2025-09-24 14:12:18,889 [Worker-58: Building] WARN  o.e.m.c.i.embedder.EclipseLogger - Using platform encoding (MS949 actually) to copy filtered resources, i.e. build is platform dependent!
2025-09-24 14:12:18,890 [Worker-58: Building] INFO  o.e.m.c.i.embedder.EclipseLogger - Copying 1 resource
2025-09-24 14:12:18,892 [Worker-58: Building] WARN  o.e.m.c.i.embedder.EclipseLogger - Using platform encoding (MS949 actually) to copy filtered resources, i.e. build is platform dependent!
2025-09-24 14:12:18,893 [Worker-58: Building] INFO  o.e.m.c.i.embedder.EclipseLogger - Copying 1 resource
2025-09-24 14:12:26,379 [Worker-58: Updating Maven Project] INFO  o.e.m.c.i.p.ProjectConfigurationManager - Update started
2025-09-24 14:12:26,504 [Worker-58: Updating Maven Project] INFO  o.e.m.c.i.l.LifecycleMappingFactory - Using org.maven.ide.eclipse.wtp.WarLifecycleMapping lifecycle mapping for MavenProject: com.spring_mvc:mybatis2:1.0.0-BUILD-SNAPSHOT @ D:\Spring\springWorkspace\spring_nvc_mybatis2\pom.xml.
2025-09-24 14:12:26,636 [Worker-58: Updating Maven Project] INFO  o.e.m.j.i.AbstractJavaProjectConfigurator - Adding source folder /spring_nvc_mybatis2/src/main/java
2025-09-24 14:12:26,637 [Worker-58: Updating Maven Project] INFO  o.e.m.j.i.AbstractJavaProjectConfigurator - Adding resource folder /spring_nvc_mybatis2/src/main/resources
2025-09-24 14:12:26,637 [Worker-58: Updating Maven Project] INFO  o.e.m.j.i.AbstractJavaProjectConfigurator - Adding source folder /spring_nvc_mybatis2/src/test/java
2025-09-24 14:12:26,638 [Worker-58: Updating Maven Project] INFO  o.e.m.j.i.AbstractJavaProjectConfigurator - Adding resource folder /spring_nvc_mybatis2/src/test/resources
2025-09-24 14:12:27,078 [Worker-58: Updating Maven Project] INFO  o.e.m.w.i.f.ResourceFilteringBuildParticipant - Cleaning filtered folder for spring_nvc_mybatis2
2025-09-24 14:12:27,082 [Worker-58: Updating Maven Project] INFO  o.e.m.c.i.p.ProjectConfigurationManager - Update completed: 0 sec
2025-09-24 14:12:27,794 [Worker-62: Building Project spring_nvc_mybatis2] WARN  o.e.m.c.i.embedder.EclipseLogger - Using platform encoding (MS949 actually) to copy filtered resources, i.e. build is platform dependent!
2025-09-24 14:12:27,795 [Worker-62: Building Project spring_nvc_mybatis2] INFO  o.e.m.c.i.embedder.EclipseLogger - Copying 1 resource
2025-09-24 14:12:27,798 [Worker-62: Building Project spring_nvc_mybatis2] WARN  o.e.m.c.i.embedder.EclipseLogger - Using platform encoding (MS949 actually) to copy filtered resources, i.e. build is platform dependent!
2025-09-24 14:12:27,798 [Worker-62: Building Project spring_nvc_mybatis2] INFO  o.e.m.c.i.embedder.EclipseLogger - Copying 1 resource
2025-09-24 14:12:27,800 [Worker-62: Building Project spring_nvc_mybatis2] INFO  o.e.m.w.i.f.ResourceFilteringBuildParticipant - Changed resources require a complete clean of filtered resources of spring_nvc_mybatis2
2025-09-24 14:12:27,800 [Worker-62: Building Project spring_nvc_mybatis2] INFO  o.e.m.w.i.f.ResourceFilteringBuildParticipant - Executing resource filtering for spring_nvc_mybatis2
2025-09-24 14:12:27,802 [Worker-62: Building Project spring_nvc_mybatis2] WARN  o.e.m.c.i.embedder.EclipseLogger - Using platform encoding (MS949 actually) to copy filtered resources, i.e. build is platform dependent!
2025-09-24 14:12:28,746 [Worker-58: Building] WARN  o.e.m.c.i.embedder.EclipseLogger - Using platform encoding (MS949 actually) to copy filtered resources, i.e. build is platform dependent!
2025-09-24 14:12:28,747 [Worker-58: Building] INFO  o.e.m.c.i.embedder.EclipseLogger - Copying 0 resource
2025-09-24 14:12:28,748 [Worker-58: Building] WARN  o.e.m.c.i.embedder.EclipseLogger - Using platform encoding (MS949 actually) to copy filtered resources, i.e. build is platform dependent!
2025-09-24 14:12:28,748 [Worker-58: Building] INFO  o.e.m.c.i.embedder.EclipseLogger - Copying 0 resource
2025-09-24 14:13:08,822 [Worker-58: Building] WARN  o.e.m.c.i.embedder.EclipseLogger - Using platform encoding (MS949 actually) to copy filtered resources, i.e. build is platform dependent!
2025-09-24 14:13:08,822 [Worker-58: Building] INFO  o.e.m.c.i.embedder.EclipseLogger - Copying 0 resource
2025-09-24 14:13:08,823 [Worker-58: Building] WARN  o.e.m.c.i.embedder.EclipseLogger - Using platform encoding (MS949 actually) to copy filtered resources, i.e. build is platform dependent!
2025-09-24 14:13:08,824 [Worker-58: Building] INFO  o.e.m.c.i.embedder.EclipseLogger - Copying 0 resource
2025-09-24 14:13:17,752 [Worker-62: Building] WARN  o.e.m.c.i.embedder.EclipseLogger - Using platform encoding (MS949 actually) to copy filtered resources, i.e. build is platform dependent!
2025-09-24 14:13:17,753 [Worker-62: Building] INFO  o.e.m.c.i.embedder.EclipseLogger - Copying 0 resource
2025-09-24 14:13:17,754 [Worker-62: Building] WARN  o.e.m.c.i.embedder.EclipseLogger - Using platform encoding (MS949 actually) to copy filtered resources, i.e. build is platform dependent!
2025-09-24 14:13:17,754 [Worker-62: Building] INFO  o.e.m.c.i.embedder.EclipseLogger - Copying 0 resource
2025-09-24 14:13:42,585 [Worker-58: Building] WARN  o.e.m.c.i.embedder.EclipseLogger - Using platform encoding (MS949 actually) to copy filtered resources, i.e. build is platform dependent!
2025-09-24 14:13:42,586 [Worker-58: Building] INFO  o.e.m.c.i.embedder.EclipseLogger - Copying 1 resource
2025-09-24 14:13:42,588 [Worker-58: Building] WARN  o.e.m.c.i.embedder.EclipseLogger - Using platform encoding (MS949 actually) to copy filtered resources, i.e. build is platform dependent!
2025-09-24 14:13:42,589 [Worker-58: Building] INFO  o.e.m.c.i.embedder.EclipseLogger - Copying 0 resource
2025-09-24 14:14:03,324 [Worker-61: Building] WARN  o.e.m.c.i.embedder.EclipseLogger - Using platform encoding (MS949 actually) to copy filtered resources, i.e. build is platform dependent!
2025-09-24 14:14:03,325 [Worker-61: Building] INFO  o.e.m.c.i.embedder.EclipseLogger - Copying 1 resource
2025-09-24 14:14:03,327 [Worker-61: Building] WARN  o.e.m.c.i.embedder.EclipseLogger - Using platform encoding (MS949 actually) to copy filtered resources, i.e. build is platform dependent!
2025-09-24 14:14:03,328 [Worker-61: Building] INFO  o.e.m.c.i.embedder.EclipseLogger - Copying 0 resource
2025-09-24 14:14:35,962 [Worker-55: Building] INFO  o.e.m.c.i.l.LifecycleMappingFactory - Using org.maven.ide.eclipse.wtp.WarLifecycleMapping lifecycle mapping for MavenProject: com.spring_mvc:mybatis2:1.0.0-BUILD-SNAPSHOT @ D:\Spring\springWorkspace\spring_mvc_mybatis2\pom.xml.
2025-09-24 14:14:36,106 [Worker-55: Building] WARN  o.e.m.c.i.embedder.EclipseLogger - Using platform encoding (MS949 actually) to copy filtered resources, i.e. build is platform dependent!
2025-09-24 14:14:36,107 [Worker-55: Building] INFO  o.e.m.c.i.embedder.EclipseLogger - Copying 3 resources
2025-09-24 14:14:36,114 [Worker-55: Building] WARN  o.e.m.c.i.embedder.EclipseLogger - Using platform encoding (MS949 actually) to copy filtered resources, i.e. build is platform dependent!
2025-09-24 14:14:36,115 [Worker-55: Building] INFO  o.e.m.c.i.embedder.EclipseLogger - Copying 1 resource
2025-09-24 14:14:38,193 [Worker-52: Building] WARN  o.e.m.c.i.embedder.EclipseLogger - Using platform encoding (MS949 actually) to copy filtered resources, i.e. build is platform dependent!
2025-09-24 14:14:38,195 [Worker-52: Building] INFO  o.e.m.c.i.embedder.EclipseLogger - Copying 3 resources
2025-09-24 14:14:38,200 [Worker-52: Building] WARN  o.e.m.c.i.embedder.EclipseLogger - Using platform encoding (MS949 actually) to copy filtered resources, i.e. build is platform dependent!
2025-09-24 14:14:38,201 [Worker-52: Building] INFO  o.e.m.c.i.embedder.EclipseLogger - Copying 1 resource
2025-09-24 14:15:47,952 [Worker-58: Updating Maven Project] INFO  o.e.m.c.i.p.ProjectConfigurationManager - Update started
2025-09-24 14:15:48,088 [Worker-58: Updating Maven Project] INFO  o.e.m.c.i.l.LifecycleMappingFactory - Using org.maven.ide.eclipse.wtp.WarLifecycleMapping lifecycle mapping for MavenProject: com.spring_mvc:mybatis2:1.0.0-BUILD-SNAPSHOT @ D:\Spring\springWorkspace\spring_mvc_mybatis2\pom.xml.
2025-09-24 14:15:48,227 [Worker-58: Updating Maven Project] INFO  o.e.m.j.i.AbstractJavaProjectConfigurator - Adding source folder /spring_mvc_mybatis2/src/main/java
2025-09-24 14:15:48,228 [Worker-58: Updating Maven Project] INFO  o.e.m.j.i.AbstractJavaProjectConfigurator - Adding resource folder /spring_mvc_mybatis2/src/main/resources
2025-09-24 14:15:48,228 [Worker-58: Updating Maven Project] INFO  o.e.m.j.i.AbstractJavaProjectConfigurator - Adding source folder /spring_mvc_mybatis2/src/test/java
2025-09-24 14:15:48,228 [Worker-58: Updating Maven Project] INFO  o.e.m.j.i.AbstractJavaProjectConfigurator - Adding resource folder /spring_mvc_mybatis2/src/test/resources
2025-09-24 14:15:48,474 [Worker-58: Updating Maven Project] INFO  o.e.m.w.i.f.ResourceFilteringBuildParticipant - Cleaning filtered folder for spring_mvc_mybatis2
2025-09-24 14:15:48,478 [Worker-58: Updating Maven Project] INFO  o.e.m.c.i.p.ProjectConfigurationManager - Update completed: 0 sec
2025-09-24 14:15:49,240 [Worker-52: Building] WARN  o.e.m.c.i.embedder.EclipseLogger - Using platform encoding (MS949 actually) to copy filtered resources, i.e. build is platform dependent!
2025-09-24 14:15:49,241 [Worker-52: Building] INFO  o.e.m.c.i.embedder.EclipseLogger - Copying 3 resources
2025-09-24 14:15:49,247 [Worker-52: Building] WARN  o.e.m.c.i.embedder.EclipseLogger - Using platform encoding (MS949 actually) to copy filtered resources, i.e. build is platform dependent!
2025-09-24 14:15:49,248 [Worker-52: Building] INFO  o.e.m.c.i.embedder.EclipseLogger - Copying 1 resource
2025-09-24 14:15:49,249 [Worker-52: Building] INFO  o.e.m.w.i.f.ResourceFilteringBuildParticipant - Changed resources require a complete clean of filtered resources of spring_mvc_mybatis2
2025-09-24 14:15:49,249 [Worker-52: Building] INFO  o.e.m.w.i.f.ResourceFilteringBuildParticipant - Executing resource filtering for spring_mvc_mybatis2
2025-09-24 14:15:49,252 [Worker-52: Building] WARN  o.e.m.c.i.embedder.EclipseLogger - Using platform encoding (MS949 actually) to copy filtered resources, i.e. build is platform dependent!
2025-09-24 14:18:07,293 [Worker-65: Building] WARN  o.e.m.c.i.embedder.EclipseLogger - Using platform encoding (MS949 actually) to copy filtered resources, i.e. build is platform dependent!
2025-09-24 14:18:07,294 [Worker-65: Building] INFO  o.e.m.c.i.embedder.EclipseLogger - Copying 3 resources
2025-09-24 14:18:07,295 [Worker-65: Building] WARN  o.e.m.c.i.embedder.EclipseLogger - Using platform encoding (MS949 actually) to copy filtered resources, i.e. build is platform dependent!
2025-09-24 14:18:07,296 [Worker-65: Building] INFO  o.e.m.c.i.embedder.EclipseLogger - Copying 0 resource
2025-09-24 14:18:22,318 [Worker-65: Building] WARN  o.e.m.c.i.embedder.EclipseLogger - Using platform encoding (MS949 actually) to copy filtered resources, i.e. build is platform dependent!
2025-09-24 14:18:22,320 [Worker-65: Building] INFO  o.e.m.c.i.embedder.EclipseLogger - Copying 3 resources
2025-09-24 14:18:22,320 [Worker-65: Building] WARN  o.e.m.c.i.embedder.EclipseLogger - Using platform encoding (MS949 actually) to copy filtered resources, i.e. build is platform dependent!
2025-09-24 14:18:22,322 [Worker-65: Building] INFO  o.e.m.c.i.embedder.EclipseLogger - Copying 0 resource
2025-09-24 14:18:25,960 [Worker-66: Building] WARN  o.e.m.c.i.embedder.EclipseLogger - Using platform encoding (MS949 actually) to copy filtered resources, i.e. build is platform dependent!
2025-09-24 14:18:25,962 [Worker-66: Building] INFO  o.e.m.c.i.embedder.EclipseLogger - Copying 3 resources
2025-09-24 14:18:25,964 [Worker-66: Building] WARN  o.e.m.c.i.embedder.EclipseLogger - Using platform encoding (MS949 actually) to copy filtered resources, i.e. build is platform dependent!
2025-09-24 14:18:25,965 [Worker-66: Building] INFO  o.e.m.c.i.embedder.EclipseLogger - Copying 0 resource
2025-09-24 14:18:29,692 [Worker-55: Building] WARN  o.e.m.c.i.embedder.EclipseLogger - Using platform encoding (MS949 actually) to copy filtered resources, i.e. build is platform dependent!
2025-09-24 14:18:29,693 [Worker-55: Building] INFO  o.e.m.c.i.embedder.EclipseLogger - Copying 0 resource
2025-09-24 14:18:29,694 [Worker-55: Building] WARN  o.e.m.c.i.embedder.EclipseLogger - Using platform encoding (MS949 actually) to copy filtered resources, i.e. build is platform dependent!
2025-09-24 14:18:29,694 [Worker-55: Building] INFO  o.e.m.c.i.embedder.EclipseLogger - Copying 0 resource
2025-09-24 14:18:45,398 [Worker-55: Building] WARN  o.e.m.c.i.embedder.EclipseLogger - Using platform encoding (MS949 actually) to copy filtered resources, i.e. build is platform dependent!
2025-09-24 14:18:45,400 [Worker-55: Building] INFO  o.e.m.c.i.embedder.EclipseLogger - Copying 3 resources
2025-09-24 14:18:45,402 [Worker-55: Building] WARN  o.e.m.c.i.embedder.EclipseLogger - Using platform encoding (MS949 actually) to copy filtered resources, i.e. build is platform dependent!
2025-09-24 14:18:45,403 [Worker-55: Building] INFO  o.e.m.c.i.embedder.EclipseLogger - Copying 0 resource
2025-09-24 14:18:54,985 [Worker-63: Building] WARN  o.e.m.c.i.embedder.EclipseLogger - Using platform encoding (MS949 actually) to copy filtered resources, i.e. build is platform dependent!
2025-09-24 14:18:54,987 [Worker-63: Building] INFO  o.e.m.c.i.embedder.EclipseLogger - Copying 3 resources
2025-09-24 14:18:54,987 [Worker-63: Building] WARN  o.e.m.c.i.embedder.EclipseLogger - Using platform encoding (MS949 actually) to copy filtered resources, i.e. build is platform dependent!
2025-09-24 14:18:54,988 [Worker-63: Building] INFO  o.e.m.c.i.embedder.EclipseLogger - Copying 0 resource
2025-09-24 14:19:04,669 [Worker-66: Building] WARN  o.e.m.c.i.embedder.EclipseLogger - Using platform encoding (MS949 actually) to copy filtered resources, i.e. build is platform dependent!
2025-09-24 14:19:04,672 [Worker-66: Building] INFO  o.e.m.c.i.embedder.EclipseLogger - Copying 3 resources
2025-09-24 14:19:04,673 [Worker-66: Building] WARN  o.e.m.c.i.embedder.EclipseLogger - Using platform encoding (MS949 actually) to copy filtered resources, i.e. build is platform dependent!
2025-09-24 14:19:04,674 [Worker-66: Building] INFO  o.e.m.c.i.embedder.EclipseLogger - Copying 0 resource
2025-09-24 14:19:13,170 [Worker-63: Building] WARN  o.e.m.c.i.embedder.EclipseLogger - Using platform encoding (MS949 actually) to copy filtered resources, i.e. build is platform dependent!
2025-09-24 14:19:13,172 [Worker-63: Building] INFO  o.e.m.c.i.embedder.EclipseLogger - Copying 3 resources
2025-09-24 14:19:13,173 [Worker-63: Building] WARN  o.e.m.c.i.embedder.EclipseLogger - Using platform encoding (MS949 actually) to copy filtered resources, i.e. build is platform dependent!
2025-09-24 14:19:13,174 [Worker-63: Building] INFO  o.e.m.c.i.embedder.EclipseLogger - Copying 0 resource
2025-09-24 14:21:34,766 [Worker-65: Building] WARN  o.e.m.c.i.embedder.EclipseLogger - Using platform encoding (MS949 actually) to copy filtered resources, i.e. build is platform dependent!
2025-09-24 14:21:34,768 [Worker-65: Building] INFO  o.e.m.c.i.embedder.EclipseLogger - Copying 3 resources
2025-09-24 14:21:34,769 [Worker-65: Building] WARN  o.e.m.c.i.embedder.EclipseLogger - Using platform encoding (MS949 actually) to copy filtered resources, i.e. build is platform dependent!
2025-09-24 14:21:34,769 [Worker-65: Building] INFO  o.e.m.c.i.embedder.EclipseLogger - Copying 0 resource
2025-09-24 14:26:04,491 [Start Help Server] INFO  org.eclipse.jetty.server.Server - jetty-10.0.6; built: 2021-06-29T15:28:56.259Z; git: 37e7731b4b142a882d73974ff3bec78d621bd674; jvm 11.0.27+8-LTS-232
2025-09-24 14:26:04,518 [Start Help Server] INFO  o.e.j.s.s.DefaultSessionIdManager - Session workerName=node0
2025-09-24 14:26:04,554 [Start Help Server] INFO  o.e.j.server.handler.ContextHandler - Started o.e.j.s.ServletContextHandler@603dca58{/help,null,AVAILABLE}
2025-09-24 14:26:04,575 [Start Help Server] INFO  o.e.jetty.server.AbstractConnector - Started ServerConnector@62c8f478{HTTP/1.1, (http/1.1)}{127.0.0.1:3140}
2025-09-24 14:26:04,578 [Start Help Server] INFO  org.eclipse.jetty.server.Server - Started Server@254b9eed{STARTING}[10.0.6,sto=0] @8759336ms
2025-09-24 14:29:49,729 [Worker-72: Building] WARN  o.e.m.c.i.embedder.EclipseLogger - Using platform encoding (MS949 actually) to copy filtered resources, i.e. build is platform dependent!
2025-09-24 14:29:49,731 [Worker-72: Building] INFO  o.e.m.c.i.embedder.EclipseLogger - Copying 3 resources
2025-09-24 14:29:49,732 [Worker-72: Building] WARN  o.e.m.c.i.embedder.EclipseLogger - Using platform encoding (MS949 actually) to copy filtered resources, i.e. build is platform dependent!
2025-09-24 14:29:49,733 [Worker-72: Building] INFO  o.e.m.c.i.embedder.EclipseLogger - Copying 0 resource
2025-09-24 14:29:59,340 [Worker-68: Building] WARN  o.e.m.c.i.embedder.EclipseLogger - Using platform encoding (MS949 actually) to copy filtered resources, i.e. build is platform dependent!
2025-09-24 14:29:59,342 [Worker-68: Building] INFO  o.e.m.c.i.embedder.EclipseLogger - Copying 3 resources
2025-09-24 14:29:59,343 [Worker-68: Building] WARN  o.e.m.c.i.embedder.EclipseLogger - Using platform encoding (MS949 actually) to copy filtered resources, i.e. build is platform dependent!
2025-09-24 14:29:59,345 [Worker-68: Building] INFO  o.e.m.c.i.embedder.EclipseLogger - Copying 0 resource
2025-09-24 14:30:14,510 [Worker-72: Building] WARN  o.e.m.c.i.embedder.EclipseLogger - Using platform encoding (MS949 actually) to copy filtered resources, i.e. build is platform dependent!
2025-09-24 14:30:14,511 [Worker-72: Building] INFO  o.e.m.c.i.embedder.EclipseLogger - Copying 3 resources
2025-09-24 14:30:14,512 [Worker-72: Building] WARN  o.e.m.c.i.embedder.EclipseLogger - Using platform encoding (MS949 actually) to copy filtered resources, i.e. build is platform dependent!
2025-09-24 14:30:14,513 [Worker-72: Building] INFO  o.e.m.c.i.embedder.EclipseLogger - Copying 0 resource
2025-09-24 14:39:26,120 [Worker-68: Building] WARN  o.e.m.c.i.embedder.EclipseLogger - Using platform encoding (MS949 actually) to copy filtered resources, i.e. build is platform dependent!
2025-09-24 14:39:26,122 [Worker-68: Building] INFO  o.e.m.c.i.embedder.EclipseLogger - Copying 3 resources
2025-09-24 14:39:26,123 [Worker-68: Building] WARN  o.e.m.c.i.embedder.EclipseLogger - Using platform encoding (MS949 actually) to copy filtered resources, i.e. build is platform dependent!
2025-09-24 14:39:26,125 [Worker-68: Building] INFO  o.e.m.c.i.embedder.EclipseLogger - Copying 0 resource
2025-09-24 14:48:09,393 [Worker-83: Building] WARN  o.e.m.c.i.embedder.EclipseLogger - Using platform encoding (MS949 actually) to copy filtered resources, i.e. build is platform dependent!
2025-09-24 14:48:09,395 [Worker-83: Building] INFO  o.e.m.c.i.embedder.EclipseLogger - Copying 3 resources
2025-09-24 14:48:09,396 [Worker-83: Building] WARN  o.e.m.c.i.embedder.EclipseLogger - Using platform encoding (MS949 actually) to copy filtered resources, i.e. build is platform dependent!
2025-09-24 14:48:09,397 [Worker-83: Building] INFO  o.e.m.c.i.embedder.EclipseLogger - Copying 0 resource
2025-09-24 14:48:13,450 [Worker-83: Building] WARN  o.e.m.c.i.embedder.EclipseLogger - Using platform encoding (MS949 actually) to copy filtered resources, i.e. build is platform dependent!
2025-09-24 14:48:13,451 [Worker-83: Building] INFO  o.e.m.c.i.embedder.EclipseLogger - Copying 3 resources
2025-09-24 14:48:13,454 [Worker-83: Building] WARN  o.e.m.c.i.embedder.EclipseLogger - Using platform encoding (MS949 actually) to copy filtered resources, i.e. build is platform dependent!
2025-09-24 14:48:13,454 [Worker-83: Building] INFO  o.e.m.c.i.embedder.EclipseLogger - Copying 0 resource
2025-09-24 15:11:01,772 [Worker-87: Building] WARN  o.e.m.c.i.embedder.EclipseLogger - Using platform encoding (MS949 actually) to copy filtered resources, i.e. build is platform dependent!
2025-09-24 15:11:01,774 [Worker-87: Building] INFO  o.e.m.c.i.embedder.EclipseLogger - Copying 3 resources
2025-09-24 15:11:01,775 [Worker-87: Building] WARN  o.e.m.c.i.embedder.EclipseLogger - Using platform encoding (MS949 actually) to copy filtered resources, i.e. build is platform dependent!
2025-09-24 15:11:01,776 [Worker-87: Building] INFO  o.e.m.c.i.embedder.EclipseLogger - Copying 0 resource
2025-09-24 15:32:20,412 [Worker-90: Building] WARN  o.e.m.c.i.embedder.EclipseLogger - Using platform encoding (MS949 actually) to copy filtered resources, i.e. build is platform dependent!
2025-09-24 15:32:20,414 [Worker-90: Building] INFO  o.e.m.c.i.embedder.EclipseLogger - Copying 3 resources
2025-09-24 15:32:20,415 [Worker-90: Building] WARN  o.e.m.c.i.embedder.EclipseLogger - Using platform encoding (MS949 actually) to copy filtered resources, i.e. build is platform dependent!
2025-09-24 15:32:20,416 [Worker-90: Building] INFO  o.e.m.c.i.embedder.EclipseLogger - Copying 0 resource
2025-09-24 15:32:29,886 [Worker-90: Building] WARN  o.e.m.c.i.embedder.EclipseLogger - Using platform encoding (MS949 actually) to copy filtered resources, i.e. build is platform dependent!
2025-09-24 15:32:29,887 [Worker-90: Building] INFO  o.e.m.c.i.embedder.EclipseLogger - Copying 3 resources
2025-09-24 15:32:29,888 [Worker-90: Building] WARN  o.e.m.c.i.embedder.EclipseLogger - Using platform encoding (MS949 actually) to copy filtered resources, i.e. build is platform dependent!
2025-09-24 15:32:29,889 [Worker-90: Building] INFO  o.e.m.c.i.embedder.EclipseLogger - Copying 0 resource
2025-09-24 15:32:34,553 [Worker-97: Building] WARN  o.e.m.c.i.embedder.EclipseLogger - Using platform encoding (MS949 actually) to copy filtered resources, i.e. build is platform dependent!
2025-09-24 15:32:34,553 [Worker-97: Building] INFO  o.e.m.c.i.embedder.EclipseLogger - Copying 3 resources
2025-09-24 15:32:34,556 [Worker-97: Building] WARN  o.e.m.c.i.embedder.EclipseLogger - Using platform encoding (MS949 actually) to copy filtered resources, i.e. build is platform dependent!
2025-09-24 15:32:34,557 [Worker-97: Building] INFO  o.e.m.c.i.embedder.EclipseLogger - Copying 0 resource
2025-09-24 15:32:48,641 [Worker-96: Building] WARN  o.e.m.c.i.embedder.EclipseLogger - Using platform encoding (MS949 actually) to copy filtered resources, i.e. build is platform dependent!
2025-09-24 15:32:48,642 [Worker-96: Building] INFO  o.e.m.c.i.embedder.EclipseLogger - Copying 0 resource
2025-09-24 15:32:48,642 [Worker-96: Building] WARN  o.e.m.c.i.embedder.EclipseLogger - Using platform encoding (MS949 actually) to copy filtered resources, i.e. build is platform dependent!
2025-09-24 15:32:48,642 [Worker-96: Building] INFO  o.e.m.c.i.embedder.EclipseLogger - Copying 0 resource
2025-09-24 15:34:01,479 [Worker-98: Building] WARN  o.e.m.c.i.embedder.EclipseLogger - Using platform encoding (MS949 actually) to copy filtered resources, i.e. build is platform dependent!
2025-09-24 15:34:01,480 [Worker-98: Building] INFO  o.e.m.c.i.embedder.EclipseLogger - Copying 1 resource
2025-09-24 15:34:01,482 [Worker-98: Building] WARN  o.e.m.c.i.embedder.EclipseLogger - Using platform encoding (MS949 actually) to copy filtered resources, i.e. build is platform dependent!
2025-09-24 15:34:01,483 [Worker-98: Building] INFO  o.e.m.c.i.embedder.EclipseLogger - Copying 0 resource
2025-09-24 15:38:20,203 [Worker-94: Building] WARN  o.e.m.c.i.embedder.EclipseLogger - Using platform encoding (MS949 actually) to copy filtered resources, i.e. build is platform dependent!
2025-09-24 15:38:20,204 [Worker-94: Building] INFO  o.e.m.c.i.embedder.EclipseLogger - Copying 0 resource
2025-09-24 15:38:20,204 [Worker-94: Building] WARN  o.e.m.c.i.embedder.EclipseLogger - Using platform encoding (MS949 actually) to copy filtered resources, i.e. build is platform dependent!
2025-09-24 15:38:20,206 [Worker-94: Building] INFO  o.e.m.c.i.embedder.EclipseLogger - Copying 0 resource
2025-09-24 15:40:10,126 [Worker-99: Building] WARN  o.e.m.c.i.embedder.EclipseLogger - Using platform encoding (MS949 actually) to copy filtered resources, i.e. build is platform dependent!
2025-09-24 15:40:10,128 [Worker-99: Building] INFO  o.e.m.c.i.embedder.EclipseLogger - Copying 3 resources
2025-09-24 15:40:10,128 [Worker-99: Building] WARN  o.e.m.c.i.embedder.EclipseLogger - Using platform encoding (MS949 actually) to copy filtered resources, i.e. build is platform dependent!
2025-09-24 15:40:10,129 [Worker-99: Building] INFO  o.e.m.c.i.embedder.EclipseLogger - Copying 0 resource
2025-09-24 15:45:13,964 [Worker-107: Building] WARN  o.e.m.c.i.embedder.EclipseLogger - Using platform encoding (MS949 actually) to copy filtered resources, i.e. build is platform dependent!
2025-09-24 15:45:13,965 [Worker-107: Building] INFO  o.e.m.c.i.embedder.EclipseLogger - Copying 3 resources
2025-09-24 15:45:13,966 [Worker-107: Building] WARN  o.e.m.c.i.embedder.EclipseLogger - Using platform encoding (MS949 actually) to copy filtered resources, i.e. build is platform dependent!
2025-09-24 15:45:13,967 [Worker-107: Building] INFO  o.e.m.c.i.embedder.EclipseLogger - Copying 0 resource
2025-09-24 15:45:23,071 [Worker-105: Building] WARN  o.e.m.c.i.embedder.EclipseLogger - Using platform encoding (MS949 actually) to copy filtered resources, i.e. build is platform dependent!
2025-09-24 15:45:23,071 [Worker-105: Building] INFO  o.e.m.c.i.embedder.EclipseLogger - Copying 0 resource
2025-09-24 15:45:23,072 [Worker-105: Building] WARN  o.e.m.c.i.embedder.EclipseLogger - Using platform encoding (MS949 actually) to copy filtered resources, i.e. build is platform dependent!
2025-09-24 15:45:23,072 [Worker-105: Building] INFO  o.e.m.c.i.embedder.EclipseLogger - Copying 0 resource
2025-09-24 15:45:31,030 [Worker-106: Building] WARN  o.e.m.c.i.embedder.EclipseLogger - Using platform encoding (MS949 actually) to copy filtered resources, i.e. build is platform dependent!
2025-09-24 15:45:31,031 [Worker-106: Building] INFO  o.e.m.c.i.embedder.EclipseLogger - Copying 0 resource
2025-09-24 15:45:31,032 [Worker-106: Building] WARN  o.e.m.c.i.embedder.EclipseLogger - Using platform encoding (MS949 actually) to copy filtered resources, i.e. build is platform dependent!
2025-09-24 15:45:31,032 [Worker-106: Building] INFO  o.e.m.c.i.embedder.EclipseLogger - Copying 0 resource
2025-09-24 15:45:45,460 [Worker-107: Building] WARN  o.e.m.c.i.embedder.EclipseLogger - Using platform encoding (MS949 actually) to copy filtered resources, i.e. build is platform dependent!
2025-09-24 15:45:45,461 [Worker-107: Building] INFO  o.e.m.c.i.embedder.EclipseLogger - Copying 3 resources
2025-09-24 15:45:45,462 [Worker-107: Building] WARN  o.e.m.c.i.embedder.EclipseLogger - Using platform encoding (MS949 actually) to copy filtered resources, i.e. build is platform dependent!
2025-09-24 15:45:45,462 [Worker-107: Building] INFO  o.e.m.c.i.embedder.EclipseLogger - Copying 0 resource
2025-09-24 15:52:49,610 [Worker-106: Building] WARN  o.e.m.c.i.embedder.EclipseLogger - Using platform encoding (MS949 actually) to copy filtered resources, i.e. build is platform dependent!
2025-09-24 15:52:49,610 [Worker-106: Building] INFO  o.e.m.c.i.embedder.EclipseLogger - Copying 1 resource
2025-09-24 15:52:49,612 [Worker-106: Building] WARN  o.e.m.c.i.embedder.EclipseLogger - Using platform encoding (MS949 actually) to copy filtered resources, i.e. build is platform dependent!
2025-09-24 15:52:49,612 [Worker-106: Building] INFO  o.e.m.c.i.embedder.EclipseLogger - Copying 0 resource
2025-09-24 15:52:53,221 [Worker-106: Building] WARN  o.e.m.c.i.embedder.EclipseLogger - Using platform encoding (MS949 actually) to copy filtered resources, i.e. build is platform dependent!
2025-09-24 15:52:53,223 [Worker-106: Building] INFO  o.e.m.c.i.embedder.EclipseLogger - Copying 3 resources
2025-09-24 15:52:53,224 [Worker-106: Building] WARN  o.e.m.c.i.embedder.EclipseLogger - Using platform encoding (MS949 actually) to copy filtered resources, i.e. build is platform dependent!
2025-09-24 15:52:53,225 [Worker-106: Building] INFO  o.e.m.c.i.embedder.EclipseLogger - Copying 0 resource
2025-09-24 16:39:58,693 [Worker-131: Building] WARN  o.e.m.c.i.embedder.EclipseLogger - Using platform encoding (MS949 actually) to copy filtered resources, i.e. build is platform dependent!
2025-09-24 16:39:58,695 [Worker-131: Building] INFO  o.e.m.c.i.embedder.EclipseLogger - Copying 3 resources
2025-09-24 16:39:58,696 [Worker-131: Building] WARN  o.e.m.c.i.embedder.EclipseLogger - Using platform encoding (MS949 actually) to copy filtered resources, i.e. build is platform dependent!
2025-09-24 16:39:58,697 [Worker-131: Building] INFO  o.e.m.c.i.embedder.EclipseLogger - Copying 0 resource
2025-09-24 16:41:41,839 [Worker-129: Building] WARN  o.e.m.c.i.embedder.EclipseLogger - Using platform encoding (MS949 actually) to copy filtered resources, i.e. build is platform dependent!
2025-09-24 16:41:41,840 [Worker-129: Building] INFO  o.e.m.c.i.embedder.EclipseLogger - Copying 3 resources
2025-09-24 16:41:41,841 [Worker-129: Building] WARN  o.e.m.c.i.embedder.EclipseLogger - Using platform encoding (MS949 actually) to copy filtered resources, i.e. build is platform dependent!
2025-09-24 16:41:41,842 [Worker-129: Building] INFO  o.e.m.c.i.embedder.EclipseLogger - Copying 0 resource
2025-09-24 16:47:48,561 [Worker-135: Building] WARN  o.e.m.c.i.embedder.EclipseLogger - Using platform encoding (MS949 actually) to copy filtered resources, i.e. build is platform dependent!
2025-09-24 16:47:48,562 [Worker-135: Building] INFO  o.e.m.c.i.embedder.EclipseLogger - Copying 0 resource
2025-09-24 16:47:48,563 [Worker-135: Building] WARN  o.e.m.c.i.embedder.EclipseLogger - Using platform encoding (MS949 actually) to copy filtered resources, i.e. build is platform dependent!
2025-09-24 16:47:48,563 [Worker-135: Building] INFO  o.e.m.c.i.embedder.EclipseLogger - Copying 0 resource
2025-09-24 16:48:15,182 [Worker-134: Building] WARN  o.e.m.c.i.embedder.EclipseLogger - Using platform encoding (MS949 actually) to copy filtered resources, i.e. build is platform dependent!
2025-09-24 16:48:15,184 [Worker-134: Building] INFO  o.e.m.c.i.embedder.EclipseLogger - Copying 3 resources
2025-09-24 16:48:15,186 [Worker-134: Building] WARN  o.e.m.c.i.embedder.EclipseLogger - Using platform encoding (MS949 actually) to copy filtered resources, i.e. build is platform dependent!
2025-09-24 16:48:15,186 [Worker-134: Building] INFO  o.e.m.c.i.embedder.EclipseLogger - Copying 0 resource
2025-09-24 16:49:46,654 [Worker-113: Building] WARN  o.e.m.c.i.embedder.EclipseLogger - Using platform encoding (MS949 actually) to copy filtered resources, i.e. build is platform dependent!
2025-09-24 16:49:46,655 [Worker-113: Building] INFO  o.e.m.c.i.embedder.EclipseLogger - Copying 0 resource
2025-09-24 16:49:46,655 [Worker-113: Building] WARN  o.e.m.c.i.embedder.EclipseLogger - Using platform encoding (MS949 actually) to copy filtered resources, i.e. build is platform dependent!
2025-09-24 16:49:46,656 [Worker-113: Building] INFO  o.e.m.c.i.embedder.EclipseLogger - Copying 0 resource
2025-09-24 16:51:38,716 [Worker-135: Building] WARN  o.e.m.c.i.embedder.EclipseLogger - Using platform encoding (MS949 actually) to copy filtered resources, i.e. build is platform dependent!
2025-09-24 16:51:38,717 [Worker-135: Building] INFO  o.e.m.c.i.embedder.EclipseLogger - Copying 0 resource
2025-09-24 16:51:38,719 [Worker-135: Building] WARN  o.e.m.c.i.embedder.EclipseLogger - Using platform encoding (MS949 actually) to copy filtered resources, i.e. build is platform dependent!
2025-09-24 16:51:38,720 [Worker-135: Building] INFO  o.e.m.c.i.embedder.EclipseLogger - Copying 0 resource
2025-09-24 17:03:11,092 [Worker-142: Building] WARN  o.e.m.c.i.embedder.EclipseLogger - Using platform encoding (MS949 actually) to copy filtered resources, i.e. build is platform dependent!
2025-09-24 17:03:11,093 [Worker-142: Building] INFO  o.e.m.c.i.embedder.EclipseLogger - Copying 3 resources
2025-09-24 17:03:11,095 [Worker-142: Building] WARN  o.e.m.c.i.embedder.EclipseLogger - Using platform encoding (MS949 actually) to copy filtered resources, i.e. build is platform dependent!
2025-09-24 17:03:11,095 [Worker-142: Building] INFO  o.e.m.c.i.embedder.EclipseLogger - Copying 0 resource
2025-09-24 17:03:23,240 [Worker-143: Building] WARN  o.e.m.c.i.embedder.EclipseLogger - Using platform encoding (MS949 actually) to copy filtered resources, i.e. build is platform dependent!
2025-09-24 17:03:23,241 [Worker-143: Building] INFO  o.e.m.c.i.embedder.EclipseLogger - Copying 3 resources
2025-09-24 17:03:23,242 [Worker-143: Building] WARN  o.e.m.c.i.embedder.EclipseLogger - Using platform encoding (MS949 actually) to copy filtered resources, i.e. build is platform dependent!
2025-09-24 17:03:23,243 [Worker-143: Building] INFO  o.e.m.c.i.embedder.EclipseLogger - Copying 0 resource
2025-09-24 17:03:28,264 [Worker-142: Building] WARN  o.e.m.c.i.embedder.EclipseLogger - Using platform encoding (MS949 actually) to copy filtered resources, i.e. build is platform dependent!
2025-09-24 17:03:28,265 [Worker-142: Building] INFO  o.e.m.c.i.embedder.EclipseLogger - Copying 3 resources
2025-09-24 17:03:28,266 [Worker-142: Building] WARN  o.e.m.c.i.embedder.EclipseLogger - Using platform encoding (MS949 actually) to copy filtered resources, i.e. build is platform dependent!
2025-09-24 17:03:28,266 [Worker-142: Building] INFO  o.e.m.c.i.embedder.EclipseLogger - Copying 0 resource
2025-09-24 17:03:35,829 [Worker-144: Building] WARN  o.e.m.c.i.embedder.EclipseLogger - Using platform encoding (MS949 actually) to copy filtered resources, i.e. build is platform dependent!
2025-09-24 17:03:35,831 [Worker-144: Building] INFO  o.e.m.c.i.embedder.EclipseLogger - Copying 3 resources
2025-09-24 17:03:35,832 [Worker-144: Building] WARN  o.e.m.c.i.embedder.EclipseLogger - Using platform encoding (MS949 actually) to copy filtered resources, i.e. build is platform dependent!
2025-09-24 17:03:35,833 [Worker-144: Building] INFO  o.e.m.c.i.embedder.EclipseLogger - Copying 0 resource
2025-09-24 17:07:43,615 [Worker-138: Building] WARN  o.e.m.c.i.embedder.EclipseLogger - Using platform encoding (MS949 actually) to copy filtered resources, i.e. build is platform dependent!
2025-09-24 17:07:43,617 [Worker-138: Building] INFO  o.e.m.c.i.embedder.EclipseLogger - Copying 3 resources
2025-09-24 17:07:43,618 [Worker-138: Building] WARN  o.e.m.c.i.embedder.EclipseLogger - Using platform encoding (MS949 actually) to copy filtered resources, i.e. build is platform dependent!
2025-09-24 17:07:43,619 [Worker-138: Building] INFO  o.e.m.c.i.embedder.EclipseLogger - Copying 0 resource
2025-09-24 17:07:45,903 [Worker-140: Building] WARN  o.e.m.c.i.embedder.EclipseLogger - Using platform encoding (MS949 actually) to copy filtered resources, i.e. build is platform dependent!
2025-09-24 17:07:45,904 [Worker-140: Building] INFO  o.e.m.c.i.embedder.EclipseLogger - Copying 3 resources
2025-09-24 17:07:45,906 [Worker-140: Building] WARN  o.e.m.c.i.embedder.EclipseLogger - Using platform encoding (MS949 actually) to copy filtered resources, i.e. build is platform dependent!
2025-09-24 17:07:45,907 [Worker-140: Building] INFO  o.e.m.c.i.embedder.EclipseLogger - Copying 0 resource
2025-09-24 17:09:26,468 [Worker-146: Building] WARN  o.e.m.c.i.embedder.EclipseLogger - Using platform encoding (MS949 actually) to copy filtered resources, i.e. build is platform dependent!
2025-09-24 17:09:26,470 [Worker-146: Building] INFO  o.e.m.c.i.embedder.EclipseLogger - Copying 3 resources
2025-09-24 17:09:26,472 [Worker-146: Building] WARN  o.e.m.c.i.embedder.EclipseLogger - Using platform encoding (MS949 actually) to copy filtered resources, i.e. build is platform dependent!
2025-09-24 17:09:26,472 [Worker-146: Building] INFO  o.e.m.c.i.embedder.EclipseLogger - Copying 0 resource
2025-09-24 17:10:32,227 [Worker-148: Building] WARN  o.e.m.c.i.embedder.EclipseLogger - Using platform encoding (MS949 actually) to copy filtered resources, i.e. build is platform dependent!
2025-09-24 17:10:32,228 [Worker-148: Building] INFO  o.e.m.c.i.embedder.EclipseLogger - Copying 0 resource
2025-09-24 17:10:32,229 [Worker-148: Building] WARN  o.e.m.c.i.embedder.EclipseLogger - Using platform encoding (MS949 actually) to copy filtered resources, i.e. build is platform dependent!
2025-09-24 17:10:32,229 [Worker-148: Building] INFO  o.e.m.c.i.embedder.EclipseLogger - Copying 0 resource
2025-09-24 17:10:48,097 [Worker-148: Building] WARN  o.e.m.c.i.embedder.EclipseLogger - Using platform encoding (MS949 actually) to copy filtered resources, i.e. build is platform dependent!
2025-09-24 17:10:48,098 [Worker-148: Building] INFO  o.e.m.c.i.embedder.EclipseLogger - Copying 3 resources
2025-09-24 17:10:48,100 [Worker-148: Building] WARN  o.e.m.c.i.embedder.EclipseLogger - Using platform encoding (MS949 actually) to copy filtered resources, i.e. build is platform dependent!
2025-09-24 17:10:48,100 [Worker-148: Building] INFO  o.e.m.c.i.embedder.EclipseLogger - Copying 0 resource
2025-09-24 17:13:21,320 [Worker-132: Building] WARN  o.e.m.c.i.embedder.EclipseLogger - Using platform encoding (MS949 actually) to copy filtered resources, i.e. build is platform dependent!
2025-09-24 17:13:21,321 [Worker-132: Building] INFO  o.e.m.c.i.embedder.EclipseLogger - Copying 0 resource
2025-09-24 17:13:21,322 [Worker-132: Building] WARN  o.e.m.c.i.embedder.EclipseLogger - Using platform encoding (MS949 actually) to copy filtered resources, i.e. build is platform dependent!
2025-09-24 17:13:21,322 [Worker-132: Building] INFO  o.e.m.c.i.embedder.EclipseLogger - Copying 0 resource
2025-09-24 17:17:38,767 [Worker-150: Building] WARN  o.e.m.c.i.embedder.EclipseLogger - Using platform encoding (MS949 actually) to copy filtered resources, i.e. build is platform dependent!
2025-09-24 17:17:38,769 [Worker-150: Building] INFO  o.e.m.c.i.embedder.EclipseLogger - Copying 3 resources
2025-09-24 17:17:38,770 [Worker-150: Building] WARN  o.e.m.c.i.embedder.EclipseLogger - Using platform encoding (MS949 actually) to copy filtered resources, i.e. build is platform dependent!
2025-09-24 17:17:38,770 [Worker-150: Building] INFO  o.e.m.c.i.embedder.EclipseLogger - Copying 0 resource
2025-09-24 17:18:26,006 [Worker-148: Building] WARN  o.e.m.c.i.embedder.EclipseLogger - Using platform encoding (MS949 actually) to copy filtered resources, i.e. build is platform dependent!
2025-09-24 17:18:26,007 [Worker-148: Building] INFO  o.e.m.c.i.embedder.EclipseLogger - Copying 3 resources
2025-09-24 17:18:26,008 [Worker-148: Building] WARN  o.e.m.c.i.embedder.EclipseLogger - Using platform encoding (MS949 actually) to copy filtered resources, i.e. build is platform dependent!
2025-09-24 17:18:26,008 [Worker-148: Building] INFO  o.e.m.c.i.embedder.EclipseLogger - Copying 0 resource
2025-09-24 17:21:04,840 [Worker-148: Building] WARN  o.e.m.c.i.embedder.EclipseLogger - Using platform encoding (MS949 actually) to copy filtered resources, i.e. build is platform dependent!
2025-09-24 17:21:04,842 [Worker-148: Building] INFO  o.e.m.c.i.embedder.EclipseLogger - Copying 3 resources
2025-09-24 17:21:04,844 [Worker-148: Building] WARN  o.e.m.c.i.embedder.EclipseLogger - Using platform encoding (MS949 actually) to copy filtered resources, i.e. build is platform dependent!
2025-09-24 17:21:04,844 [Worker-148: Building] INFO  o.e.m.c.i.embedder.EclipseLogger - Copying 0 resource
2025-09-24 17:22:05,067 [Worker-153: Building] WARN  o.e.m.c.i.embedder.EclipseLogger - Using platform encoding (MS949 actually) to copy filtered resources, i.e. build is platform dependent!
2025-09-24 17:22:05,068 [Worker-153: Building] INFO  o.e.m.c.i.embedder.EclipseLogger - Copying 3 resources
2025-09-24 17:22:05,069 [Worker-153: Building] WARN  o.e.m.c.i.embedder.EclipseLogger - Using platform encoding (MS949 actually) to copy filtered resources, i.e. build is platform dependent!
2025-09-24 17:22:05,070 [Worker-153: Building] INFO  o.e.m.c.i.embedder.EclipseLogger - Copying 0 resource
2025-09-24 17:31:27,023 [Worker-154: Building] WARN  o.e.m.c.i.embedder.EclipseLogger - Using platform encoding (MS949 actually) to copy filtered resources, i.e. build is platform dependent!
2025-09-24 17:31:27,023 [Worker-154: Building] INFO  o.e.m.c.i.embedder.EclipseLogger - Copying 3 resources
2025-09-24 17:31:27,025 [Worker-154: Building] WARN  o.e.m.c.i.embedder.EclipseLogger - Using platform encoding (MS949 actually) to copy filtered resources, i.e. build is platform dependent!
2025-09-24 17:31:27,025 [Worker-154: Building] INFO  o.e.m.c.i.embedder.EclipseLogger - Copying 0 resource
2025-09-24 17:49:12,170 [Worker-164: Building] WARN  o.e.m.c.i.embedder.EclipseLogger - Using platform encoding (MS949 actually) to copy filtered resources, i.e. build is platform dependent!
2025-09-24 17:49:12,173 [Worker-164: Building] INFO  o.e.m.c.i.embedder.EclipseLogger - Copying 3 resources
2025-09-24 17:49:12,174 [Worker-164: Building] WARN  o.e.m.c.i.embedder.EclipseLogger - Using platform encoding (MS949 actually) to copy filtered resources, i.e. build is platform dependent!
2025-09-24 17:49:12,174 [Worker-164: Building] INFO  o.e.m.c.i.embedder.EclipseLogger - Copying 0 resource
2025-09-24 17:49:40,036 [Worker-158: Building] WARN  o.e.m.c.i.embedder.EclipseLogger - Using platform encoding (MS949 actually) to copy filtered resources, i.e. build is platform dependent!
2025-09-24 17:49:40,037 [Worker-158: Building] INFO  o.e.m.c.i.embedder.EclipseLogger - Copying 1 resource
2025-09-24 17:49:40,038 [Worker-158: Building] WARN  o.e.m.c.i.embedder.EclipseLogger - Using platform encoding (MS949 actually) to copy filtered resources, i.e. build is platform dependent!
2025-09-24 17:49:40,039 [Worker-158: Building] INFO  o.e.m.c.i.embedder.EclipseLogger - Copying 0 resource
2025-09-24 17:51:18,998 [Worker-169: Updating Maven Project] INFO  o.e.m.c.i.p.ProjectConfigurationManager - Update started
2025-09-24 17:51:19,054 [Worker-169: Updating Maven Project] INFO  o.e.m.c.i.l.LifecycleMappingFactory - Using org.maven.ide.eclipse.wtp.WarLifecycleMapping lifecycle mapping for MavenProject: com.spring_mvc:mybatis:1.0.0-BUILD-SNAPSHOT @ D:\Spring\springWorkspace\spring_mvc_mybatis\pom.xml.
2025-09-24 17:51:19,219 [Worker-169: Updating Maven Project] INFO  o.e.m.j.i.AbstractJavaProjectConfigurator - Adding source folder /spring_mvc_mybatis/src/main/java
2025-09-24 17:51:19,220 [Worker-169: Updating Maven Project] INFO  o.e.m.j.i.AbstractJavaProjectConfigurator - Adding resource folder /spring_mvc_mybatis/src/main/resources
2025-09-24 17:51:19,220 [Worker-169: Updating Maven Project] INFO  o.e.m.j.i.AbstractJavaProjectConfigurator - Adding source folder /spring_mvc_mybatis/src/test/java
2025-09-24 17:51:19,220 [Worker-169: Updating Maven Project] INFO  o.e.m.j.i.AbstractJavaProjectConfigurator - Adding resource folder /spring_mvc_mybatis/src/test/resources
2025-09-24 17:51:19,392 [Worker-169: Updating Maven Project] INFO  o.e.m.c.i.p.ProjectConfigurationManager - Update completed: 0 sec
2025-09-24 17:51:19,668 [Worker-164: Building] WARN  o.e.m.c.i.embedder.EclipseLogger - Using platform encoding (MS949 actually) to copy filtered resources, i.e. build is platform dependent!
2025-09-24 17:51:19,669 [Worker-164: Building] INFO  o.e.m.c.i.embedder.EclipseLogger - Copying 3 resources
2025-09-24 17:51:19,676 [Worker-164: Building] WARN  o.e.m.c.i.embedder.EclipseLogger - Using platform encoding (MS949 actually) to copy filtered resources, i.e. build is platform dependent!
2025-09-24 17:51:19,677 [Worker-164: Building] INFO  o.e.m.c.i.embedder.EclipseLogger - Copying 1 resource
2025-09-24 17:51:19,678 [Worker-164: Building] INFO  o.e.m.w.i.f.ResourceFilteringBuildParticipant - Changed resources require a complete clean of filtered resources of spring_mvc_mybatis
2025-09-24 17:51:19,678 [Worker-164: Building] INFO  o.e.m.w.i.f.ResourceFilteringBuildParticipant - Executing resource filtering for spring_mvc_mybatis
2025-09-24 17:51:19,688 [Worker-164: Building] WARN  o.e.m.c.i.embedder.EclipseLogger - Using platform encoding (MS949 actually) to copy filtered resources, i.e. build is platform dependent!
2025-09-24 18:00:12,325 [Worker-172: Building] WARN  o.e.m.c.i.embedder.EclipseLogger - Using platform encoding (MS949 actually) to copy filtered resources, i.e. build is platform dependent!
2025-09-24 18:00:12,325 [Worker-172: Building] INFO  o.e.m.c.i.embedder.EclipseLogger - Copying 0 resource
2025-09-24 18:00:12,326 [Worker-172: Building] WARN  o.e.m.c.i.embedder.EclipseLogger - Using platform encoding (MS949 actually) to copy filtered resources, i.e. build is platform dependent!
2025-09-24 18:00:12,326 [Worker-172: Building] INFO  o.e.m.c.i.embedder.EclipseLogger - Copying 0 resource
2025-09-24 18:00:17,053 [Worker-172: Building] WARN  o.e.m.c.i.embedder.EclipseLogger - Using platform encoding (MS949 actually) to copy filtered resources, i.e. build is platform dependent!
2025-09-24 18:00:17,053 [Worker-172: Building] INFO  o.e.m.c.i.embedder.EclipseLogger - Copying 0 resource
2025-09-24 18:00:17,053 [Worker-172: Building] WARN  o.e.m.c.i.embedder.EclipseLogger - Using platform encoding (MS949 actually) to copy filtered resources, i.e. build is platform dependent!
2025-09-24 18:00:17,054 [Worker-172: Building] INFO  o.e.m.c.i.embedder.EclipseLogger - Copying 0 resource
2025-09-24 18:01:11,697 [Worker-165: Building] WARN  o.e.m.c.i.embedder.EclipseLogger - Using platform encoding (MS949 actually) to copy filtered resources, i.e. build is platform dependent!
2025-09-24 18:01:11,698 [Worker-165: Building] INFO  o.e.m.c.i.embedder.EclipseLogger - Copying 0 resource
2025-09-24 18:01:11,699 [Worker-165: Building] WARN  o.e.m.c.i.embedder.EclipseLogger - Using platform encoding (MS949 actually) to copy filtered resources, i.e. build is platform dependent!
2025-09-24 18:01:11,699 [Worker-165: Building] INFO  o.e.m.c.i.embedder.EclipseLogger - Copying 0 resource
2025-09-24 18:01:28,305 [Worker-173: Building] WARN  o.e.m.c.i.embedder.EclipseLogger - Using platform encoding (MS949 actually) to copy filtered resources, i.e. build is platform dependent!
2025-09-24 18:01:28,306 [Worker-173: Building] INFO  o.e.m.c.i.embedder.EclipseLogger - Copying 3 resources
2025-09-24 18:01:28,307 [Worker-173: Building] WARN  o.e.m.c.i.embedder.EclipseLogger - Using platform encoding (MS949 actually) to copy filtered resources, i.e. build is platform dependent!
2025-09-24 18:01:28,308 [Worker-173: Building] INFO  o.e.m.c.i.embedder.EclipseLogger - Copying 0 resource
2025-09-24 18:01:39,556 [Worker-172: Building] WARN  o.e.m.c.i.embedder.EclipseLogger - Using platform encoding (MS949 actually) to copy filtered resources, i.e. build is platform dependent!
2025-09-24 18:01:39,558 [Worker-172: Building] INFO  o.e.m.c.i.embedder.EclipseLogger - Copying 3 resources
2025-09-24 18:01:39,559 [Worker-172: Building] WARN  o.e.m.c.i.embedder.EclipseLogger - Using platform encoding (MS949 actually) to copy filtered resources, i.e. build is platform dependent!
2025-09-24 18:01:39,559 [Worker-172: Building] INFO  o.e.m.c.i.embedder.EclipseLogger - Copying 0 resource
2025-09-24 18:01:50,035 [Worker-165: Building] WARN  o.e.m.c.i.embedder.EclipseLogger - Using platform encoding (MS949 actually) to copy filtered resources, i.e. build is platform dependent!
2025-09-24 18:01:50,036 [Worker-165: Building] INFO  o.e.m.c.i.embedder.EclipseLogger - Copying 3 resources
2025-09-24 18:01:50,037 [Worker-165: Building] WARN  o.e.m.c.i.embedder.EclipseLogger - Using platform encoding (MS949 actually) to copy filtered resources, i.e. build is platform dependent!
2025-09-24 18:01:50,038 [Worker-165: Building] INFO  o.e.m.c.i.embedder.EclipseLogger - Copying 0 resource
2025-09-24 18:02:03,078 [Worker-165: Building] WARN  o.e.m.c.i.embedder.EclipseLogger - Using platform encoding (MS949 actually) to copy filtered resources, i.e. build is platform dependent!
2025-09-24 18:02:03,079 [Worker-165: Building] INFO  o.e.m.c.i.embedder.EclipseLogger - Copying 3 resources
2025-09-24 18:02:03,081 [Worker-165: Building] WARN  o.e.m.c.i.embedder.EclipseLogger - Using platform encoding (MS949 actually) to copy filtered resources, i.e. build is platform dependent!
2025-09-24 18:02:03,081 [Worker-165: Building] INFO  o.e.m.c.i.embedder.EclipseLogger - Copying 0 resource
2025-09-24 18:02:14,453 [Worker-174: Building] WARN  o.e.m.c.i.embedder.EclipseLogger - Using platform encoding (MS949 actually) to copy filtered resources, i.e. build is platform dependent!
2025-09-24 18:02:14,455 [Worker-174: Building] INFO  o.e.m.c.i.embedder.EclipseLogger - Copying 3 resources
2025-09-24 18:02:14,456 [Worker-174: Building] WARN  o.e.m.c.i.embedder.EclipseLogger - Using platform encoding (MS949 actually) to copy filtered resources, i.e. build is platform dependent!
2025-09-24 18:02:14,457 [Worker-174: Building] INFO  o.e.m.c.i.embedder.EclipseLogger - Copying 0 resource
2025-09-24 18:02:26,700 [Worker-173: Building] WARN  o.e.m.c.i.embedder.EclipseLogger - Using platform encoding (MS949 actually) to copy filtered resources, i.e. build is platform dependent!
2025-09-24 18:02:26,701 [Worker-173: Building] INFO  o.e.m.c.i.embedder.EclipseLogger - Copying 3 resources
2025-09-24 18:02:26,702 [Worker-173: Building] WARN  o.e.m.c.i.embedder.EclipseLogger - Using platform encoding (MS949 actually) to copy filtered resources, i.e. build is platform dependent!
2025-09-24 18:02:26,702 [Worker-173: Building] INFO  o.e.m.c.i.embedder.EclipseLogger - Copying 0 resource
2025-09-24 18:03:38,069 [Worker-172: Building] WARN  o.e.m.c.i.embedder.EclipseLogger - Using platform encoding (MS949 actually) to copy filtered resources, i.e. build is platform dependent!
2025-09-24 18:03:38,070 [Worker-172: Building] INFO  o.e.m.c.i.embedder.EclipseLogger - Copying 3 resources
2025-09-24 18:03:38,070 [Worker-172: Building] WARN  o.e.m.c.i.embedder.EclipseLogger - Using platform encoding (MS949 actually) to copy filtered resources, i.e. build is platform dependent!
2025-09-24 18:03:38,072 [Worker-172: Building] INFO  o.e.m.c.i.embedder.EclipseLogger - Copying 0 resource
2025-09-24 18:11:39,085 [Worker-174: Building] WARN  o.e.m.c.i.embedder.EclipseLogger - Using platform encoding (MS949 actually) to copy filtered resources, i.e. build is platform dependent!
2025-09-24 18:11:39,087 [Worker-174: Building] INFO  o.e.m.c.i.embedder.EclipseLogger - Copying 3 resources
2025-09-24 18:11:39,088 [Worker-174: Building] WARN  o.e.m.c.i.embedder.EclipseLogger - Using platform encoding (MS949 actually) to copy filtered resources, i.e. build is platform dependent!
2025-09-24 18:11:39,089 [Worker-174: Building] INFO  o.e.m.c.i.embedder.EclipseLogger - Copying 0 resource
2025-09-24 18:13:34,287 [Worker-174: Building] WARN  o.e.m.c.i.embedder.EclipseLogger - Using platform encoding (MS949 actually) to copy filtered resources, i.e. build is platform dependent!
2025-09-24 18:13:34,288 [Worker-174: Building] INFO  o.e.m.c.i.embedder.EclipseLogger - Copying 3 resources
2025-09-24 18:13:34,289 [Worker-174: Building] WARN  o.e.m.c.i.embedder.EclipseLogger - Using platform encoding (MS949 actually) to copy filtered resources, i.e. build is platform dependent!
2025-09-24 18:13:34,290 [Worker-174: Building] INFO  o.e.m.c.i.embedder.EclipseLogger - Copying 0 resource
2025-09-24 19:12:08,643 [Worker-183: Building] WARN  o.e.m.c.i.embedder.EclipseLogger - Using platform encoding (MS949 actually) to copy filtered resources, i.e. build is platform dependent!
2025-09-24 19:12:08,648 [Worker-183: Building] INFO  o.e.m.c.i.embedder.EclipseLogger - Copying 3 resources
2025-09-24 19:12:08,649 [Worker-183: Building] WARN  o.e.m.c.i.embedder.EclipseLogger - Using platform encoding (MS949 actually) to copy filtered resources, i.e. build is platform dependent!
2025-09-24 19:12:08,651 [Worker-183: Building] INFO  o.e.m.c.i.embedder.EclipseLogger - Copying 0 resource
2025-09-24 19:12:12,588 [Worker-186: Building Workspace] WARN  o.e.m.c.i.embedder.EclipseLogger - Using platform encoding (MS949 actually) to copy filtered resources, i.e. build is platform dependent!
2025-09-24 19:12:12,590 [Worker-186: Building Workspace] INFO  o.e.m.c.i.embedder.EclipseLogger - Copying 3 resources
2025-09-24 19:12:12,592 [Worker-186: Building Workspace] WARN  o.e.m.c.i.embedder.EclipseLogger - Using platform encoding (MS949 actually) to copy filtered resources, i.e. build is platform dependent!
2025-09-24 19:12:12,592 [Worker-186: Building Workspace] INFO  o.e.m.c.i.embedder.EclipseLogger - Copying 0 resource
2025-09-24 19:12:28,588 [Worker-183: Building] WARN  o.e.m.c.i.embedder.EclipseLogger - Using platform encoding (MS949 actually) to copy filtered resources, i.e. build is platform dependent!
2025-09-24 19:12:28,589 [Worker-183: Building] INFO  o.e.m.c.i.embedder.EclipseLogger - Copying 3 resources
2025-09-24 19:12:28,590 [Worker-183: Building] WARN  o.e.m.c.i.embedder.EclipseLogger - Using platform encoding (MS949 actually) to copy filtered resources, i.e. build is platform dependent!
2025-09-24 19:12:28,591 [Worker-183: Building] INFO  o.e.m.c.i.embedder.EclipseLogger - Copying 0 resource
2025-09-24 19:14:01,358 [Worker-185: Building] WARN  o.e.m.c.i.embedder.EclipseLogger - Using platform encoding (MS949 actually) to copy filtered resources, i.e. build is platform dependent!
2025-09-24 19:14:01,360 [Worker-185: Building] INFO  o.e.m.c.i.embedder.EclipseLogger - Copying 3 resources
2025-09-24 19:14:01,362 [Worker-185: Building] WARN  o.e.m.c.i.embedder.EclipseLogger - Using platform encoding (MS949 actually) to copy filtered resources, i.e. build is platform dependent!
2025-09-24 19:14:01,363 [Worker-185: Building] INFO  o.e.m.c.i.embedder.EclipseLogger - Copying 0 resource
2025-09-24 19:14:18,103 [Worker-185: Building] WARN  o.e.m.c.i.embedder.EclipseLogger - Using platform encoding (MS949 actually) to copy filtered resources, i.e. build is platform dependent!
2025-09-24 19:14:18,105 [Worker-185: Building] INFO  o.e.m.c.i.embedder.EclipseLogger - Copying 3 resources
2025-09-24 19:14:18,105 [Worker-185: Building] WARN  o.e.m.c.i.embedder.EclipseLogger - Using platform encoding (MS949 actually) to copy filtered resources, i.e. build is platform dependent!
2025-09-24 19:14:18,106 [Worker-185: Building] INFO  o.e.m.c.i.embedder.EclipseLogger - Copying 0 resource
2025-09-24 19:14:28,079 [Worker-186: Building] WARN  o.e.m.c.i.embedder.EclipseLogger - Using platform encoding (MS949 actually) to copy filtered resources, i.e. build is platform dependent!
2025-09-24 19:14:28,080 [Worker-186: Building] INFO  o.e.m.c.i.embedder.EclipseLogger - Copying 3 resources
2025-09-24 19:14:28,081 [Worker-186: Building] WARN  o.e.m.c.i.embedder.EclipseLogger - Using platform encoding (MS949 actually) to copy filtered resources, i.e. build is platform dependent!
2025-09-24 19:14:28,082 [Worker-186: Building] INFO  o.e.m.c.i.embedder.EclipseLogger - Copying 0 resource
2025-09-24 19:15:54,903 [Worker-184: Building] WARN  o.e.m.c.i.embedder.EclipseLogger - Using platform encoding (MS949 actually) to copy filtered resources, i.e. build is platform dependent!
2025-09-24 19:15:54,905 [Worker-184: Building] INFO  o.e.m.c.i.embedder.EclipseLogger - Copying 3 resources
2025-09-24 19:15:54,906 [Worker-184: Building] WARN  o.e.m.c.i.embedder.EclipseLogger - Using platform encoding (MS949 actually) to copy filtered resources, i.e. build is platform dependent!
2025-09-24 19:15:54,906 [Worker-184: Building] INFO  o.e.m.c.i.embedder.EclipseLogger - Copying 0 resource
2025-09-24 19:16:14,278 [Worker-186: Building] WARN  o.e.m.c.i.embedder.EclipseLogger - Using platform encoding (MS949 actually) to copy filtered resources, i.e. build is platform dependent!
2025-09-24 19:16:14,279 [Worker-186: Building] INFO  o.e.m.c.i.embedder.EclipseLogger - Copying 3 resources
2025-09-24 19:16:14,280 [Worker-186: Building] WARN  o.e.m.c.i.embedder.EclipseLogger - Using platform encoding (MS949 actually) to copy filtered resources, i.e. build is platform dependent!
2025-09-24 19:16:14,280 [Worker-186: Building] INFO  o.e.m.c.i.embedder.EclipseLogger - Copying 0 resource
2025-09-24 19:16:25,469 [Worker-183: Building] WARN  o.e.m.c.i.embedder.EclipseLogger - Using platform encoding (MS949 actually) to copy filtered resources, i.e. build is platform dependent!
2025-09-24 19:16:25,471 [Worker-183: Building] INFO  o.e.m.c.i.embedder.EclipseLogger - Copying 3 resources
2025-09-24 19:16:25,473 [Worker-183: Building] WARN  o.e.m.c.i.embedder.EclipseLogger - Using platform encoding (MS949 actually) to copy filtered resources, i.e. build is platform dependent!
2025-09-24 19:16:25,474 [Worker-183: Building] INFO  o.e.m.c.i.embedder.EclipseLogger - Copying 0 resource
2025-09-24 19:16:35,462 [Worker-184: Building] WARN  o.e.m.c.i.embedder.EclipseLogger - Using platform encoding (MS949 actually) to copy filtered resources, i.e. build is platform dependent!
2025-09-24 19:16:35,464 [Worker-184: Building] INFO  o.e.m.c.i.embedder.EclipseLogger - Copying 3 resources
2025-09-24 19:16:35,464 [Worker-184: Building] WARN  o.e.m.c.i.embedder.EclipseLogger - Using platform encoding (MS949 actually) to copy filtered resources, i.e. build is platform dependent!
2025-09-24 19:16:35,465 [Worker-184: Building] INFO  o.e.m.c.i.embedder.EclipseLogger - Copying 0 resource
2025-09-24 19:16:57,033 [Worker-183: Building] WARN  o.e.m.c.i.embedder.EclipseLogger - Using platform encoding (MS949 actually) to copy filtered resources, i.e. build is platform dependent!
2025-09-24 19:16:57,035 [Worker-183: Building] INFO  o.e.m.c.i.embedder.EclipseLogger - Copying 3 resources
2025-09-24 19:16:57,036 [Worker-183: Building] WARN  o.e.m.c.i.embedder.EclipseLogger - Using platform encoding (MS949 actually) to copy filtered resources, i.e. build is platform dependent!
2025-09-24 19:16:57,037 [Worker-183: Building] INFO  o.e.m.c.i.embedder.EclipseLogger - Copying 0 resource
2025-09-24 19:17:10,277 [Worker-186: Building] WARN  o.e.m.c.i.embedder.EclipseLogger - Using platform encoding (MS949 actually) to copy filtered resources, i.e. build is platform dependent!
2025-09-24 19:17:10,278 [Worker-186: Building] INFO  o.e.m.c.i.embedder.EclipseLogger - Copying 3 resources
2025-09-24 19:17:10,280 [Worker-186: Building] WARN  o.e.m.c.i.embedder.EclipseLogger - Using platform encoding (MS949 actually) to copy filtered resources, i.e. build is platform dependent!
2025-09-24 19:17:10,280 [Worker-186: Building] INFO  o.e.m.c.i.embedder.EclipseLogger - Copying 0 resource
2025-09-24 19:17:19,782 [Worker-186: Building] WARN  o.e.m.c.i.embedder.EclipseLogger - Using platform encoding (MS949 actually) to copy filtered resources, i.e. build is platform dependent!
2025-09-24 19:17:19,783 [Worker-186: Building] INFO  o.e.m.c.i.embedder.EclipseLogger - Copying 3 resources
2025-09-24 19:17:19,784 [Worker-186: Building] WARN  o.e.m.c.i.embedder.EclipseLogger - Using platform encoding (MS949 actually) to copy filtered resources, i.e. build is platform dependent!
2025-09-24 19:17:19,785 [Worker-186: Building] INFO  o.e.m.c.i.embedder.EclipseLogger - Copying 0 resource
2025-09-24 19:19:59,485 [Worker-181: Building] WARN  o.e.m.c.i.embedder.EclipseLogger - Using platform encoding (MS949 actually) to copy filtered resources, i.e. build is platform dependent!
2025-09-24 19:19:59,486 [Worker-181: Building] INFO  o.e.m.c.i.embedder.EclipseLogger - Copying 3 resources
2025-09-24 19:19:59,487 [Worker-181: Building] WARN  o.e.m.c.i.embedder.EclipseLogger - Using platform encoding (MS949 actually) to copy filtered resources, i.e. build is platform dependent!
2025-09-24 19:19:59,488 [Worker-181: Building] INFO  o.e.m.c.i.embedder.EclipseLogger - Copying 0 resource
2025-09-24 19:20:11,905 [Worker-185: Building] WARN  o.e.m.c.i.embedder.EclipseLogger - Using platform encoding (MS949 actually) to copy filtered resources, i.e. build is platform dependent!
2025-09-24 19:20:11,905 [Worker-185: Building] INFO  o.e.m.c.i.embedder.EclipseLogger - Copying 0 resource
2025-09-24 19:20:11,906 [Worker-185: Building] WARN  o.e.m.c.i.embedder.EclipseLogger - Using platform encoding (MS949 actually) to copy filtered resources, i.e. build is platform dependent!
2025-09-24 19:20:11,907 [Worker-185: Building] INFO  o.e.m.c.i.embedder.EclipseLogger - Copying 0 resource
2025-09-24 19:20:29,048 [Worker-186: Building] WARN  o.e.m.c.i.embedder.EclipseLogger - Using platform encoding (MS949 actually) to copy filtered resources, i.e. build is platform dependent!
2025-09-24 19:20:29,048 [Worker-186: Building] INFO  o.e.m.c.i.embedder.EclipseLogger - Copying 0 resource
2025-09-24 19:20:29,049 [Worker-186: Building] WARN  o.e.m.c.i.embedder.EclipseLogger - Using platform encoding (MS949 actually) to copy filtered resources, i.e. build is platform dependent!
2025-09-24 19:20:29,050 [Worker-186: Building] INFO  o.e.m.c.i.embedder.EclipseLogger - Copying 0 resource
2025-09-24 19:24:18,092 [Worker-181: Building] WARN  o.e.m.c.i.embedder.EclipseLogger - Using platform encoding (MS949 actually) to copy filtered resources, i.e. build is platform dependent!
2025-09-24 19:24:18,094 [Worker-181: Building] INFO  o.e.m.c.i.embedder.EclipseLogger - Copying 0 resource
2025-09-24 19:24:18,096 [Worker-181: Building] WARN  o.e.m.c.i.embedder.EclipseLogger - Using platform encoding (MS949 actually) to copy filtered resources, i.e. build is platform dependent!
2025-09-24 19:24:18,096 [Worker-181: Building] INFO  o.e.m.c.i.embedder.EclipseLogger - Copying 0 resource
2025-09-24 19:24:46,435 [Worker-188: Building] WARN  o.e.m.c.i.embedder.EclipseLogger - Using platform encoding (MS949 actually) to copy filtered resources, i.e. build is platform dependent!
2025-09-24 19:24:46,436 [Worker-188: Building] INFO  o.e.m.c.i.embedder.EclipseLogger - Copying 3 resources
2025-09-24 19:24:46,437 [Worker-188: Building] WARN  o.e.m.c.i.embedder.EclipseLogger - Using platform encoding (MS949 actually) to copy filtered resources, i.e. build is platform dependent!
2025-09-24 19:24:46,437 [Worker-188: Building] INFO  o.e.m.c.i.embedder.EclipseLogger - Copying 0 resource
2025-09-24 19:26:18,259 [Worker-187: Building] WARN  o.e.m.c.i.embedder.EclipseLogger - Using platform encoding (MS949 actually) to copy filtered resources, i.e. build is platform dependent!
2025-09-24 19:26:18,260 [Worker-187: Building] INFO  o.e.m.c.i.embedder.EclipseLogger - Copying 1 resource
2025-09-24 19:26:18,262 [Worker-187: Building] WARN  o.e.m.c.i.embedder.EclipseLogger - Using platform encoding (MS949 actually) to copy filtered resources, i.e. build is platform dependent!
2025-09-24 19:26:18,262 [Worker-187: Building] INFO  o.e.m.c.i.embedder.EclipseLogger - Copying 0 resource
2025-09-24 19:26:27,142 [Worker-189: Building] WARN  o.e.m.c.i.embedder.EclipseLogger - Using platform encoding (MS949 actually) to copy filtered resources, i.e. build is platform dependent!
2025-09-24 19:26:27,143 [Worker-189: Building] INFO  o.e.m.c.i.embedder.EclipseLogger - Copying 1 resource
2025-09-24 19:26:27,144 [Worker-189: Building] WARN  o.e.m.c.i.embedder.EclipseLogger - Using platform encoding (MS949 actually) to copy filtered resources, i.e. build is platform dependent!
2025-09-24 19:26:27,144 [Worker-189: Building] INFO  o.e.m.c.i.embedder.EclipseLogger - Copying 0 resource
2025-09-24 19:27:35,263 [Worker-188: Building] WARN  o.e.m.c.i.embedder.EclipseLogger - Using platform encoding (MS949 actually) to copy filtered resources, i.e. build is platform dependent!
2025-09-24 19:27:35,264 [Worker-188: Building] INFO  o.e.m.c.i.embedder.EclipseLogger - Copying 3 resources
2025-09-24 19:27:35,265 [Worker-188: Building] WARN  o.e.m.c.i.embedder.EclipseLogger - Using platform encoding (MS949 actually) to copy filtered resources, i.e. build is platform dependent!
2025-09-24 19:27:35,266 [Worker-188: Building] INFO  o.e.m.c.i.embedder.EclipseLogger - Copying 0 resource
2025-09-24 19:29:09,599 [Worker-188: Building] WARN  o.e.m.c.i.embedder.EclipseLogger - Using platform encoding (MS949 actually) to copy filtered resources, i.e. build is platform dependent!
2025-09-24 19:29:09,600 [Worker-188: Building] INFO  o.e.m.c.i.embedder.EclipseLogger - Copying 0 resource
2025-09-24 19:29:09,600 [Worker-188: Building] WARN  o.e.m.c.i.embedder.EclipseLogger - Using platform encoding (MS949 actually) to copy filtered resources, i.e. build is platform dependent!
2025-09-24 19:29:09,601 [Worker-188: Building] INFO  o.e.m.c.i.embedder.EclipseLogger - Copying 0 resource
2025-09-24 19:30:22,028 [Worker-192: Building] WARN  o.e.m.c.i.embedder.EclipseLogger - Using platform encoding (MS949 actually) to copy filtered resources, i.e. build is platform dependent!
2025-09-24 19:30:22,029 [Worker-192: Building] INFO  o.e.m.c.i.embedder.EclipseLogger - Copying 3 resources
2025-09-24 19:30:22,030 [Worker-192: Building] WARN  o.e.m.c.i.embedder.EclipseLogger - Using platform encoding (MS949 actually) to copy filtered resources, i.e. build is platform dependent!
2025-09-24 19:30:22,030 [Worker-192: Building] INFO  o.e.m.c.i.embedder.EclipseLogger - Copying 0 resource
2025-09-24 19:30:59,035 [Stop Help Server] INFO  org.eclipse.jetty.server.Server - Stopped Server@254b9eed{STOPPING}[10.0.6,sto=0]
2025-09-24 19:30:59,044 [Stop Help Server] INFO  o.e.jetty.server.AbstractConnector - Stopped ServerConnector@62c8f478{HTTP/1.1, (http/1.1)}{127.0.0.1:0}
2025-09-24 19:30:59,055 [Stop Help Server] INFO  o.e.j.server.handler.ContextHandler - Stopped o.e.j.s.ServletContextHandler@603dca58{/help,null,STOPPED}
2025-09-25 10:03:48,667 [Worker-6: Loading available Gradle versions] INFO  o.e.b.c.i.u.g.PublishedGradleVersions - Gradle version information cache is up-to-date. Trying to read.
2025-09-25 10:04:07,347 [Worker-5: Building] WARN  o.e.m.c.i.embedder.EclipseLogger - Using platform encoding (MS949 actually) to copy filtered resources, i.e. build is platform dependent!
2025-09-25 10:04:07,351 [Worker-5: Building] INFO  o.e.m.c.i.embedder.EclipseLogger - Copying 3 resources
2025-09-25 10:04:07,357 [Worker-5: Building] WARN  o.e.m.c.i.embedder.EclipseLogger - Using platform encoding (MS949 actually) to copy filtered resources, i.e. build is platform dependent!
2025-09-25 10:04:07,358 [Worker-5: Building] INFO  o.e.m.c.i.embedder.EclipseLogger - Copying 1 resource
2025-09-25 10:04:10,740 [Worker-9: Building] WARN  o.e.m.c.i.embedder.EclipseLogger - Using platform encoding (MS949 actually) to copy filtered resources, i.e. build is platform dependent!
2025-09-25 10:04:10,742 [Worker-9: Building] INFO  o.e.m.c.i.embedder.EclipseLogger - Copying 1 resource
2025-09-25 10:04:10,743 [Worker-9: Building] WARN  o.e.m.c.i.embedder.EclipseLogger - Using platform encoding (MS949 actually) to copy filtered resources, i.e. build is platform dependent!
2025-09-25 10:04:10,744 [Worker-9: Building] INFO  o.e.m.c.i.embedder.EclipseLogger - Copying 1 resource
2025-09-25 10:04:10,808 [Worker-9: Building] WARN  o.e.m.c.i.embedder.EclipseLogger - Using platform encoding (MS949 actually) to copy filtered resources, i.e. build is platform dependent!
2025-09-25 10:04:10,809 [Worker-9: Building] INFO  o.e.m.c.i.embedder.EclipseLogger - Copying 1 resource
2025-09-25 10:04:10,810 [Worker-9: Building] WARN  o.e.m.c.i.embedder.EclipseLogger - Using platform encoding (MS949 actually) to copy filtered resources, i.e. build is platform dependent!
2025-09-25 10:04:10,810 [Worker-9: Building] INFO  o.e.m.c.i.embedder.EclipseLogger - Copying 1 resource
2025-09-25 10:04:10,880 [Worker-9: Building] WARN  o.e.m.c.i.embedder.EclipseLogger - Using platform encoding (MS949 actually) to copy filtered resources, i.e. build is platform dependent!
2025-09-25 10:04:10,881 [Worker-9: Building] INFO  o.e.m.c.i.embedder.EclipseLogger - Copying 3 resources
2025-09-25 10:04:10,883 [Worker-9: Building] WARN  o.e.m.c.i.embedder.EclipseLogger - Using platform encoding (MS949 actually) to copy filtered resources, i.e. build is platform dependent!
2025-09-25 10:04:10,883 [Worker-9: Building] INFO  o.e.m.c.i.embedder.EclipseLogger - Copying 1 resource
2025-09-25 10:04:11,046 [Worker-9: Building] WARN  o.e.m.c.i.embedder.EclipseLogger - Using platform encoding (MS949 actually) to copy filtered resources, i.e. build is platform dependent!
2025-09-25 10:04:11,046 [Worker-9: Building] INFO  o.e.m.c.i.embedder.EclipseLogger - Copying 3 resources
2025-09-25 10:04:11,048 [Worker-9: Building] WARN  o.e.m.c.i.embedder.EclipseLogger - Using platform encoding (MS949 actually) to copy filtered resources, i.e. build is platform dependent!
2025-09-25 10:04:11,048 [Worker-9: Building] INFO  o.e.m.c.i.embedder.EclipseLogger - Copying 1 resource
2025-09-25 10:04:11,127 [Worker-9: Building] WARN  o.e.m.c.i.embedder.EclipseLogger - Using platform encoding (MS949 actually) to copy filtered resources, i.e. build is platform dependent!
2025-09-25 10:04:11,128 [Worker-9: Building] INFO  o.e.m.c.i.embedder.EclipseLogger - Copying 3 resources
2025-09-25 10:04:11,129 [Worker-9: Building] WARN  o.e.m.c.i.embedder.EclipseLogger - Using platform encoding (MS949 actually) to copy filtered resources, i.e. build is platform dependent!
2025-09-25 10:04:11,130 [Worker-9: Building] INFO  o.e.m.c.i.embedder.EclipseLogger - Copying 1 resource
2025-09-25 10:41:31,918 [Start Help Server] INFO  org.eclipse.jetty.server.Server - jetty-10.0.6; built: 2021-06-29T15:28:56.259Z; git: 37e7731b4b142a882d73974ff3bec78d621bd674; jvm 11.0.27+8-LTS-232
2025-09-25 10:41:31,945 [Start Help Server] INFO  o.e.j.s.s.DefaultSessionIdManager - Session workerName=node0
2025-09-25 10:41:31,974 [Start Help Server] INFO  o.e.j.server.handler.ContextHandler - Started o.e.j.s.ServletContextHandler@2e31b795{/help,null,AVAILABLE}
2025-09-25 10:41:31,989 [Start Help Server] INFO  o.e.jetty.server.AbstractConnector - Started ServerConnector@3e0885d0{HTTP/1.1, (http/1.1)}{127.0.0.1:4280}
2025-09-25 10:41:31,991 [Start Help Server] INFO  org.eclipse.jetty.server.Server - Started Server@7a8ee689{STARTING}[10.0.6,sto=0] @2320584ms
2025-09-25 10:47:52,562 [Worker-13: Building] WARN  o.e.m.c.i.embedder.EclipseLogger - Using platform encoding (MS949 actually) to copy filtered resources, i.e. build is platform dependent!
2025-09-25 10:47:52,568 [Worker-13: Building] INFO  o.e.m.c.i.embedder.EclipseLogger - Copying 3 resources
2025-09-25 10:47:52,570 [Worker-13: Building] WARN  o.e.m.c.i.embedder.EclipseLogger - Using platform encoding (MS949 actually) to copy filtered resources, i.e. build is platform dependent!
2025-09-25 10:47:52,571 [Worker-13: Building] INFO  o.e.m.c.i.embedder.EclipseLogger - Copying 0 resource
2025-09-25 11:16:02,267 [Worker-17: Building] WARN  o.e.m.c.i.embedder.EclipseLogger - Using platform encoding (MS949 actually) to copy filtered resources, i.e. build is platform dependent!
2025-09-25 11:16:02,269 [Worker-17: Building] INFO  o.e.m.c.i.embedder.EclipseLogger - Copying 3 resources
2025-09-25 11:16:02,270 [Worker-17: Building] WARN  o.e.m.c.i.embedder.EclipseLogger - Using platform encoding (MS949 actually) to copy filtered resources, i.e. build is platform dependent!
2025-09-25 11:16:02,271 [Worker-17: Building] INFO  o.e.m.c.i.embedder.EclipseLogger - Copying 0 resource
2025-09-25 11:16:08,939 [Worker-31: Building] WARN  o.e.m.c.i.embedder.EclipseLogger - Using platform encoding (MS949 actually) to copy filtered resources, i.e. build is platform dependent!
2025-09-25 11:16:08,940 [Worker-31: Building] INFO  o.e.m.c.i.embedder.EclipseLogger - Copying 3 resources
2025-09-25 11:16:08,941 [Worker-31: Building] WARN  o.e.m.c.i.embedder.EclipseLogger - Using platform encoding (MS949 actually) to copy filtered resources, i.e. build is platform dependent!
2025-09-25 11:16:08,942 [Worker-31: Building] INFO  o.e.m.c.i.embedder.EclipseLogger - Copying 0 resource
2025-09-25 11:16:11,231 [Worker-31: Building] WARN  o.e.m.c.i.embedder.EclipseLogger - Using platform encoding (MS949 actually) to copy filtered resources, i.e. build is platform dependent!
2025-09-25 11:16:11,232 [Worker-31: Building] INFO  o.e.m.c.i.embedder.EclipseLogger - Copying 3 resources
2025-09-25 11:16:11,233 [Worker-31: Building] WARN  o.e.m.c.i.embedder.EclipseLogger - Using platform encoding (MS949 actually) to copy filtered resources, i.e. build is platform dependent!
2025-09-25 11:16:11,234 [Worker-31: Building] INFO  o.e.m.c.i.embedder.EclipseLogger - Copying 0 resource
2025-09-25 11:16:13,447 [Worker-30: Building] WARN  o.e.m.c.i.embedder.EclipseLogger - Using platform encoding (MS949 actually) to copy filtered resources, i.e. build is platform dependent!
2025-09-25 11:16:13,449 [Worker-30: Building] INFO  o.e.m.c.i.embedder.EclipseLogger - Copying 3 resources
2025-09-25 11:16:13,450 [Worker-30: Building] WARN  o.e.m.c.i.embedder.EclipseLogger - Using platform encoding (MS949 actually) to copy filtered resources, i.e. build is platform dependent!
2025-09-25 11:16:13,451 [Worker-30: Building] INFO  o.e.m.c.i.embedder.EclipseLogger - Copying 0 resource
2025-09-25 11:19:21,160 [Worker-30: Building] WARN  o.e.m.c.i.embedder.EclipseLogger - Using platform encoding (MS949 actually) to copy filtered resources, i.e. build is platform dependent!
2025-09-25 11:19:21,162 [Worker-30: Building] INFO  o.e.m.c.i.embedder.EclipseLogger - Copying 0 resource
2025-09-25 11:19:21,162 [Worker-30: Building] WARN  o.e.m.c.i.embedder.EclipseLogger - Using platform encoding (MS949 actually) to copy filtered resources, i.e. build is platform dependent!
2025-09-25 11:19:21,162 [Worker-30: Building] INFO  o.e.m.c.i.embedder.EclipseLogger - Copying 0 resource
2025-09-25 11:21:04,234 [Worker-34: Building] WARN  o.e.m.c.i.embedder.EclipseLogger - Using platform encoding (MS949 actually) to copy filtered resources, i.e. build is platform dependent!
2025-09-25 11:21:04,236 [Worker-34: Building] INFO  o.e.m.c.i.embedder.EclipseLogger - Copying 3 resources
2025-09-25 11:21:04,237 [Worker-34: Building] WARN  o.e.m.c.i.embedder.EclipseLogger - Using platform encoding (MS949 actually) to copy filtered resources, i.e. build is platform dependent!
2025-09-25 11:21:04,237 [Worker-34: Building] INFO  o.e.m.c.i.embedder.EclipseLogger - Copying 0 resource
2025-09-25 11:25:40,549 [Worker-37: Building] WARN  o.e.m.c.i.embedder.EclipseLogger - Using platform encoding (MS949 actually) to copy filtered resources, i.e. build is platform dependent!
2025-09-25 11:25:40,551 [Worker-37: Building] INFO  o.e.m.c.i.embedder.EclipseLogger - Copying 3 resources
2025-09-25 11:25:40,553 [Worker-37: Building] WARN  o.e.m.c.i.embedder.EclipseLogger - Using platform encoding (MS949 actually) to copy filtered resources, i.e. build is platform dependent!
2025-09-25 11:25:40,553 [Worker-37: Building] INFO  o.e.m.c.i.embedder.EclipseLogger - Copying 0 resource
2025-09-25 11:26:20,269 [Worker-39: Building] WARN  o.e.m.c.i.embedder.EclipseLogger - Using platform encoding (MS949 actually) to copy filtered resources, i.e. build is platform dependent!
2025-09-25 11:26:20,270 [Worker-39: Building] INFO  o.e.m.c.i.embedder.EclipseLogger - Copying 3 resources
2025-09-25 11:26:20,271 [Worker-39: Building] WARN  o.e.m.c.i.embedder.EclipseLogger - Using platform encoding (MS949 actually) to copy filtered resources, i.e. build is platform dependent!
2025-09-25 11:26:20,272 [Worker-39: Building] INFO  o.e.m.c.i.embedder.EclipseLogger - Copying 0 resource
2025-09-25 11:26:52,218 [Worker-35: Building] WARN  o.e.m.c.i.embedder.EclipseLogger - Using platform encoding (MS949 actually) to copy filtered resources, i.e. build is platform dependent!
2025-09-25 11:26:52,219 [Worker-35: Building] INFO  o.e.m.c.i.embedder.EclipseLogger - Copying 3 resources
2025-09-25 11:26:52,220 [Worker-35: Building] WARN  o.e.m.c.i.embedder.EclipseLogger - Using platform encoding (MS949 actually) to copy filtered resources, i.e. build is platform dependent!
2025-09-25 11:26:52,220 [Worker-35: Building] INFO  o.e.m.c.i.embedder.EclipseLogger - Copying 0 resource
2025-09-25 11:34:00,902 [Worker-39: Building] WARN  o.e.m.c.i.embedder.EclipseLogger - Using platform encoding (MS949 actually) to copy filtered resources, i.e. build is platform dependent!
2025-09-25 11:34:00,902 [Worker-39: Building] INFO  o.e.m.c.i.embedder.EclipseLogger - Copying 0 resource
2025-09-25 11:34:00,904 [Worker-39: Building] WARN  o.e.m.c.i.embedder.EclipseLogger - Using platform encoding (MS949 actually) to copy filtered resources, i.e. build is platform dependent!
2025-09-25 11:34:00,904 [Worker-39: Building] INFO  o.e.m.c.i.embedder.EclipseLogger - Copying 0 resource
2025-09-25 11:36:45,717 [Worker-39: Building] WARN  o.e.m.c.i.embedder.EclipseLogger - Using platform encoding (MS949 actually) to copy filtered resources, i.e. build is platform dependent!
2025-09-25 11:36:45,718 [Worker-39: Building] INFO  o.e.m.c.i.embedder.EclipseLogger - Copying 0 resource
2025-09-25 11:36:45,718 [Worker-39: Building] WARN  o.e.m.c.i.embedder.EclipseLogger - Using platform encoding (MS949 actually) to copy filtered resources, i.e. build is platform dependent!
2025-09-25 11:36:45,719 [Worker-39: Building] INFO  o.e.m.c.i.embedder.EclipseLogger - Copying 0 resource
2025-09-25 11:37:36,620 [Worker-41: Building] WARN  o.e.m.c.i.embedder.EclipseLogger - Using platform encoding (MS949 actually) to copy filtered resources, i.e. build is platform dependent!
2025-09-25 11:37:36,621 [Worker-41: Building] INFO  o.e.m.c.i.embedder.EclipseLogger - Copying 0 resource
2025-09-25 11:37:36,621 [Worker-41: Building] WARN  o.e.m.c.i.embedder.EclipseLogger - Using platform encoding (MS949 actually) to copy filtered resources, i.e. build is platform dependent!
2025-09-25 11:37:36,622 [Worker-41: Building] INFO  o.e.m.c.i.embedder.EclipseLogger - Copying 0 resource
2025-09-25 11:38:12,118 [Worker-42: Building] WARN  o.e.m.c.i.embedder.EclipseLogger - Using platform encoding (MS949 actually) to copy filtered resources, i.e. build is platform dependent!
2025-09-25 11:38:12,119 [Worker-42: Building] INFO  o.e.m.c.i.embedder.EclipseLogger - Copying 3 resources
2025-09-25 11:38:12,120 [Worker-42: Building] WARN  o.e.m.c.i.embedder.EclipseLogger - Using platform encoding (MS949 actually) to copy filtered resources, i.e. build is platform dependent!
2025-09-25 11:38:12,120 [Worker-42: Building] INFO  o.e.m.c.i.embedder.EclipseLogger - Copying 0 resource
2025-09-25 11:38:38,492 [Worker-42: Building] WARN  o.e.m.c.i.embedder.EclipseLogger - Using platform encoding (MS949 actually) to copy filtered resources, i.e. build is platform dependent!
2025-09-25 11:38:38,493 [Worker-42: Building] INFO  o.e.m.c.i.embedder.EclipseLogger - Copying 0 resource
2025-09-25 11:38:38,494 [Worker-42: Building] WARN  o.e.m.c.i.embedder.EclipseLogger - Using platform encoding (MS949 actually) to copy filtered resources, i.e. build is platform dependent!
2025-09-25 11:38:38,494 [Worker-42: Building] INFO  o.e.m.c.i.embedder.EclipseLogger - Copying 0 resource
2025-09-25 11:40:13,257 [Worker-44: Building] WARN  o.e.m.c.i.embedder.EclipseLogger - Using platform encoding (MS949 actually) to copy filtered resources, i.e. build is platform dependent!
2025-09-25 11:40:13,258 [Worker-44: Building] INFO  o.e.m.c.i.embedder.EclipseLogger - Copying 3 resources
2025-09-25 11:40:13,265 [Worker-44: Building] WARN  o.e.m.c.i.embedder.EclipseLogger - Using platform encoding (MS949 actually) to copy filtered resources, i.e. build is platform dependent!
2025-09-25 11:40:13,266 [Worker-44: Building] INFO  o.e.m.c.i.embedder.EclipseLogger - Copying 0 resource
2025-09-25 11:40:40,075 [Worker-44: Building] WARN  o.e.m.c.i.embedder.EclipseLogger - Using platform encoding (MS949 actually) to copy filtered resources, i.e. build is platform dependent!
2025-09-25 11:40:40,076 [Worker-44: Building] INFO  o.e.m.c.i.embedder.EclipseLogger - Copying 3 resources
2025-09-25 11:40:40,077 [Worker-44: Building] WARN  o.e.m.c.i.embedder.EclipseLogger - Using platform encoding (MS949 actually) to copy filtered resources, i.e. build is platform dependent!
2025-09-25 11:40:40,077 [Worker-44: Building] INFO  o.e.m.c.i.embedder.EclipseLogger - Copying 0 resource
2025-09-25 11:40:45,556 [Worker-45: Building] WARN  o.e.m.c.i.embedder.EclipseLogger - Using platform encoding (MS949 actually) to copy filtered resources, i.e. build is platform dependent!
2025-09-25 11:40:45,558 [Worker-45: Building] INFO  o.e.m.c.i.embedder.EclipseLogger - Copying 3 resources
2025-09-25 11:40:45,562 [Worker-45: Building] WARN  o.e.m.c.i.embedder.EclipseLogger - Using platform encoding (MS949 actually) to copy filtered resources, i.e. build is platform dependent!
2025-09-25 11:40:45,563 [Worker-45: Building] INFO  o.e.m.c.i.embedder.EclipseLogger - Copying 0 resource
2025-09-25 11:43:31,746 [Worker-45: Building] WARN  o.e.m.c.i.embedder.EclipseLogger - Using platform encoding (MS949 actually) to copy filtered resources, i.e. build is platform dependent!
2025-09-25 11:43:31,747 [Worker-45: Building] INFO  o.e.m.c.i.embedder.EclipseLogger - Copying 0 resource
2025-09-25 11:43:31,748 [Worker-45: Building] WARN  o.e.m.c.i.embedder.EclipseLogger - Using platform encoding (MS949 actually) to copy filtered resources, i.e. build is platform dependent!
2025-09-25 11:43:31,748 [Worker-45: Building] INFO  o.e.m.c.i.embedder.EclipseLogger - Copying 0 resource
2025-09-25 11:44:42,694 [Worker-40: Building] WARN  o.e.m.c.i.embedder.EclipseLogger - Using platform encoding (MS949 actually) to copy filtered resources, i.e. build is platform dependent!
2025-09-25 11:44:42,696 [Worker-40: Building] INFO  o.e.m.c.i.embedder.EclipseLogger - Copying 3 resources
2025-09-25 11:44:42,698 [Worker-40: Building] WARN  o.e.m.c.i.embedder.EclipseLogger - Using platform encoding (MS949 actually) to copy filtered resources, i.e. build is platform dependent!
2025-09-25 11:44:42,699 [Worker-40: Building] INFO  o.e.m.c.i.embedder.EclipseLogger - Copying 0 resource
2025-09-25 13:12:55,509 [Worker-59: Building] WARN  o.e.m.c.i.embedder.EclipseLogger - Using platform encoding (MS949 actually) to copy filtered resources, i.e. build is platform dependent!
2025-09-25 13:12:55,510 [Worker-59: Building] INFO  o.e.m.c.i.embedder.EclipseLogger - Copying 3 resources
2025-09-25 13:12:55,512 [Worker-59: Building] WARN  o.e.m.c.i.embedder.EclipseLogger - Using platform encoding (MS949 actually) to copy filtered resources, i.e. build is platform dependent!
2025-09-25 13:12:55,513 [Worker-59: Building] INFO  o.e.m.c.i.embedder.EclipseLogger - Copying 0 resource
2025-09-25 13:22:51,403 [Worker-62: Building] WARN  o.e.m.c.i.embedder.EclipseLogger - Using platform encoding (MS949 actually) to copy filtered resources, i.e. build is platform dependent!
2025-09-25 13:22:51,404 [Worker-62: Building] INFO  o.e.m.c.i.embedder.EclipseLogger - Copying 0 resource
2025-09-25 13:22:51,404 [Worker-62: Building] WARN  o.e.m.c.i.embedder.EclipseLogger - Using platform encoding (MS949 actually) to copy filtered resources, i.e. build is platform dependent!
2025-09-25 13:22:51,406 [Worker-62: Building] INFO  o.e.m.c.i.embedder.EclipseLogger - Copying 0 resource
2025-09-25 13:23:04,290 [Worker-59: Building] WARN  o.e.m.c.i.embedder.EclipseLogger - Using platform encoding (MS949 actually) to copy filtered resources, i.e. build is platform dependent!
2025-09-25 13:23:04,291 [Worker-59: Building] INFO  o.e.m.c.i.embedder.EclipseLogger - Copying 0 resource
2025-09-25 13:23:04,292 [Worker-59: Building] WARN  o.e.m.c.i.embedder.EclipseLogger - Using platform encoding (MS949 actually) to copy filtered resources, i.e. build is platform dependent!
2025-09-25 13:23:04,292 [Worker-59: Building] INFO  o.e.m.c.i.embedder.EclipseLogger - Copying 0 resource
2025-09-25 13:23:12,860 [Worker-66: Building] WARN  o.e.m.c.i.embedder.EclipseLogger - Using platform encoding (MS949 actually) to copy filtered resources, i.e. build is platform dependent!
2025-09-25 13:23:12,861 [Worker-66: Building] INFO  o.e.m.c.i.embedder.EclipseLogger - Copying 0 resource
2025-09-25 13:23:12,862 [Worker-66: Building] WARN  o.e.m.c.i.embedder.EclipseLogger - Using platform encoding (MS949 actually) to copy filtered resources, i.e. build is platform dependent!
2025-09-25 13:23:12,862 [Worker-66: Building] INFO  o.e.m.c.i.embedder.EclipseLogger - Copying 0 resource
2025-09-25 13:25:56,718 [Worker-69: Building] WARN  o.e.m.c.i.embedder.EclipseLogger - Using platform encoding (MS949 actually) to copy filtered resources, i.e. build is platform dependent!
2025-09-25 13:25:56,718 [Worker-69: Building] INFO  o.e.m.c.i.embedder.EclipseLogger - Copying 0 resource
2025-09-25 13:25:56,719 [Worker-69: Building] WARN  o.e.m.c.i.embedder.EclipseLogger - Using platform encoding (MS949 actually) to copy filtered resources, i.e. build is platform dependent!
2025-09-25 13:25:56,719 [Worker-69: Building] INFO  o.e.m.c.i.embedder.EclipseLogger - Copying 0 resource
2025-09-25 13:28:08,207 [Worker-62: Building] WARN  o.e.m.c.i.embedder.EclipseLogger - Using platform encoding (MS949 actually) to copy filtered resources, i.e. build is platform dependent!
2025-09-25 13:28:08,209 [Worker-62: Building] INFO  o.e.m.c.i.embedder.EclipseLogger - Copying 3 resources
2025-09-25 13:28:08,210 [Worker-62: Building] WARN  o.e.m.c.i.embedder.EclipseLogger - Using platform encoding (MS949 actually) to copy filtered resources, i.e. build is platform dependent!
2025-09-25 13:28:08,210 [Worker-62: Building] INFO  o.e.m.c.i.embedder.EclipseLogger - Copying 0 resource
2025-09-25 13:30:42,372 [Worker-71: Building] WARN  o.e.m.c.i.embedder.EclipseLogger - Using platform encoding (MS949 actually) to copy filtered resources, i.e. build is platform dependent!
2025-09-25 13:30:42,373 [Worker-71: Building] INFO  o.e.m.c.i.embedder.EclipseLogger - Copying 3 resources
2025-09-25 13:30:42,375 [Worker-71: Building] WARN  o.e.m.c.i.embedder.EclipseLogger - Using platform encoding (MS949 actually) to copy filtered resources, i.e. build is platform dependent!
2025-09-25 13:30:42,375 [Worker-71: Building] INFO  o.e.m.c.i.embedder.EclipseLogger - Copying 0 resource
2025-09-25 13:31:35,678 [Worker-70: Building] WARN  o.e.m.c.i.embedder.EclipseLogger - Using platform encoding (MS949 actually) to copy filtered resources, i.e. build is platform dependent!
2025-09-25 13:31:35,681 [Worker-70: Building] INFO  o.e.m.c.i.embedder.EclipseLogger - Copying 3 resources
2025-09-25 13:31:35,684 [Worker-70: Building] WARN  o.e.m.c.i.embedder.EclipseLogger - Using platform encoding (MS949 actually) to copy filtered resources, i.e. build is platform dependent!
2025-09-25 13:31:35,685 [Worker-70: Building] INFO  o.e.m.c.i.embedder.EclipseLogger - Copying 0 resource
2025-09-25 13:34:13,168 [Worker-68: Building] WARN  o.e.m.c.i.embedder.EclipseLogger - Using platform encoding (MS949 actually) to copy filtered resources, i.e. build is platform dependent!
2025-09-25 13:34:13,170 [Worker-68: Building] INFO  o.e.m.c.i.embedder.EclipseLogger - Copying 3 resources
2025-09-25 13:34:13,170 [Worker-68: Building] WARN  o.e.m.c.i.embedder.EclipseLogger - Using platform encoding (MS949 actually) to copy filtered resources, i.e. build is platform dependent!
2025-09-25 13:34:13,171 [Worker-68: Building] INFO  o.e.m.c.i.embedder.EclipseLogger - Copying 0 resource
2025-09-25 13:36:32,193 [Worker-71: Building] WARN  o.e.m.c.i.embedder.EclipseLogger - Using platform encoding (MS949 actually) to copy filtered resources, i.e. build is platform dependent!
2025-09-25 13:36:32,194 [Worker-71: Building] INFO  o.e.m.c.i.embedder.EclipseLogger - Copying 0 resource
2025-09-25 13:36:32,195 [Worker-71: Building] WARN  o.e.m.c.i.embedder.EclipseLogger - Using platform encoding (MS949 actually) to copy filtered resources, i.e. build is platform dependent!
2025-09-25 13:36:32,196 [Worker-71: Building] INFO  o.e.m.c.i.embedder.EclipseLogger - Copying 0 resource
2025-09-25 13:38:51,520 [Worker-70: Building] WARN  o.e.m.c.i.embedder.EclipseLogger - Using platform encoding (MS949 actually) to copy filtered resources, i.e. build is platform dependent!
2025-09-25 13:38:51,521 [Worker-70: Building] INFO  o.e.m.c.i.embedder.EclipseLogger - Copying 3 resources
2025-09-25 13:38:51,523 [Worker-70: Building] WARN  o.e.m.c.i.embedder.EclipseLogger - Using platform encoding (MS949 actually) to copy filtered resources, i.e. build is platform dependent!
2025-09-25 13:38:51,524 [Worker-70: Building] INFO  o.e.m.c.i.embedder.EclipseLogger - Copying 0 resource
2025-09-25 13:38:59,861 [Worker-69: Building] WARN  o.e.m.c.i.embedder.EclipseLogger - Using platform encoding (MS949 actually) to copy filtered resources, i.e. build is platform dependent!
2025-09-25 13:38:59,862 [Worker-69: Building] INFO  o.e.m.c.i.embedder.EclipseLogger - Copying 3 resources
2025-09-25 13:38:59,863 [Worker-69: Building] WARN  o.e.m.c.i.embedder.EclipseLogger - Using platform encoding (MS949 actually) to copy filtered resources, i.e. build is platform dependent!
2025-09-25 13:38:59,864 [Worker-69: Building] INFO  o.e.m.c.i.embedder.EclipseLogger - Copying 0 resource
2025-09-25 13:39:29,679 [Worker-69: Building] WARN  o.e.m.c.i.embedder.EclipseLogger - Using platform encoding (MS949 actually) to copy filtered resources, i.e. build is platform dependent!
2025-09-25 13:39:29,681 [Worker-69: Building] INFO  o.e.m.c.i.embedder.EclipseLogger - Copying 3 resources
2025-09-25 13:39:29,682 [Worker-69: Building] WARN  o.e.m.c.i.embedder.EclipseLogger - Using platform encoding (MS949 actually) to copy filtered resources, i.e. build is platform dependent!
2025-09-25 13:39:29,682 [Worker-69: Building] INFO  o.e.m.c.i.embedder.EclipseLogger - Copying 0 resource
2025-09-25 13:40:55,140 [Worker-71: Building] WARN  o.e.m.c.i.embedder.EclipseLogger - Using platform encoding (MS949 actually) to copy filtered resources, i.e. build is platform dependent!
2025-09-25 13:40:55,142 [Worker-71: Building] INFO  o.e.m.c.i.embedder.EclipseLogger - Copying 3 resources
2025-09-25 13:40:55,143 [Worker-71: Building] WARN  o.e.m.c.i.embedder.EclipseLogger - Using platform encoding (MS949 actually) to copy filtered resources, i.e. build is platform dependent!
2025-09-25 13:40:55,143 [Worker-71: Building] INFO  o.e.m.c.i.embedder.EclipseLogger - Copying 0 resource
2025-09-25 13:41:15,057 [Worker-68: Building] WARN  o.e.m.c.i.embedder.EclipseLogger - Using platform encoding (MS949 actually) to copy filtered resources, i.e. build is platform dependent!
2025-09-25 13:41:15,057 [Worker-68: Building] INFO  o.e.m.c.i.embedder.EclipseLogger - Copying 0 resource
2025-09-25 13:41:15,058 [Worker-68: Building] WARN  o.e.m.c.i.embedder.EclipseLogger - Using platform encoding (MS949 actually) to copy filtered resources, i.e. build is platform dependent!
2025-09-25 13:41:15,058 [Worker-68: Building] INFO  o.e.m.c.i.embedder.EclipseLogger - Copying 0 resource
2025-09-25 13:41:23,935 [Worker-69: Building] WARN  o.e.m.c.i.embedder.EclipseLogger - Using platform encoding (MS949 actually) to copy filtered resources, i.e. build is platform dependent!
2025-09-25 13:41:23,935 [Worker-69: Building] INFO  o.e.m.c.i.embedder.EclipseLogger - Copying 0 resource
2025-09-25 13:41:23,937 [Worker-69: Building] WARN  o.e.m.c.i.embedder.EclipseLogger - Using platform encoding (MS949 actually) to copy filtered resources, i.e. build is platform dependent!
2025-09-25 13:41:23,938 [Worker-69: Building] INFO  o.e.m.c.i.embedder.EclipseLogger - Copying 0 resource
2025-09-25 13:45:34,367 [Worker-62: Building] WARN  o.e.m.c.i.embedder.EclipseLogger - Using platform encoding (MS949 actually) to copy filtered resources, i.e. build is platform dependent!
2025-09-25 13:45:34,368 [Worker-62: Building] INFO  o.e.m.c.i.embedder.EclipseLogger - Copying 0 resource
2025-09-25 13:45:34,368 [Worker-62: Building] WARN  o.e.m.c.i.embedder.EclipseLogger - Using platform encoding (MS949 actually) to copy filtered resources, i.e. build is platform dependent!
2025-09-25 13:45:34,369 [Worker-62: Building] INFO  o.e.m.c.i.embedder.EclipseLogger - Copying 0 resource
2025-09-25 14:07:59,417 [Worker-76: Building] WARN  o.e.m.c.i.embedder.EclipseLogger - Using platform encoding (MS949 actually) to copy filtered resources, i.e. build is platform dependent!
2025-09-25 14:07:59,418 [Worker-76: Building] INFO  o.e.m.c.i.embedder.EclipseLogger - Copying 0 resource
2025-09-25 14:07:59,418 [Worker-76: Building] WARN  o.e.m.c.i.embedder.EclipseLogger - Using platform encoding (MS949 actually) to copy filtered resources, i.e. build is platform dependent!
2025-09-25 14:07:59,419 [Worker-76: Building] INFO  o.e.m.c.i.embedder.EclipseLogger - Copying 0 resource
2025-09-25 14:08:20,582 [Worker-76: Building] WARN  o.e.m.c.i.embedder.EclipseLogger - Using platform encoding (MS949 actually) to copy filtered resources, i.e. build is platform dependent!
2025-09-25 14:08:20,583 [Worker-76: Building] INFO  o.e.m.c.i.embedder.EclipseLogger - Copying 3 resources
2025-09-25 14:08:20,584 [Worker-76: Building] WARN  o.e.m.c.i.embedder.EclipseLogger - Using platform encoding (MS949 actually) to copy filtered resources, i.e. build is platform dependent!
2025-09-25 14:08:20,585 [Worker-76: Building] INFO  o.e.m.c.i.embedder.EclipseLogger - Copying 0 resource
2025-09-25 14:12:19,184 [Worker-77: Building] WARN  o.e.m.c.i.embedder.EclipseLogger - Using platform encoding (MS949 actually) to copy filtered resources, i.e. build is platform dependent!
2025-09-25 14:12:19,185 [Worker-77: Building] INFO  o.e.m.c.i.embedder.EclipseLogger - Copying 3 resources
2025-09-25 14:12:19,186 [Worker-77: Building] WARN  o.e.m.c.i.embedder.EclipseLogger - Using platform encoding (MS949 actually) to copy filtered resources, i.e. build is platform dependent!
2025-09-25 14:12:19,186 [Worker-77: Building] INFO  o.e.m.c.i.embedder.EclipseLogger - Copying 0 resource
2025-09-25 14:23:22,992 [Worker-62: Building] WARN  o.e.m.c.i.embedder.EclipseLogger - Using platform encoding (MS949 actually) to copy filtered resources, i.e. build is platform dependent!
2025-09-25 14:23:22,993 [Worker-62: Building] INFO  o.e.m.c.i.embedder.EclipseLogger - Copying 3 resources
2025-09-25 14:23:22,994 [Worker-62: Building] WARN  o.e.m.c.i.embedder.EclipseLogger - Using platform encoding (MS949 actually) to copy filtered resources, i.e. build is platform dependent!
2025-09-25 14:23:22,995 [Worker-62: Building] INFO  o.e.m.c.i.embedder.EclipseLogger - Copying 0 resource
2025-09-25 14:23:55,164 [Worker-80: Building] WARN  o.e.m.c.i.embedder.EclipseLogger - Using platform encoding (MS949 actually) to copy filtered resources, i.e. build is platform dependent!
2025-09-25 14:23:55,165 [Worker-80: Building] INFO  o.e.m.c.i.embedder.EclipseLogger - Copying 3 resources
2025-09-25 14:23:55,166 [Worker-80: Building] WARN  o.e.m.c.i.embedder.EclipseLogger - Using platform encoding (MS949 actually) to copy filtered resources, i.e. build is platform dependent!
2025-09-25 14:23:55,166 [Worker-80: Building] INFO  o.e.m.c.i.embedder.EclipseLogger - Copying 0 resource
2025-09-25 14:27:11,370 [Worker-80: Building] WARN  o.e.m.c.i.embedder.EclipseLogger - Using platform encoding (MS949 actually) to copy filtered resources, i.e. build is platform dependent!
2025-09-25 14:27:11,372 [Worker-80: Building] INFO  o.e.m.c.i.embedder.EclipseLogger - Copying 3 resources
2025-09-25 14:27:11,373 [Worker-80: Building] WARN  o.e.m.c.i.embedder.EclipseLogger - Using platform encoding (MS949 actually) to copy filtered resources, i.e. build is platform dependent!
2025-09-25 14:27:11,374 [Worker-80: Building] INFO  o.e.m.c.i.embedder.EclipseLogger - Copying 0 resource
2025-09-25 14:35:05,903 [Worker-80: Building] WARN  o.e.m.c.i.embedder.EclipseLogger - Using platform encoding (MS949 actually) to copy filtered resources, i.e. build is platform dependent!
2025-09-25 14:35:05,905 [Worker-80: Building] INFO  o.e.m.c.i.embedder.EclipseLogger - Copying 3 resources
2025-09-25 14:35:05,906 [Worker-80: Building] WARN  o.e.m.c.i.embedder.EclipseLogger - Using platform encoding (MS949 actually) to copy filtered resources, i.e. build is platform dependent!
2025-09-25 14:35:05,906 [Worker-80: Building] INFO  o.e.m.c.i.embedder.EclipseLogger - Copying 0 resource
2025-09-25 14:40:58,103 [Worker-92: Building] WARN  o.e.m.c.i.embedder.EclipseLogger - Using platform encoding (MS949 actually) to copy filtered resources, i.e. build is platform dependent!
2025-09-25 14:40:58,105 [Worker-92: Building] INFO  o.e.m.c.i.embedder.EclipseLogger - Copying 3 resources
2025-09-25 14:40:58,106 [Worker-92: Building] WARN  o.e.m.c.i.embedder.EclipseLogger - Using platform encoding (MS949 actually) to copy filtered resources, i.e. build is platform dependent!
2025-09-25 14:40:58,106 [Worker-92: Building] INFO  o.e.m.c.i.embedder.EclipseLogger - Copying 0 resource
2025-09-25 14:44:19,276 [Worker-93: Building] WARN  o.e.m.c.i.embedder.EclipseLogger - Using platform encoding (MS949 actually) to copy filtered resources, i.e. build is platform dependent!
2025-09-25 14:44:19,277 [Worker-93: Building] INFO  o.e.m.c.i.embedder.EclipseLogger - Copying 3 resources
2025-09-25 14:44:19,278 [Worker-93: Building] WARN  o.e.m.c.i.embedder.EclipseLogger - Using platform encoding (MS949 actually) to copy filtered resources, i.e. build is platform dependent!
2025-09-25 14:44:19,278 [Worker-93: Building] INFO  o.e.m.c.i.embedder.EclipseLogger - Copying 0 resource
2025-09-25 14:48:26,613 [Worker-93: Building] WARN  o.e.m.c.i.embedder.EclipseLogger - Using platform encoding (MS949 actually) to copy filtered resources, i.e. build is platform dependent!
2025-09-25 14:48:26,614 [Worker-93: Building] INFO  o.e.m.c.i.embedder.EclipseLogger - Copying 3 resources
2025-09-25 14:48:26,615 [Worker-93: Building] WARN  o.e.m.c.i.embedder.EclipseLogger - Using platform encoding (MS949 actually) to copy filtered resources, i.e. build is platform dependent!
2025-09-25 14:48:26,615 [Worker-93: Building] INFO  o.e.m.c.i.embedder.EclipseLogger - Copying 0 resource
2025-09-25 14:48:32,653 [Worker-95: Building] WARN  o.e.m.c.i.embedder.EclipseLogger - Using platform encoding (MS949 actually) to copy filtered resources, i.e. build is platform dependent!
2025-09-25 14:48:32,655 [Worker-95: Building] INFO  o.e.m.c.i.embedder.EclipseLogger - Copying 3 resources
2025-09-25 14:48:32,656 [Worker-95: Building] WARN  o.e.m.c.i.embedder.EclipseLogger - Using platform encoding (MS949 actually) to copy filtered resources, i.e. build is platform dependent!
2025-09-25 14:48:32,657 [Worker-95: Building] INFO  o.e.m.c.i.embedder.EclipseLogger - Copying 0 resource
2025-09-25 14:48:52,637 [Worker-91: Building] WARN  o.e.m.c.i.embedder.EclipseLogger - Using platform encoding (MS949 actually) to copy filtered resources, i.e. build is platform dependent!
2025-09-25 14:48:52,638 [Worker-91: Building] INFO  o.e.m.c.i.embedder.EclipseLogger - Copying 3 resources
2025-09-25 14:48:52,638 [Worker-91: Building] WARN  o.e.m.c.i.embedder.EclipseLogger - Using platform encoding (MS949 actually) to copy filtered resources, i.e. build is platform dependent!
2025-09-25 14:48:52,639 [Worker-91: Building] INFO  o.e.m.c.i.embedder.EclipseLogger - Copying 0 resource
2025-09-25 14:51:31,236 [Worker-98: Building] WARN  o.e.m.c.i.embedder.EclipseLogger - Using platform encoding (MS949 actually) to copy filtered resources, i.e. build is platform dependent!
2025-09-25 14:51:31,237 [Worker-98: Building] INFO  o.e.m.c.i.embedder.EclipseLogger - Copying 3 resources
2025-09-25 14:51:31,239 [Worker-98: Building] WARN  o.e.m.c.i.embedder.EclipseLogger - Using platform encoding (MS949 actually) to copy filtered resources, i.e. build is platform dependent!
2025-09-25 14:51:31,239 [Worker-98: Building] INFO  o.e.m.c.i.embedder.EclipseLogger - Copying 0 resource
2025-09-25 14:51:39,511 [Worker-98: Building] WARN  o.e.m.c.i.embedder.EclipseLogger - Using platform encoding (MS949 actually) to copy filtered resources, i.e. build is platform dependent!
2025-09-25 14:51:39,512 [Worker-98: Building] INFO  o.e.m.c.i.embedder.EclipseLogger - Copying 3 resources
2025-09-25 14:51:39,514 [Worker-98: Building] WARN  o.e.m.c.i.embedder.EclipseLogger - Using platform encoding (MS949 actually) to copy filtered resources, i.e. build is platform dependent!
2025-09-25 14:51:39,514 [Worker-98: Building] INFO  o.e.m.c.i.embedder.EclipseLogger - Copying 0 resource
2025-09-25 15:03:35,117 [Worker-102: Building] WARN  o.e.m.c.i.embedder.EclipseLogger - Using platform encoding (MS949 actually) to copy filtered resources, i.e. build is platform dependent!
2025-09-25 15:03:35,118 [Worker-102: Building] INFO  o.e.m.c.i.embedder.EclipseLogger - Copying 3 resources
2025-09-25 15:03:35,120 [Worker-102: Building] WARN  o.e.m.c.i.embedder.EclipseLogger - Using platform encoding (MS949 actually) to copy filtered resources, i.e. build is platform dependent!
2025-09-25 15:03:35,120 [Worker-102: Building] INFO  o.e.m.c.i.embedder.EclipseLogger - Copying 0 resource
2025-09-25 15:06:35,416 [Worker-106: Building] WARN  o.e.m.c.i.embedder.EclipseLogger - Using platform encoding (MS949 actually) to copy filtered resources, i.e. build is platform dependent!
2025-09-25 15:06:35,417 [Worker-106: Building] INFO  o.e.m.c.i.embedder.EclipseLogger - Copying 3 resources
2025-09-25 15:06:35,418 [Worker-106: Building] WARN  o.e.m.c.i.embedder.EclipseLogger - Using platform encoding (MS949 actually) to copy filtered resources, i.e. build is platform dependent!
2025-09-25 15:06:35,418 [Worker-106: Building] INFO  o.e.m.c.i.embedder.EclipseLogger - Copying 0 resource
2025-09-25 15:16:09,003 [Worker-111: Building] WARN  o.e.m.c.i.embedder.EclipseLogger - Using platform encoding (MS949 actually) to copy filtered resources, i.e. build is platform dependent!
2025-09-25 15:16:09,004 [Worker-111: Building] INFO  o.e.m.c.i.embedder.EclipseLogger - Copying 0 resource
2025-09-25 15:16:09,005 [Worker-111: Building] WARN  o.e.m.c.i.embedder.EclipseLogger - Using platform encoding (MS949 actually) to copy filtered resources, i.e. build is platform dependent!
2025-09-25 15:16:09,005 [Worker-111: Building] INFO  o.e.m.c.i.embedder.EclipseLogger - Copying 0 resource
2025-09-25 15:17:31,443 [Worker-111: Building] WARN  o.e.m.c.i.embedder.EclipseLogger - Using platform encoding (MS949 actually) to copy filtered resources, i.e. build is platform dependent!
2025-09-25 15:17:31,443 [Worker-111: Building] INFO  o.e.m.c.i.embedder.EclipseLogger - Copying 0 resource
2025-09-25 15:17:31,444 [Worker-111: Building] WARN  o.e.m.c.i.embedder.EclipseLogger - Using platform encoding (MS949 actually) to copy filtered resources, i.e. build is platform dependent!
2025-09-25 15:17:31,444 [Worker-111: Building] INFO  o.e.m.c.i.embedder.EclipseLogger - Copying 0 resource
2025-09-25 15:32:43,821 [Worker-114: Building] WARN  o.e.m.c.i.embedder.EclipseLogger - Using platform encoding (MS949 actually) to copy filtered resources, i.e. build is platform dependent!
2025-09-25 15:32:43,822 [Worker-114: Building] INFO  o.e.m.c.i.embedder.EclipseLogger - Copying 0 resource
2025-09-25 15:32:43,823 [Worker-114: Building] WARN  o.e.m.c.i.embedder.EclipseLogger - Using platform encoding (MS949 actually) to copy filtered resources, i.e. build is platform dependent!
2025-09-25 15:32:43,823 [Worker-114: Building] INFO  o.e.m.c.i.embedder.EclipseLogger - Copying 0 resource
2025-09-25 15:32:48,970 [Worker-115: Building] WARN  o.e.m.c.i.embedder.EclipseLogger - Using platform encoding (MS949 actually) to copy filtered resources, i.e. build is platform dependent!
2025-09-25 15:32:48,971 [Worker-115: Building] INFO  o.e.m.c.i.embedder.EclipseLogger - Copying 0 resource
2025-09-25 15:32:48,972 [Worker-115: Building] WARN  o.e.m.c.i.embedder.EclipseLogger - Using platform encoding (MS949 actually) to copy filtered resources, i.e. build is platform dependent!
2025-09-25 15:32:48,972 [Worker-115: Building] INFO  o.e.m.c.i.embedder.EclipseLogger - Copying 0 resource
2025-09-25 15:33:40,340 [Worker-114: Building] WARN  o.e.m.c.i.embedder.EclipseLogger - Using platform encoding (MS949 actually) to copy filtered resources, i.e. build is platform dependent!
2025-09-25 15:33:40,341 [Worker-114: Building] INFO  o.e.m.c.i.embedder.EclipseLogger - Copying 0 resource
2025-09-25 15:33:40,342 [Worker-114: Building] WARN  o.e.m.c.i.embedder.EclipseLogger - Using platform encoding (MS949 actually) to copy filtered resources, i.e. build is platform dependent!
2025-09-25 15:33:40,342 [Worker-114: Building] INFO  o.e.m.c.i.embedder.EclipseLogger - Copying 0 resource
2025-09-25 15:39:57,201 [Worker-119: Building] WARN  o.e.m.c.i.embedder.EclipseLogger - Using platform encoding (MS949 actually) to copy filtered resources, i.e. build is platform dependent!
2025-09-25 15:39:57,202 [Worker-119: Building] INFO  o.e.m.c.i.embedder.EclipseLogger - Copying 0 resource
2025-09-25 15:39:57,202 [Worker-119: Building] WARN  o.e.m.c.i.embedder.EclipseLogger - Using platform encoding (MS949 actually) to copy filtered resources, i.e. build is platform dependent!
2025-09-25 15:39:57,202 [Worker-119: Building] INFO  o.e.m.c.i.embedder.EclipseLogger - Copying 0 resource
2025-09-25 15:42:11,501 [Worker-124: Building] WARN  o.e.m.c.i.embedder.EclipseLogger - Using platform encoding (MS949 actually) to copy filtered resources, i.e. build is platform dependent!
2025-09-25 15:42:11,502 [Worker-124: Building] INFO  o.e.m.c.i.embedder.EclipseLogger - Copying 0 resource
2025-09-25 15:42:11,502 [Worker-124: Building] WARN  o.e.m.c.i.embedder.EclipseLogger - Using platform encoding (MS949 actually) to copy filtered resources, i.e. build is platform dependent!
2025-09-25 15:42:11,503 [Worker-124: Building] INFO  o.e.m.c.i.embedder.EclipseLogger - Copying 0 resource
2025-09-25 15:43:36,763 [Worker-119: Building] WARN  o.e.m.c.i.embedder.EclipseLogger - Using platform encoding (MS949 actually) to copy filtered resources, i.e. build is platform dependent!
2025-09-25 15:43:36,764 [Worker-119: Building] INFO  o.e.m.c.i.embedder.EclipseLogger - Copying 0 resource
2025-09-25 15:43:36,764 [Worker-119: Building] WARN  o.e.m.c.i.embedder.EclipseLogger - Using platform encoding (MS949 actually) to copy filtered resources, i.e. build is platform dependent!
2025-09-25 15:43:36,765 [Worker-119: Building] INFO  o.e.m.c.i.embedder.EclipseLogger - Copying 0 resource
2025-09-25 15:43:57,417 [Worker-125: Building] WARN  o.e.m.c.i.embedder.EclipseLogger - Using platform encoding (MS949 actually) to copy filtered resources, i.e. build is platform dependent!
2025-09-25 15:43:57,418 [Worker-125: Building] INFO  o.e.m.c.i.embedder.EclipseLogger - Copying 0 resource
2025-09-25 15:43:57,418 [Worker-125: Building] WARN  o.e.m.c.i.embedder.EclipseLogger - Using platform encoding (MS949 actually) to copy filtered resources, i.e. build is platform dependent!
2025-09-25 15:43:57,419 [Worker-125: Building] INFO  o.e.m.c.i.embedder.EclipseLogger - Copying 0 resource
2025-09-25 15:50:36,388 [Worker-123: Building Workspace] WARN  o.e.m.c.i.embedder.EclipseLogger - Using platform encoding (MS949 actually) to copy filtered resources, i.e. build is platform dependent!
2025-09-25 15:50:36,389 [Worker-123: Building Workspace] INFO  o.e.m.c.i.embedder.EclipseLogger - Copying 3 resources
2025-09-25 15:50:36,390 [Worker-123: Building Workspace] WARN  o.e.m.c.i.embedder.EclipseLogger - Using platform encoding (MS949 actually) to copy filtered resources, i.e. build is platform dependent!
2025-09-25 15:50:36,390 [Worker-123: Building Workspace] INFO  o.e.m.c.i.embedder.EclipseLogger - Copying 0 resource
2025-09-25 15:50:47,523 [Worker-128: Building] WARN  o.e.m.c.i.embedder.EclipseLogger - Using platform encoding (MS949 actually) to copy filtered resources, i.e. build is platform dependent!
2025-09-25 15:50:47,524 [Worker-128: Building] INFO  o.e.m.c.i.embedder.EclipseLogger - Copying 0 resource
2025-09-25 15:50:47,525 [Worker-128: Building] WARN  o.e.m.c.i.embedder.EclipseLogger - Using platform encoding (MS949 actually) to copy filtered resources, i.e. build is platform dependent!
2025-09-25 15:50:47,525 [Worker-128: Building] INFO  o.e.m.c.i.embedder.EclipseLogger - Copying 0 resource
2025-09-25 15:51:02,686 [Worker-126: Building] WARN  o.e.m.c.i.embedder.EclipseLogger - Using platform encoding (MS949 actually) to copy filtered resources, i.e. build is platform dependent!
2025-09-25 15:51:02,687 [Worker-126: Building] INFO  o.e.m.c.i.embedder.EclipseLogger - Copying 3 resources
2025-09-25 15:51:02,688 [Worker-126: Building] WARN  o.e.m.c.i.embedder.EclipseLogger - Using platform encoding (MS949 actually) to copy filtered resources, i.e. build is platform dependent!
2025-09-25 15:51:02,688 [Worker-126: Building] INFO  o.e.m.c.i.embedder.EclipseLogger - Copying 0 resource
2025-09-25 16:04:22,381 [Worker-131: Building] WARN  o.e.m.c.i.embedder.EclipseLogger - Using platform encoding (MS949 actually) to copy filtered resources, i.e. build is platform dependent!
2025-09-25 16:04:22,381 [Worker-131: Building] INFO  o.e.m.c.i.embedder.EclipseLogger - Copying 0 resource
2025-09-25 16:04:22,382 [Worker-131: Building] WARN  o.e.m.c.i.embedder.EclipseLogger - Using platform encoding (MS949 actually) to copy filtered resources, i.e. build is platform dependent!
2025-09-25 16:04:22,382 [Worker-131: Building] INFO  o.e.m.c.i.embedder.EclipseLogger - Copying 0 resource
2025-09-25 16:06:25,108 [Worker-133: Building] WARN  o.e.m.c.i.embedder.EclipseLogger - Using platform encoding (MS949 actually) to copy filtered resources, i.e. build is platform dependent!
2025-09-25 16:06:25,108 [Worker-133: Building] INFO  o.e.m.c.i.embedder.EclipseLogger - Copying 3 resources
2025-09-25 16:06:25,110 [Worker-133: Building] WARN  o.e.m.c.i.embedder.EclipseLogger - Using platform encoding (MS949 actually) to copy filtered resources, i.e. build is platform dependent!
2025-09-25 16:06:25,110 [Worker-133: Building] INFO  o.e.m.c.i.embedder.EclipseLogger - Copying 0 resource
2025-09-25 16:07:34,069 [Worker-132: Building] WARN  o.e.m.c.i.embedder.EclipseLogger - Using platform encoding (MS949 actually) to copy filtered resources, i.e. build is platform dependent!
2025-09-25 16:07:34,070 [Worker-132: Building] INFO  o.e.m.c.i.embedder.EclipseLogger - Copying 3 resources
2025-09-25 16:07:34,072 [Worker-132: Building] WARN  o.e.m.c.i.embedder.EclipseLogger - Using platform encoding (MS949 actually) to copy filtered resources, i.e. build is platform dependent!
2025-09-25 16:07:34,072 [Worker-132: Building] INFO  o.e.m.c.i.embedder.EclipseLogger - Copying 0 resource
2025-09-25 16:07:44,773 [Worker-131: Building] WARN  o.e.m.c.i.embedder.EclipseLogger - Using platform encoding (MS949 actually) to copy filtered resources, i.e. build is platform dependent!
2025-09-25 16:07:44,774 [Worker-131: Building] INFO  o.e.m.c.i.embedder.EclipseLogger - Copying 3 resources
2025-09-25 16:07:44,775 [Worker-131: Building] WARN  o.e.m.c.i.embedder.EclipseLogger - Using platform encoding (MS949 actually) to copy filtered resources, i.e. build is platform dependent!
2025-09-25 16:07:44,775 [Worker-131: Building] INFO  o.e.m.c.i.embedder.EclipseLogger - Copying 0 resource
2025-09-25 16:11:26,626 [Worker-130: Building] WARN  o.e.m.c.i.embedder.EclipseLogger - Using platform encoding (MS949 actually) to copy filtered resources, i.e. build is platform dependent!
2025-09-25 16:11:26,627 [Worker-130: Building] INFO  o.e.m.c.i.embedder.EclipseLogger - Copying 3 resources
2025-09-25 16:11:26,628 [Worker-130: Building] WARN  o.e.m.c.i.embedder.EclipseLogger - Using platform encoding (MS949 actually) to copy filtered resources, i.e. build is platform dependent!
2025-09-25 16:11:26,629 [Worker-130: Building] INFO  o.e.m.c.i.embedder.EclipseLogger - Copying 0 resource
2025-09-25 16:15:30,802 [Worker-136: Building] WARN  o.e.m.c.i.embedder.EclipseLogger - Using platform encoding (MS949 actually) to copy filtered resources, i.e. build is platform dependent!
2025-09-25 16:15:30,803 [Worker-136: Building] INFO  o.e.m.c.i.embedder.EclipseLogger - Copying 3 resources
2025-09-25 16:15:30,805 [Worker-136: Building] WARN  o.e.m.c.i.embedder.EclipseLogger - Using platform encoding (MS949 actually) to copy filtered resources, i.e. build is platform dependent!
2025-09-25 16:15:30,805 [Worker-136: Building] INFO  o.e.m.c.i.embedder.EclipseLogger - Copying 0 resource
2025-09-25 16:16:55,396 [Worker-134: Building] WARN  o.e.m.c.i.embedder.EclipseLogger - Using platform encoding (MS949 actually) to copy filtered resources, i.e. build is platform dependent!
2025-09-25 16:16:55,397 [Worker-134: Building] INFO  o.e.m.c.i.embedder.EclipseLogger - Copying 3 resources
2025-09-25 16:16:55,398 [Worker-134: Building] WARN  o.e.m.c.i.embedder.EclipseLogger - Using platform encoding (MS949 actually) to copy filtered resources, i.e. build is platform dependent!
2025-09-25 16:16:55,398 [Worker-134: Building] INFO  o.e.m.c.i.embedder.EclipseLogger - Copying 0 resource
2025-09-25 16:21:18,541 [Worker-130: Building] WARN  o.e.m.c.i.embedder.EclipseLogger - Using platform encoding (MS949 actually) to copy filtered resources, i.e. build is platform dependent!
2025-09-25 16:21:18,542 [Worker-130: Building] INFO  o.e.m.c.i.embedder.EclipseLogger - Copying 0 resource
2025-09-25 16:21:18,542 [Worker-130: Building] WARN  o.e.m.c.i.embedder.EclipseLogger - Using platform encoding (MS949 actually) to copy filtered resources, i.e. build is platform dependent!
2025-09-25 16:21:18,543 [Worker-130: Building] INFO  o.e.m.c.i.embedder.EclipseLogger - Copying 0 resource
2025-09-25 17:07:34,593 [Worker-144: Building] WARN  o.e.m.c.i.embedder.EclipseLogger - Using platform encoding (MS949 actually) to copy filtered resources, i.e. build is platform dependent!
2025-09-25 17:07:34,595 [Worker-144: Building] INFO  o.e.m.c.i.embedder.EclipseLogger - Copying 0 resource
2025-09-25 17:07:34,596 [Worker-144: Building] WARN  o.e.m.c.i.embedder.EclipseLogger - Using platform encoding (MS949 actually) to copy filtered resources, i.e. build is platform dependent!
2025-09-25 17:07:34,597 [Worker-144: Building] INFO  o.e.m.c.i.embedder.EclipseLogger - Copying 0 resource
2025-09-25 17:07:53,608 [Worker-144: Building] WARN  o.e.m.c.i.embedder.EclipseLogger - Using platform encoding (MS949 actually) to copy filtered resources, i.e. build is platform dependent!
2025-09-25 17:07:53,610 [Worker-144: Building] INFO  o.e.m.c.i.embedder.EclipseLogger - Copying 4 resources
2025-09-25 17:07:53,615 [Worker-144: Building] WARN  o.e.m.c.i.embedder.EclipseLogger - Using platform encoding (MS949 actually) to copy filtered resources, i.e. build is platform dependent!
2025-09-25 17:07:53,617 [Worker-144: Building] INFO  o.e.m.c.i.embedder.EclipseLogger - Copying 0 resource
2025-09-25 17:11:52,139 [Worker-146: Building] WARN  o.e.m.c.i.embedder.EclipseLogger - Using platform encoding (MS949 actually) to copy filtered resources, i.e. build is platform dependent!
2025-09-25 17:11:52,139 [Worker-146: Building] INFO  o.e.m.c.i.embedder.EclipseLogger - Copying 1 resource
2025-09-25 17:11:52,144 [Worker-146: Building] WARN  o.e.m.c.i.embedder.EclipseLogger - Using platform encoding (MS949 actually) to copy filtered resources, i.e. build is platform dependent!
2025-09-25 17:11:52,144 [Worker-146: Building] INFO  o.e.m.c.i.embedder.EclipseLogger - Copying 0 resource
2025-09-25 17:43:52,921 [Worker-153: Building] INFO  o.e.m.c.i.l.LifecycleMappingFactory - Using org.maven.ide.eclipse.wtp.WarLifecycleMapping lifecycle mapping for MavenProject: com.spring_mvc:mybatis:1.0.0-BUILD-SNAPSHOT @ D:\Spring\springWorkspace\spring_mvc_mybatisAjax\pom.xml.
2025-09-25 17:43:53,700 [Worker-153: Building] WARN  o.e.m.c.i.embedder.EclipseLogger - Using platform encoding (MS949 actually) to copy filtered resources, i.e. build is platform dependent!
2025-09-25 17:43:53,701 [Worker-153: Building] INFO  o.e.m.c.i.embedder.EclipseLogger - Copying 4 resources
2025-09-25 17:43:53,708 [Worker-153: Building] WARN  o.e.m.c.i.embedder.EclipseLogger - Using platform encoding (MS949 actually) to copy filtered resources, i.e. build is platform dependent!
2025-09-25 17:43:53,709 [Worker-153: Building] INFO  o.e.m.c.i.embedder.EclipseLogger - Copying 1 resource
2025-09-25 17:43:55,225 [Worker-151: Building] WARN  o.e.m.c.i.embedder.EclipseLogger - Using platform encoding (MS949 actually) to copy filtered resources, i.e. build is platform dependent!
2025-09-25 17:43:55,226 [Worker-151: Building] INFO  o.e.m.c.i.embedder.EclipseLogger - Copying 4 resources
2025-09-25 17:43:55,234 [Worker-151: Building] WARN  o.e.m.c.i.embedder.EclipseLogger - Using platform encoding (MS949 actually) to copy filtered resources, i.e. build is platform dependent!
2025-09-25 17:43:55,235 [Worker-151: Building] INFO  o.e.m.c.i.embedder.EclipseLogger - Copying 1 resource
2025-09-25 17:44:58,751 [Worker-155: Building] INFO  o.e.m.c.i.l.LifecycleMappingFactory - Using org.maven.ide.eclipse.wtp.WarLifecycleMapping lifecycle mapping for MavenProject: com.spring_mvc:mybatisAjax:1.0.0-BUILD-SNAPSHOT @ D:\Spring\springWorkspace\spring_mvc_mybatisAjax\pom.xml.
2025-09-25 17:44:58,886 [Worker-155: Building] WARN  o.e.m.c.i.embedder.EclipseLogger - Using platform encoding (MS949 actually) to copy filtered resources, i.e. build is platform dependent!
2025-09-25 17:44:58,887 [Worker-155: Building] INFO  o.e.m.c.i.embedder.EclipseLogger - Copying 0 resource
2025-09-25 17:44:58,888 [Worker-155: Building] WARN  o.e.m.c.i.embedder.EclipseLogger - Using platform encoding (MS949 actually) to copy filtered resources, i.e. build is platform dependent!
2025-09-25 17:44:58,888 [Worker-155: Building] INFO  o.e.m.c.i.embedder.EclipseLogger - Copying 0 resource
2025-09-25 17:44:58,890 [Worker-155: Building] INFO  o.e.m.w.i.f.ResourceFilteringBuildParticipant - Changed resources require a complete clean of filtered resources of spring_mvc_mybatisAjax
2025-09-25 17:44:58,890 [Worker-155: Building] INFO  o.e.m.w.i.f.ResourceFilteringBuildParticipant - Executing resource filtering for spring_mvc_mybatisAjax
2025-09-25 17:44:58,894 [Worker-155: Building] WARN  o.e.m.c.i.embedder.EclipseLogger - Using platform encoding (MS949 actually) to copy filtered resources, i.e. build is platform dependent!
2025-09-25 17:45:43,935 [Worker-151: Building] WARN  o.e.m.c.i.embedder.EclipseLogger - Using platform encoding (MS949 actually) to copy filtered resources, i.e. build is platform dependent!
2025-09-25 17:45:43,935 [Worker-151: Building] INFO  o.e.m.c.i.embedder.EclipseLogger - Copying 0 resource
2025-09-25 17:45:43,937 [Worker-151: Building] WARN  o.e.m.c.i.embedder.EclipseLogger - Using platform encoding (MS949 actually) to copy filtered resources, i.e. build is platform dependent!
2025-09-25 17:45:43,937 [Worker-151: Building] INFO  o.e.m.c.i.embedder.EclipseLogger - Copying 0 resource
2025-09-25 17:48:30,792 [Worker-157: Updating Maven Project] INFO  o.e.m.c.i.p.ProjectConfigurationManager - Update started
2025-09-25 17:48:30,806 [Worker-157: Updating Maven Project] ERROR o.e.m.c.i.URLConnectionCaches - Unexpected URLConnection defaultUseCaches enabled
2025-09-25 17:48:30,927 [Worker-157: Updating Maven Project] INFO  o.e.m.c.i.l.LifecycleMappingFactory - Using org.maven.ide.eclipse.wtp.WarLifecycleMapping lifecycle mapping for MavenProject: com.spring_mvc:mybatisAjax:1.0.0-BUILD-SNAPSHOT @ D:\Spring\springWorkspace\spring_mvc_mybatisAjax\pom.xml.
2025-09-25 17:48:31,038 [Worker-157: Updating Maven Project] ERROR o.e.m.c.i.URLConnectionCaches - Unexpected URLConnection defaultUseCaches enabled
2025-09-25 17:48:31,042 [Worker-157: Updating Maven Project] INFO  o.e.m.j.i.AbstractJavaProjectConfigurator - Adding source folder /spring_mvc_mybatisAjax/src/main/java
2025-09-25 17:48:31,042 [Worker-157: Updating Maven Project] INFO  o.e.m.j.i.AbstractJavaProjectConfigurator - Adding resource folder /spring_mvc_mybatisAjax/src/main/resources
2025-09-25 17:48:31,043 [Worker-157: Updating Maven Project] INFO  o.e.m.j.i.AbstractJavaProjectConfigurator - Adding source folder /spring_mvc_mybatisAjax/src/test/java
2025-09-25 17:48:31,043 [Worker-157: Updating Maven Project] INFO  o.e.m.j.i.AbstractJavaProjectConfigurator - Adding resource folder /spring_mvc_mybatisAjax/src/test/resources
2025-09-25 17:48:31,504 [Worker-157: Updating Maven Project] INFO  o.e.m.c.i.p.ProjectConfigurationManager - Update completed: 0 sec
2025-09-25 17:48:31,857 [Worker-155: Building] ERROR o.e.m.c.i.URLConnectionCaches - Unexpected URLConnection defaultUseCaches enabled
2025-09-25 17:48:31,859 [Worker-155: Building] WARN  o.e.m.c.i.embedder.EclipseLogger - Using platform encoding (MS949 actually) to copy filtered resources, i.e. build is platform dependent!
2025-09-25 17:48:31,861 [Worker-155: Building] INFO  o.e.m.c.i.embedder.EclipseLogger - Copying 4 resources
2025-09-25 17:48:31,867 [Worker-155: Building] WARN  o.e.m.c.i.embedder.EclipseLogger - Using platform encoding (MS949 actually) to copy filtered resources, i.e. build is platform dependent!
2025-09-25 17:48:31,868 [Worker-155: Building] INFO  o.e.m.c.i.embedder.EclipseLogger - Copying 1 resource
2025-09-25 17:48:31,870 [Worker-155: Building] INFO  o.e.m.w.i.f.ResourceFilteringBuildParticipant - Changed resources require a complete clean of filtered resources of spring_mvc_mybatisAjax
2025-09-25 17:48:31,870 [Worker-155: Building] INFO  o.e.m.w.i.f.ResourceFilteringBuildParticipant - Executing resource filtering for spring_mvc_mybatisAjax
2025-09-25 17:48:31,872 [Worker-155: Building] WARN  o.e.m.c.i.embedder.EclipseLogger - Using platform encoding (MS949 actually) to copy filtered resources, i.e. build is platform dependent!
2025-09-25 17:48:46,702 [Stop Help Server] INFO  org.eclipse.jetty.server.Server - Stopped Server@7a8ee689{STOPPING}[10.0.6,sto=0]
2025-09-25 17:48:46,709 [Stop Help Server] INFO  o.e.jetty.server.AbstractConnector - Stopped ServerConnector@3e0885d0{HTTP/1.1, (http/1.1)}{127.0.0.1:0}
2025-09-25 17:48:46,718 [Stop Help Server] INFO  o.e.j.server.handler.ContextHandler - Stopped o.e.j.s.ServletContextHandler@2e31b795{/help,null,STOPPED}
